"港口航运	https://finance.eastmoney.com/a/202412313283776042.html	港口航运板块异动 厦门港务拉升涨停	南方财经12月31日电，港口航运板块异动，厦门港务拉升涨停，盛航股份涨超7%，青岛港、凤凰航运、中远海特上涨。",,,
"港口航运	https://finance.eastmoney.com/a/202412313283764625.html	港口航运板块异动 厦门港务拉升涨停	港口航运板块异动，厦门港务拉升涨停，盛航股份涨超7%，青岛港、凤凰航运、中远海特上涨。",,,
"港口航运	https://finance.eastmoney.com/a/202411253249377780.html	港口航运板块冲高，南京港涨停	每经AI快讯， 港口航运板块冲高，南京港涨停，中远海特涨超5%，重庆港、连云港、宁波港等上涨。",,,
"港口航运	https://finance.eastmoney.com/a/202412283281731728.html	象屿集团党委副书记、总裁邓启东一行拜访招商局集团	12月26日，象屿集团党委副书记、总裁邓启东率队赴深圳拜访招商局集团有限公司，与招商局集团党委委员、副总经理邓仁杰深入交流。邓仁杰表示，希望双方在已有业务的基础上，围绕各板块产业所需共同发力，深化全方位交流合作。邓启东表示，当前正值招商局全面推进“第三次创业”之际，象屿期待以此为新起点，充分发挥象屿在大宗商品供应链、城市开发运营、综合金融服务、港口航运等领域的核心优势，进一步加强战略协同，拓展合作领域，深化特色创新业务合作，携手开创互利共赢的新局面。  ",,,
"港口航运	https://finance.eastmoney.com/a/202412193273338217.html	中远海运旗下海南投资公司增资至35.6亿元	""天眼查App显示，12月18日，海南中远海运投资有限公司发生工商变更，注册资本由约23亿人民币增至约35.6亿人民币，增幅约55%。",,,
,,,
"　　该公司成立于2019年5月，法定代表人为高勇军，经营范围为港口航运投资、商务咨询、企业管理及咨询、人力资源管理及咨询、财税顾问、经济信息咨询、信息技术咨询、投资咨询服务、信息服务。股东信息显示，该公司由中远海运（香港）有限公司全资持股。""",,,
"港口航运	https://finance.eastmoney.com/a/202412313284015377.html	“推进区域海洋经济互联互通――RCEP区域海洋经济青年对话”在海口召开	""为落实中央经济工作会议关于“大力发展海洋经济”的精神，深入研究讨论和推动区域海洋经济合作，日前，以“推进区域海洋经济互联互通”为主题的RCEP区域海洋经济青年对话在海口召开。",,,
,,,
　　21世纪是海洋的世纪。当前，蓝色经济正呈现快速发展的态势，成为各涉海经济体的“蓝色引擎”。《区域全面经济伙伴关系协定》（RCEP）正式实施后，蓝色经济发展成为推动RCEP区域乃至全球经济增长的重要动力。,,,
,,,
　　在开幕式上，海南省委常委，省政府党组副书记、常务副省长巴特尔，中国海洋发展基金会理事长吕滨，中国（海南）改革发展研究院院长迟福林发表致辞。,,,
,,,
　　“海洋经济互联互通不仅能够促进区域内各国的经济合作与发展，还有助于增强区域内国家的整体应对能力，是实现海洋和人类可持续发展的必然选择。”中国海洋发展基金会理事长吕滨指出，一是要建立长效的区域协作机制，为推动区域经济互联互通提供制度保障。二是要构建蓝色经济伙伴关系，不断增进经济合作平等互信。三是要充分激发青年的创新活力与创业热情，为区域经济发展输入不竭动力。,,,
,,,
　　中国（海南）改革发展研究院院长迟福林建议，要以港口为重点推进中国-东盟海洋基础设施互联互通，实现“硬联通”；以邮轮旅游为重点推进中国-东盟海洋产业互联互通进程，实现“产联通”；以可再生能源为重点实现中国-东盟能源开发互联互通，实现“能源联通”；以规则、标准对接为重点推进中国-东盟蓝色经济一体化进程，实现“软联通”。,,,
,,,
　　“要以海洋经济互联互通走出一条‘以合作引领治理’的新路子,促进形成‘以合作引领治理’的新格局。充分发挥以东盟为主体的RCEP的作用，形成以合作为基础的区域海洋治理新局面；中国自主推进海洋经济领域向东盟的单边开放，助力形成区域海洋经济合作新格局。把海南自由贸易港打造成中国-东盟海洋经济互联互通的重要枢纽。”迟福林表示。,,
,,,
　　记者了解到，当天下午，“RCEP区域海洋经济青年对话”分别围绕“区域港口合作与海洋基础设施互联互通”“区域邮轮旅游合作与海洋旅游大市场建设”议题举行两场专题对话。,,,
,,,
　　“专题对话1：区域港口合作与海洋基础设施互联互通”由中改国浩自贸港法律研究中心主任李淳主持。与会嘉宾围绕如何进一步推进区域港口合作进行讨论。,,,
,,,
　　北京大学海洋战略研究中心主任胡波认为，在区域经济一体化加速的背景下，港口发展相对滞后已成为影响中国-东盟蓝色经济互联互通的突出掣肘。特别是港口合作已成为海上丝绸之路建设的重要内容，推动中国企业参与港口互联互通项目建设，需要详细了解东盟当地国情、社情，讲好中国故事，并进一步关注数字港口、智能港口等新兴领域。,,,
,,,
　　印尼国家海洋研究所所长西斯万托・鲁斯迪提出，加快建设中国-印尼海上走廊。印尼的纳土纳群岛离海南很近，但尚未建立经贸联系。建议加快推进纳土纳群岛和海南岛间的港口合作，建立紧密城市关系或姊妹港；合作开展船舶联合检修，并促进两地间高校、智库的交流。,,,
,,,
　　外交学院亚洲研究所所长郭延军认为，推进中国-东盟港口互联互通，需要提升双边互信，并最大限度排除非经济因素的干扰。同时，抓住RCEP的重大机遇，适应港口数字化转型趋势，减少数字鸿沟。更加重视“软联通”，提高通关便利化和港口运行效率。,,,
,,,
　　柬埔寨西哈努克自治港董事长兼首席执行官助理苏克・科尔・陈达表示，西哈努克港是柬埔寨中国和国际商业的重要门户，柬埔寨从中国进口的67%的货物经过西哈努克自治港。未来，也将进一步吸引印度洋、太平洋集装箱船停靠，开通面向欧洲和北美的直航航线。,,,
,,,
　　天津社会科学院海洋经济与港口经济研究所所长石森昌建议，一是推动区域内港口的“软联通”，共同打造国际化高端化的港口航运对话平台和研究平台，共同提升RCEP区域港口的航运能力及其在全球港口领域的话语权；二是联合推进港口智能化、绿色化改造，并设立共同标准；三是加强区域港口物流与产业链合作，中国在这方面有值得借鉴的经验；四是开展港口物流的碳核算，共同探索构建区域内船舶航运碳排放的标准和流程。,,,
,,,
　　新加坡国立大学东亚研究所高级研究员余虹建议，一是加强区域内港口硬联通，加强港口设施升级的合作。二是加强港口“硬联通”，合力推动无纸化通关和“单一窗口”安排，利用RCEP规则促进双边多边自由贸易进程。,,,
,,,
　　上海海事大学中国（上海）自贸区供应链研究院教授孟令鹏认为，港口是一个国家高水平对外开放的最前沿，也是国际产业链和供应链网络的重要节点。建议在RCEP框架下推进自贸协定规则全面落地；推动构建港口联盟，推动基础设施设备和人力资源的共享；加强涉海人才的合作培养和国际交流。,,,
,,,
　　中国（海南）改革发展研究院、RCEP研究院助理研究员王越弘认为，要发挥政府作用推动中国与东盟港口建设，释放中国与东盟经济互补性；充分利用RCEP、中国-东盟自贸区3.0等现有合作机制，尽快就互联互通开展对话，推动区域内港口“硬联通”和“软联通”。,,,
,,,
　　“专题对话2：区域邮轮旅游合作与海洋旅游大市场建设”由同济大学特聘教授刘兴华主持。与会嘉宾共同探讨了邮轮旅游发展的未来空间。,,,
,,,
　　上海社会科学院应用经济研究所海上丝绸之路研究中心主任李小年认为，邮轮旅游发展需要几个关键因素：一是产业开放，二是体制创新，三是邮轮旅游服务便利化。特别是邮轮签证政策开放十分重要。例如，日本对邮轮的整船游客采取全年免签，这值得中国和东盟国家借鉴。,,,
,,,
　　中国南海研究院原院长王胜建议，一是坚持先易后难，对周边国家及基础设施配套完善的地区率先实施单边免签政策；二是加快构建邮轮旅游合作机制，特别是实现邮轮航线审批、安全监管、旅游市场联合推广等方面的对接协调；三是加强与南海当事方友好的对话协商，深化包括邮轮旅游在内的各领域的深层次的交流。,,,
,,,
　　柬埔寨皇家科学研究院中国研究所副所长凡塔认为，柬埔寨有很大的需求实现经济发展与社会环境的平衡。实现这个目标，需要开展区域邮轮旅游合作、资源共享，协作建立由多个目的地的无缝衔接的旅游线路；建立港口旅游运营商和政府间的伙伴关系，确保运营顺畅和物流高效；重视可持续发展，制定绿色港口和绿色邮轮旅游指南。,,,
,,,
　　中国旅游研究院国际研究所所长杨劲松认为，开展地区内邮轮旅游合作，首要是解决地区内不平衡不充分的突出矛盾。例如，利用并促进邮轮产业发展，带动地区内基础设施建设。同时，适应产业绿色转型趋势，加强可持续能源及新能源对邮轮旅游发展的支撑。,,,
,,,
　　泰国农业与合作社部鱼类营销组织研究发展部主任尼罗邦・唐潘建议，推动旅游市场双向开放，推动区域内市场资源共享；加强邮轮旅游主要目的地间的港口合作，促进互联互通；开展邮轮旅游产品联合营销，合作增大碳排放技术的使用。,,,
,,,
　　招商局邮轮有限公司营销总监袁萍认为，邮轮旅游是典型的供方推动买方的产业。发展邮轮旅游，首要的问题是考虑产品的买方是谁？海南发展邮轮旅游首先要了解客源结构，明确目标是邮轮母港还是挂靠港；其次，要鼓励支持邮轮公司发展，借鉴新加坡等经验允许邮轮加注保税油；最后，降低邮轮年限等政策门槛，吸引国际邮轮访问。,,,
,,,
　　专题对话会后，主办方举行了“RCEP区域海洋经济青年对话――推进区域海洋经济互联互通闭幕式”。闭幕式上，各专题对话主持人就本单元的主要观点进行了交流分享。,,,
,,,
"　　此外，中国与东盟的智库代表和青年学者共同发布了“‘共促中国-东盟海洋经济互联互通’智库倡议”“共建RCEP区域蓝色经济青年网络倡议”。泰国海岸与海洋资源部海洋生物学家素哈泰・普莱桑库尔，文莱达鲁萨兰国大学高等研究中心助理教授斯莱斯曼・利，中国（海南）改革发展研究院、RCEP研究院助理研究员金晔作为智库代表宣读了“‘共促中国-东盟海洋经济互联互通’智库倡议”。马来西亚海事研究所海洋法律与政策中心研究员阿莉娜・西亚林，菲律宾国际安全研究学会研究人员罗泽德，中国（海南）改革发展研究院、RCEP研究院助理研究员王越弘作为RCEP区域青年代表宣读了“共建RCEP区域蓝色经济青年网络倡议”。""",,,
"港口航运	https://finance.eastmoney.com/a/202412213275051511.html	南沙港区年集装箱吞吐量突破2000万标准箱	""羊城晚报讯记者詹淑真、通讯员曹畅摄影报道：12月20日，广州港南沙港区集装箱吞吐量突破2000万标准箱暨深化合作签约活动在广州南沙国际会议中心举行。其中，南沙港区外贸集装箱吞吐量首度超过1000万标箱，占比达到50%。",,,
,,,
　　目前，南沙港区已开辟了200条集装箱班轮航线，其中165条外贸航线覆盖欧、美、亚、非、拉等世界各地，“一带一路”共建国家方向航线近150条、RCEP国家航线近100条，同时有35条内贸航线紧密衔接我国南北集疏运网络。,,,
,,,
　　记者从现场了解到，此次南沙港区吞吐量突破2000万标准箱，在保持内贸集装箱全国第一位置的同时，外贸集装箱吞吐量也首次突破1000万标箱，预计同比增长超过13%。外贸在南沙港区集装箱吞吐量总量中占比达到50%，这在全球港口中实属罕见。,,,
,,,
　　南沙区区长吴扬表示，2000万标箱的突破，是南沙港迈向新征程的新起点。南沙区将加快完善港口航运综合服务体系，不断提升国际航运贸易枢纽能级，大力发展新型离岸贸易、数字贸易、跨境电商等外贸新业态，深入推进国家进口贸易促进创新示范区和综合保税区建设，为打造广州港口型国家物流枢纽作出南沙贡献。,,,
,,,
　　港口是国家经济的重要支撑和对外开放的重要窗口。2023年，广州港完成海铁联运量43.6万标准箱，同比增长96.7%，增速位于粤港澳大湾区首位。,,,
,,,
"　　会上，广州港集团与中远海运集团等企业分别签署多项战略合作框架协议，并联合8家港航企业联合发布“数智融合，绿色共享”――共建大湾区智慧绿色港航合作倡议，共同推动大湾区港航产业绿色智能转型和高质量发展。""",,,
"港口航运	https://finance.eastmoney.com/a/202412243277787085.html	宁波舟山港国际航行船舶保税LNG加注覆盖双“千万箱”港区	""中新网杭州12月24日电(奚金燕蓝伊旎凌F)12月23日晚，在宁波舟山港穿山港区，“海洋石油302”轮开始为“地中海法蒂玛”轮实施约4600立方米LNG(液化天然气)加注。这是宁波舟山港继在梅山港区成功试点LNG加注业务后，首次将该业务扩展至穿山港区，标志着宁波舟山港LNG加注服务范围实现从“单一”到“多点”突破，初步构建了多港区加注网络。",,,
,,,
　　今年，随着梅山港区实现其首个“千万箱”的突破，宁波舟山港成为全球唯一一个拥有两座“千万箱级”单体集装箱码头(穿山港区、梅山港区)的港口。17日3时，在完成12873标准箱作业后，“地中海玛丽”轮缓缓驶离宁波舟山港穿山港区集装箱码头，标志着穿山港区集装箱码头连续8年突破“千万箱”后，年集装箱吞吐量首次突破1100万标准箱。此次宁波舟山港LNG加注服务扩区后，已覆盖双“千万箱”港区。,,,
,,,
　　近年来，宁波舟山港积极打造全球重要港航物流中心、战略资源配置中心和现代航运服务基地，为构建“双循环”新发展格局贡献海港“硬核”力量。作为全球少数具备国际航行船舶LNG加注服务能力的枢纽港，宁波舟山港在浙江自贸区油气全产业链政策发力支持下，积极响应清洁能源发展，大力培育LNG加注新业务。,,,
,,,
　　在2023年6月完成浙江首单LNG试点加注业务后，浙江省海港集团、宁波舟山港集团和中国海油气电集团积极推进LNG常态化加注，今年8月在浙江海事局的指导支持下通过了相关港区可操作的通航报告和同步作业报告评审，将服务版图拓展至穿山、大榭等港区。截至目前，实现LNG加注常态化的宁波舟山港已累计完成LNG加注业务14艘次，加注量超6万立方米。,,,
,,,
　　宁波海事局指导加注单位深入开展通航安全、船对船加注作业风险识别以及同步作业方案等专题研究与评估，制定“一域一船一策”保障方案；宁波海关所属北仑海关针对监管各环节进行了整合优化，将报关和担保、检验检测、出仓数据确保以及企业证票流程从“串联”转为“并联”；宁波边检站穿山边检机关通过“网上预约、即时办理”等服务为“海洋石油302”轮及时办妥搭靠外轮许可证，全天候、不间断“保驾护航”；中国海油气电集团制定了“海洋石油302”轮进离港以及港内作业安全保障方案，严格按照加注程序进行作业；浙江省海港集团所属北三集司提前制定全链条的安全保障方案和应急预案，浙江省海港集团所属海港国贸进一步提升加注服务的灵活性和经济性......浙江省海港集团协同浙江自贸区、海事、海关、边检、交通运输部门等与中国海油气电集团持续发力，推动此次LNG加注业务顺利进行。,,,
,,,
,,,
　　宁波舟山港。 胡锦渠摄,,,
,,,
"　　据悉，下一步宁波舟山港将持续创新提升港口航运服务能力，对标国际先进水平，不断扩大保税LNG加注作业范围，积极推进绿色甲醇、氨以及生物燃料等新型燃料加注业务，并以港口服务绿色发展助力世界一流强港建设及宁波市打造全球航运中心城市，擦亮“枢纽自贸区”金名片。(完)""",,,
"港口航运	https://finance.eastmoney.com/a/202412213275045926.html	南沙港区年集装箱吞吐量突破2000万标准箱	""羊城晚报讯记者詹淑真、通讯员曹畅摄影报道：12月20日，广州港南沙港区集装箱吞吐量突破2000万标准箱暨深化合作签约活动在广州南沙国际会议中心举行。其中，南沙港区外贸集装箱吞吐量首度超过1000万标箱，占比达到50%。",,,
,,,
　　目前，南沙港区已开辟了200条集装箱班轮航线，其中165条外贸航线覆盖欧、美、亚、非、拉等世界各地，“一带一路”共建国家方向航线近150条、RCEP国家航线近100条，同时有35条内贸航线紧密衔接我国南北集疏运网络。,,,
,,,
　　记者从现场了解到，此次南沙港区吞吐量突破2000万标准箱，在保持内贸集装箱全国第一位置的同时，外贸集装箱吞吐量也首次突破1000万标箱，预计同比增长超过13%。外贸在南沙港区集装箱吞吐量总量中占比达到50%，这在全球港口中实属罕见。,,,
,,,
　　南沙区区长吴扬表示，2000万标箱的突破，是南沙港迈向新征程的新起点。南沙区将加快完善港口航运综合服务体系，不断提升国际航运贸易枢纽能级，大力发展新型离岸贸易、数字贸易、跨境电商等外贸新业态，深入推进国家进口贸易促进创新示范区和综合保税区建设，为打造广州港口型国家物流枢纽作出南沙贡献。,,,
,,,
　　港口是国家经济的重要支撑和对外开放的重要窗口。2023年，广州港完成海铁联运量43.6万标准箱，同比增长96.7%，增速位于粤港澳大湾区首位。,,,
,,,
"　　会上，广州港集团与中远海运集团等企业分别签署多项战略合作框架协议，并联合8家港航企业联合发布“数智融合，绿色共享”――共建大湾区智慧绿色港航合作倡议，共同推动大湾区港航产业绿色智能转型和高质量发展。""",,,
"港口航运	https://finance.eastmoney.com/a/202411143239790350.html	皖通科技：全资子公司华东电子多年深耕全球港口航运信息化业务 主要聚焦智慧港口、智慧物流等领域	""每经AI快讯，有投资者在投资者互动平台提问：公司的子公司烟台华东电子主营什么？",,,
,,,
"　　皖通科技（002331.SZ）11月14日在投资者互动平台表示，公司全资子公司华东电子多年深耕全球港口航运信息化业务，主要聚焦智慧港口、智慧物流等领域，凭借丰富的自主产品、专业的运营团队等优势，为客户提供软硬一体化的智慧港口解决方案。""",,,
"航运港口	https://finance.eastmoney.com/a/202412203274817664.html	重庆市级重点项目完成投资4509亿元 204个项目完工投产或投用	""新华财经重庆12月20日电（王松涛游茜颍┲厍焓蟹⒄垢母镂消息，2024年1-11月，重庆市重点建设项目完成投资4509亿元，投资进度（占年度计划投资比例）98.8%，超序时进度7.1个百分点。其中，268个项目新开工建设，204个项目完工投产或投用。",,,
,,,
　　在基础设施建设方面，一批基础设施领域的标志性工程取得显著进展。1-11月，全市交通重点项目完成投资1470.4亿元。其中，铁路完成投资336.2亿元，同比增长13.0%；公路完成投资475.8亿元，渝湘复线高速巴南至武隆、彭水至酉阳段进入收尾阶段；机场完成投资54.3亿元，T3B航站楼及第四跑道工程安防集成管理系统上线试运行；港口航运完成投资35.4亿元。城市轨道交通完成投资319.4亿元，交通枢纽完成投资70.9亿元，城市路桥隧完成投资178.4亿元。,,,
,,,
　　在现代化产业体系项目方面，1-11月全市制造业重点项目完成投资826.3亿元、同比增长13.8%，西部科学城重庆高新区推动新一代电子信息制造业集聚成势，5个电子信息重点项目完成投资67.5亿元。在科技创新能力方面，1-11月全市科技创新重点项目完成投资56.6亿元，超瞬态实验装置目前科学研究楼实验室内部装饰装修进入收尾阶段，正在开展同步辐射光源主体结构施工。,,,
,,,
"　　在构建能源供给新体系方面，1-11月全市能源保障重点项目完成投资405.2亿元。在电力保障方面，重点项目完成投资264.6亿元；在油气保障方面，重点项目完成投资138.1亿元。在水安全保障能力方面，1-11月全市水安全重点项目完成投资210.6亿元。在水利工程方面，重点项目完成投资160.3亿元；在城乡供水方面，重点项目完成投资50.2亿元。在保障民生方面，1-11月全市教育重点项目完成投资114.3亿元，卫生健康重点项目完成投资121.3亿元。""",,,
"港口航运	https://finance.eastmoney.com/a/202412193273604054.html	重庆市级重点项目年底大冲刺：1―11月完成投资4509亿元	""上游新闻记者今日从重庆市发展和改革委获悉，1―11月，全市重点建设项目已完成投资4509亿元，投资进度达到98.8%，超序时进度7.1个百分点，呈现出强劲的发展势头。",,,
,,,
　　作为经济增长和民生福祉的重要支撑，重点项目建设在重庆市发展中占据核心地位。今年，重庆持续加大现代化产业体系项目投资力度，推动产业结构向高端化、智能化方向发展。制造业作为实体经济的基石，其规模能级稳步提升。1―11月，制造业重点项目完成投资826.3亿元，同比增长13.8%。在西部科学城重庆高新区，新一代电子信息制造业集聚成势，5个电子信息重点项目完成投资67.5亿元，为区域经济发展注入了新动力。同时，长寿区、铜梁区等地也在新材料、新能源及新型储能等领域取得了显著进展。,,,
,,,
　　在现代化基础设施网络建设方面，重庆同样取得了令人瞩目的成就。1―11月，交通重点项目完成投资1470.4亿元，织密了现代化综合立体交通网。渝西高铁、渝宜高铁等铁路项目加快建设，渝湘复线高速、2024年普通干线公路等公路项目也取得重要进展。此外，机场、港口航运、城市轨道交通等交通方式也在不断完善，为市民出行和区域经济发展提供了有力保障。,,,
,,,
　　能源供给新体系的构建同样取得显著成效。1―11月，能源保障重点项目完成投资405.2亿元，电力、油气等能源保障能力持续增强。云阳建全抽水蓄能电站、江津燃机项目等电力保障重点项目加快建设，页岩气勘探开发及产能建设项目、铜锣峡储气库等油气保障重点项目也取得重要突破。,,,
,,,
"　　在保障和改善民生方面，重庆同样不遗余力。1―11月，教育、卫生健康等民生领域重点项目完成投资分别达到114.3亿元和121.3亿元。重庆三峡医药高等专科学校扩建工程、渝中求精中学河运路校区等教育项目加快推进，重庆大学附属肿瘤医院科学城院区建设项目（一期）、江北区人民医院等卫生健康项目也取得重要进展，为市民提供了更加优质的教育和医疗资源。""",,,
"港口航运	https://finance.eastmoney.com/a/202412193273594584.html	前11个月完成投资4509亿元 重庆市级重点项目年底“大冲刺”	""上证报中国证券网讯 12月19日，记者从重庆市发展改革委获悉，重庆市2024年1―11月全市重点建设项目完成投资4509亿元，投资进度（占年度计划投资比例）98.8%，超序时进度7.1%。其中，268个项目新开工建设，204个项目完工投产或投用。",,,
,,,
　　夯实新发展格局产业基础,,,
,,,
　　从项目投资方向来看，重庆市持续加大现代化产业体系项目投资力度，推动产业结构向高端化、智能化方向发展，呈现出制造业规模能级稳步提升、科技创新能力持续增强的特点。,,,
,,,
　　1―11月，重庆市制造业重点项目完成投资826.3亿元、同比增长13.8%；科技创新重点项目完成投资56.6亿元。,,,
,,,
　　其中，西部科学城重庆高新区推动新一代电子信息制造业集聚成势，5个电子信息重点项目完成投资67.5亿元。其中，安意法半导体8英寸碳化硅外延、芯片项目正在进行设备安装调试；12英寸集成电路特色工艺线一期正在开展机电设备安装。,,,
,,,
　　长寿区加快建设具有全球影响力的新材料高地，8个先进材料重点项目完成投资29.3亿元。其中，中润新材料产业园完成总工程量的75%；巴斯夫聚氨酯MDI优化提升项目进入试运行阶段。,,,
,,,
　　铜梁区加快打造西部新型储能产业新高地，6个新能源及新型储能重点项目完成投资102.9亿元。其中，厚生新能源锂电池隔膜生产西南基地正在进行主体施工；厦门海辰西南智能制造中心及研发中心（铜梁）正在推进内部装修。,,,
,,,
　　基础设施标志性工程进展显著,,,
,,,
　　当前，重庆一批基础设施领域的标志性工程取得显著进展。,,,
,,,
　　织密现代化综合立体交通网，1―11月，交通重点项目完成投资1470.4亿元。在综合交通方面，铁路完成投资336.2亿元，同比增长13.0%；公路完成投资475.8亿元；机场完成投资54.3亿元；港口航运完成投资35.4亿元。在城市交通方面，轨道交通完成投资319.4亿元，交通枢纽完成投资70.9亿元，城市路桥隧完成投资178.4亿元。,,,
,,,
　　加快构建能源供给新体系，1―11月，能源保障重点项目完成投资405.2亿元。在电力保障方面，重点项目完成投资264.6亿元；在油气保障方面，重点项目完成投资138.1亿元，2024年页岩气勘探开发及产能建设项目累计产气107亿方。,,,
,,,
　　不断提高水安全保障能力，1―11月，水安全重点项目完成投资210.6亿元。在水利工程方面，重点项目完成投资160.3亿元；在城乡供水方面，重点项目完成投资50.2亿元。,,,
,,,
　　此外，通过重点项目投资，重庆在保障和改善民生方面施策更加有力有效。一是扎实推进教育强市建设，1―11月，教育重点项目完成投资114.3亿元。二是持续提升优质医疗资源供给，1―11月，卫生健康重点项目完成投资121.3亿元。,,,
,,,
"　　据悉，重庆市发展改革委接下来将统筹推进“硬投资”和“软建设”，狠抓重点项目建设进度，确保超额完成全年目标任务。同时持续深化重大项目谋划储备工作，着力构建“储备一批、开工一批、在建一批、投产一批”良性滚动格局。（刘春燕）""",,,
"港口航运			",https://finance.eastmoney.com/a/202412213275007056.html,跻身全球前十！南沙港区年集装箱吞吐量突破2000万标准箱,"南都讯记者钟丽婷通讯员曹畅刘睿庄泽宇港口大不大看吞吐量、港口强不强看集装箱，是港航界对一个港口枢纽地位评价的重要标志。12月20日，广州港南沙港区集装箱吞吐量突破2000万标准箱暨深化合作签约活动在广州南沙国际会议中心举行。

　　广州港作为全球重要的国际集装箱干线港和国内最大的内贸集装箱枢纽港，在全球的国际枢纽地位进一步提升，服务国家战略和区域经济发展的能力持续增强。

　　加快推进重点港航项目建设

　　广州港打造世界一流港口基础设施

　　本次活动以“跨越两千万迈向新征程”为主题，挂有“南沙港区第2000万个标准集装箱”喜庆横幅的集装箱被吊装上中远海运“中海大西洋”号轮船，宣告南沙港区集装箱吞吐量达到2000万标准箱（TEU），标志着广州国际航运枢纽建设迈上了新的台阶和量级。

　　广州港集团党委书记、董事长、总经理黄波表示，广州港集团积极发挥港口战略性、基础性、先导性作用，推动港口与南沙新区、南沙自贸区、粤港澳全面合作示范区建设同频共振，接下来将继续深化物流链、产业链、价值链全方位合作，共建南北物流大通道和国际陆海新通道，强化通道带物流、物流带经贸、经贸带产业作用，打造开放包容共享的港航物流生态圈，为广州建设国际性综合交通枢纽城市提供有力支撑。

　　南沙区区长吴扬表示，南沙因海而生、向海而兴，近年来依托“湾区之心”的区位优势，携手港澳、链接全球的开放优势，形成以港兴城、以城带港的发展格局。接下来，南沙将加快完善港口航运综合服务体系，不断提升国际航运贸易枢纽能级，大力发展新型离岸贸易、数字贸易、跨境电商等外贸新业态，深入推进国家进口贸易促进创新示范区和综合保税区建设，为新征程上打造广州港口型国家物流枢纽作出南沙贡献。

　　广州市港务局局长孙秀清表示，广州港将加快推进重点港航项目建设，打造世界一流港口基础设施；强化构建通达全球、贯穿陆海的内外“双循环”服务网络；不断增强政策支持和保障，营造一流的港航营商环境；狠抓广州临港经济区、粤港澳大湾区航运联合交易中心等重大平台、重大项目落地落实，为提升粤港澳大湾区港口群总体服务能级提供强有力的广州支撑。

　　会上，广州港集团与中远海运集团等央国企、港航合作伙伴分别签署多项战略合作框架协议，并联合8家港航企业联合发布“数智融合，绿色共享”――共建大湾区智慧绿色港航合作倡议，成果丰硕。广州港集团有限公司与中国铁路广州局集团有限公司、中远海运集装箱运输有限公司签订合作协议，合力打造海铁联运服务平台，构建现代综合交通运输体系、推动运输结构调整优化、降低社会物流成本，共同促进南沙海铁联运高质量发展。

　　9家港航企业联合发布

　　智慧绿色港航合作倡议

　　为努力打造世界一流“智慧港口、绿色港口”的重要指示精神以及深化落实《粤港澳大湾区发展规划纲要》的工作部署，广州港集团、广东省港航集团、招商港口、中国外运华南公司、粤港船运商会、珠海交通控股集团、东莞港务集团、佛山市交通发展、中山港航集团等9家港航企业共同发起“数智融合，绿色共享”――共建大湾区智慧绿色港航合作倡议，共同推进绿色航运、构建智慧枢纽、搭建立体交通网络、提升服务质量，携手推动大湾区港航产业绿色智能转型和高质量发展。

　　2004年9月28日，南沙港区一期工程建成投产，投产首年（2005年）集装箱吞吐量便突破100万标准箱。此后南沙港区以每年100万标准箱的增速快速发展。随着南沙港区今年集装箱吞吐量突破2000万标准箱，南沙港作为广州港的单一港区，吞吐量跻身全球前十位置，是华南以及泛珠三角各省区能源物资、重要原材料和外贸物资的主要中转枢纽。南沙港区投产的20年来，已累计完成超过2.3亿标准箱装卸。

　　广州港一直是我国内贸第一大集装箱枢纽港，年内贸集装箱吞吐量超过1400万TEU。广州港集团积极主动融入国家重大战略，落实省、市工作部署，高标准谋划南沙港区发展。南沙一期、二期、三期工程相继于2004年、2007年、2017年建成投用，南沙四期全自动化码头于今年11月通过竣工验收，目前正加快建设南沙国际通用码头、南沙五期等重大项目，推动港口物流设施规模化、集约化、智能化发展，班轮服务效率位居世界前列，成为全球重要的国际集装箱干线港和国内最大的内贸集装箱枢纽港，中非、中拉、中国东盟等国际航线枢纽港，大湾区多式联运枢纽。

　　此次南沙港区吞吐量突破2000万标准箱，在保持内贸集装箱全国第一位置的同时，外贸集装箱吞吐量也首次突破1000万标箱，预计同比增长超过13%，外贸在南沙港区集装箱吞吐量总量中占比达到50%，其在全球的国际枢纽地位进一步提升，服务国家战略和区域经济发展的能力持续增强。"
"港口航运			",https://finance.eastmoney.com/a/202412103264364073.html,A股收评：沪指高开低走涨0.59% 两市成交额超2.2万亿元,南方财经12月10日电，A股收市，三大指数早盘高开后持续回落，上证指数收涨0.59%，早盘一度涨超2%；深证成指收涨0.75%，早盘一度涨超3%；创业板指收涨0.69%，早盘一度涨近5%；北证50收涨2.35%，早盘一度涨近7%。当天，两市成交额22002亿元，较上一交易日放量5657亿元，时隔近一个月再次突破2万亿元；大盘资金净流出超526亿元。市场股票呈现涨多跌少的态势，2890只股票上涨，2280只股票下跌。其中，119只涨停股、6只跌停股。板块方面，食品加工制造、互联网电商、饮料制造、影视院线、自动化设备、零售等行业及PEEK材料、乳业、人形机器人、脑机接口等概念涨幅居前。煤炭开采加工、公路铁路运输、贵金属、港口航运等行业及培育钻石、医疗废物处理等概念跌幅居前。
"港口航运			",https://finance.eastmoney.com/a/202412063261755840.html,广东省属国企“牵手”湛江，助力海洋牧场、港口物流建设｜国企有料到,"近日，广东省属国企助力湛江跨越式高质量发展投资推介活动在广东湛江举办。活动现场，湛江市政府与广东省国资委签署战略合作框架协议。广东省属国企与湛江各县（市、区）政府（管委会）、市有关行业主管部门或湛江市属国企签约项目达38个，意向金额413.3亿元。

签约仪式现场
　　在活动中，广东省港航集团有限公司（以下简称“港航集团”）与湛江方签约9个投资项目，签约金额约58亿元。

　　港航集团党委书记、董事长张道武指出，港航集团将持续深化与湛江市的合作，投资建设湛江海洋种业、渔旅、网箱养殖、工船装备等海洋产业，打造具有湛江特色的现代化海洋牧场全产业链。同时，集团将积极参与湛江地区港口物流、交通文旅项目投资建设，希望湛江市委市政府在项目用海用地、岸线资源、行政审批、税务优惠、人才引进等方面给予更多政策支持。

　　作为省属唯一专业从事港口航运物流投资运营管理的大型骨干企业，港航集团目前在湛江地区总资产规模近60亿元。合作领域涵盖琼州海峡客滚运输航线和49艘客滚船队，控股及经营管理徐闻港、海安港、海安新港、海滨码头、水上运动中心码头等多个客、货运港口项目，运营红嘴鸥港湾游、水上巴士等交通文旅航线。

　　近年来，港航集团还顺利完成了东海岛至硇洲岛水上航线资源整合、琼州海峡客滚运输应急保障基地建设等重大民生项目，全力支持对徐闻县新寮镇驻镇帮镇扶村乡村振兴工作，助力湛江加快打造现代化沿海经济带重要发展极、高标准建设省域副中心城市。"
"港口航运			",https://finance.eastmoney.com/a/202412113265756551.html,前三季度营收超3000亿元 亏损近3亿元！象屿集团为何还要为厦门象屿“啃下”89.74亿元债权？,"近日，厦门象屿（600057.SH）披露了多条重磅消息，包括董事长邓启东辞职，吴捷接任；以89.74亿元转让江苏德龙镍业有限公司（下称“德龙镍业”）债权；撤销对昔日“亚洲铝王”忠旺集团6.9亿元重整投资。

　　其中，转让德龙镍业债权、撤销注资忠旺集团等事项与其控股股东象屿集团有关。

　　具体来看，11月29日晚，厦门象屿公告称，控股股东象屿集团拟整体受让公司对德龙镍业及其子公司的债权，受让价格约为89.74亿元；公司原计划作为产业投资人，投资6.9亿元参与辽宁忠旺集团有限公司的重整资产投资。然而，在了解各相关方的反馈意见后，公司决定更新投融资规划，并取消此次投资。尽管公司取消了对忠旺集团的投资，但其控股股东象屿集团仍将作为重整投资人，继续收购并控股新成立的忠旺集团。

　　需要注意的是，今年前三季度，象屿集团实现营业收入3325.5亿元，亏损2.77亿元。另外，在厦门象屿业绩表现方面，今年前三季度其营业总收入2976.99亿元，同比下降19.24%；归母净利润8.9亿元，同比下降24.67%；负债总额为910亿元，负债率高达71%。

　　前三季度营收超3000亿元，亏损近3亿元，象屿集团为何还要花89.74亿元受让厦门象屿的债权？象屿集团自身财力能否撑得起这宗收购？为何控股股东继续看好忠旺集团的重整，厦门象屿却中途离场？

　　控股股东“啃下”89.74亿元债权

　　厦门象屿是国内大宗商品供应链巨头，主要从事大宗供应链服务，以制造业企业为核心客户，为其提供大宗原辅材料采购供应、产成品分销、物流配送、供应链金融、信息咨询等的一体化供应链服务。天眼查显示，象屿集团持有厦门象屿50.41%股份，为其控股股东，厦门国资委为公司实际控制人。

　　11月29日，厦门象屿再次披露，控股股东象屿集团拟整体受让厦门象屿对德龙镍业及其子公司的债权，转让价格约89.74亿元。

　　需要注意的是，7月26日（周五），厦门象屿因德龙镍业被爆已被申请破产重整，导致股价大跌，直至当天下午三点收盘股价跌停。7月28日晚，厦门象屿便火速发布公告称，象屿集团拟整体受让厦门象屿对江苏德龙及其控股子公司的债权，包括但不限于预付账款、应收账款等对应的债权。

　　厦门象屿称，截至2024年7月31日，其对德龙镍业债权账面余额约为89.74亿元。根据万隆（上海）资产评估有限公司出具的评估报告及说明，该等债权对应的担保物截至2024年7月31日市场总价值大于债权账面余额，故以账面值作为债权评估值。

　　“鉴于江苏德龙已进入实质合并重整程序，本次债权转让有利于公司进一步优化资产结构，切实维护公司及全体股东的利益，不会对公司经营管理和财务状况产生重大不利影响。”厦门象屿表示。

　　据了解，德龙镍业是中国钢铁行业传奇人物戴国芳创立的企业。

　　今年7月24日，江苏省响水县人民法院发布公告称，已立案审查德龙镍业、响水恒生不锈钢铸造有限公司（下称“恒生不锈钢”）、响水巨合金属制品有限公司（下称“巨合金属”）、响水德丰金属材料有限公司（下称“德丰金属”）四家公司破产重整案。

　　8月1日，江苏省响水县人民法院分别裁定受理德龙镍业等4家德龙系公司破产重整案，并于同日分别指定北京市金杜律师事务所担任上述四家公司管理人。10月30日，江苏省盐城的响水县法院扩大范围，再裁定包括这批企业在内的28家公司进行实质合并重整。

　　天眼查显示，德龙镍业成立于2010年8月，注册资本2亿元，德龙镍业成员，位于江苏省盐城市，是一家以从事有色金属冶炼和压延加工业为主的企业。

　　从股权结构来看，德龙镍业为个人股东戴笠和黄荷琴共同持有，分别持有60%和40%的股权。据了解，戴笠为戴国芳之子，黄荷琴为戴国芳的妻子。戴国芳本人并没有直接持有江苏德龙股份，但其担任德龙镍业董事长一职。

　　德龙镍业及其子公司是厦门象屿多年大客户，其与厦门象屿在不锈钢产业链深入合作，为其提供原材料采购、产成品销售等供应链服务。数据显示，2023年，厦门象屿对德龙镍业的销售额为71.07亿元。

　　此外，德龙镍业旗下全资子公司德丰金属、巨合金属也申请破产重整，而这两家均为厦门象屿供应商，截至2023年末，分别为厦门象屿第一大、第五大预付款对象，账面余额分别为49.45亿元、13.70亿元，合计63.15亿元。

　　2023年，厦门象屿向德丰金属、巨合金属的采购金额分别为201.78亿元、193.12亿元，合计394.9亿元。

图片1.jpg
截图自厦门象屿公告

　　厦门象屿在10月31日公告表示，2024年7-9月，其对德龙系相关债权计提坏账准备2.11亿元，减少公司当期“归属于母公司股东的净利润”1.58亿元。

　　在德龙镍业申请破产重整后，象屿集团决定受让厦门象屿及其子公司对德龙镍业及其控股子公司债权。

　　对于受让子公司债权的原因，象屿集团在今年7月底的时候表示，经过多方了解，德龙镍业、德丰金属、巨合金属、恒生不锈钢四家公司目前在政府的监管之下，仍正常生产运营，具备滚动交货能力；为保障上市公司及其广大投资者的利益，象屿集团拟整体受让公司对江苏德龙及其控股子公司的债权。

　　不过，象屿集团的财务状况令业界质疑其是否有能力“啃下”这89.74亿债权。

　　数据显示，截至今年9月末，象屿集团总资产为3365.55亿元，负债为2459.73亿元，净资产为905.82亿元，资产负债率为73.08%，现金储备为382.28亿元。今年前三季度，其实现营业收入3325.5亿元，净亏损2.77亿元。

　　放弃注资忠旺集团

　　数据显示，厦门象屿今年前三季度实现营收2976.99亿元，同比下降19.24%，归母净利润8.90亿元，同比下降24.67%，经营活动产生的现金流净流量净额同比减少67.78%。截至今年三季度末，其负债总额为910亿元，负债率为71%。

　　拟将德龙镍业及其子公司的债权转让给控股股东象屿集团之后，厦门象屿还宣布放弃对忠旺集团的注资计划。对于厦门象屿这一系列举措，业内人士表示这是其在优化自身财务结构。

　　11月20日，厦门象屿公告称，厦门象屿全资子公司厦门象屿智慧物流港有限公司（以下简称“智慧物流港”）拟与象屿集团全资子公司共同设立合资公司作为象屿方投资主体，该合资公司注册资本拟定为43亿元。其中，智慧物流港出资6.9亿元，持有16.0465%股权；象屿集团全资子公司出资36.1亿元，持有83.9535%股权，全部以现金形式出资。

　　据了解，上述合资公司将收购忠旺集团铝主业资产设立的新公司（以下简称“新忠旺集团”，具体名称以工商管理部门登记为准）股权，成为新忠旺集团控股股东。

　　不过，仅时隔10日，厦门象屿宣布放弃注资忠旺集团。11月30日，厦门象屿表示，公司决定取消本次投资。公司控股股东象屿集团将继续作为重整投资人，收购并控股新忠旺集团（忠旺集团铝主业资产设立的新公司）。

　　忠旺集团是铝产品制造商，目前下设四大业务板块，其中：电解铝板块已建成投产电解铝合规产能75万吨，炭素产能50万吨；铝挤压板块已建成投产产能超100万吨；铝压延板块已建成投产产能180万吨；精深加工板块主要涉足新能源汽车、轨道交通、全铝家具等领域。

　　忠旺集团公开披露的财务数据停留在2020年，这一年，其实现营业收入204.02亿元，同比减少13.49%，归母净利润17.89亿元，同比下降40.79%，总资产近1300亿元，负债约910亿元，负债率约71%。而忠旺集团旗下上市公司―中国忠旺控股有限公司（01333.HK），于2021年8月30日停牌，一年半后从香港联交所退市。

　　2022年9月2日，沈阳市中级人民法院接受了对忠旺集团等16家公司的重组申请。同年9月20日，应忠旺集团管理人的请求，沈阳中院决定对忠旺集团等253家企业实施实质性的合并重组。

　　此次象屿集团投资标的为新忠旺集团，包括电解铝平台、铝加工平台（含铝压延、铝挤压、精深加工）等铝主业资产。而象屿集团目前业务涉及5大板块――大宗商品供应链、房地产、类金融、港口航运以及创新孵化。

　　据厦门象屿此前透露，新忠旺集团后续将象屿集团控股经营，可充分利用象屿集团资金、人才、管理、品牌等方面优势及象屿股份供应链服务优势，提高其在供应链管理体系、物流管理体系、先进制造业管理体系等核心竞争力。

　　针对象屿集团继续看好忠旺集团的重整，而厦门象屿选择退出的原因、在经历这一系列重大变动后，厦门象屿未来的发展方向和业务重点将如何调整等问题，《华夏时报》记者于12月10日向厦门象屿发送采访提纲，截至发稿尚未回复。"
"港口航运			",https://finance.eastmoney.com/a/202412073262073969.html,中远海运张勇：加快建设“第五代港口” 推动上海从“数箱子”向“数票子”转变,"新华财经上海12月7日电（邓侃） 12月7日，“十五五”上海加快“五个中心”建设研讨会在沪举行。中国远洋海运集团副总经理张勇在主旨演讲中表示，要以“五个融合”为理念，提升“五个中心”建设的顶层设计能级，同时以建设“第五代港口”为抓手，夯实航运业高质量发展的物质基础。

　　以企业为中心，推动“五个中心”融合发展

　　近年来，上海国际航运中心建设成绩斐然。数据显示，今年前三季度上海港集装箱吞吐量达到3910万标准箱，同比增长8%，全年集装箱吞吐量有望超过5000万标准箱。

　　“‘五个中心’建设目标是不同时期逐步提出来的，顺序上有先有后，发展阶段有所不同。” 张勇指出，“五个中心”不是孤立的个体，而是紧密相连，相互依存、协同发展的有机整体，未来要加强整体谋划、协同推进，形成“五个中心”联动发展、耦合共生、相互赋能的新局面，通过融合实现资源配置效率的最优化和最大化。

微信图片_20241207160726.jpg
图为中国远洋海运集团副总经理张勇发言

　　张勇认为，“五个中心”中的每一个中心都需要其他四个中心的配合实现跃升。以国际航运中心建设为例，强大的经济中心是做好其他工作的核心，贸易中心的结构影响航线布局和运力配置，金融中心提供船舶租赁、航运指数、期货等融资支持和风险管理手段，科技创新中心提供智慧航运建设、绿色发展等科技支撑，以新能源、新技术助推航运中心的可持续发展。

　　张勇表示，以企业为中心是解锁“五个中心”建设密码的核心钥匙之一。他呼吁相关部门要秉持贴心、精准、长效三大原则，营造亲商、富商、安商的优质营商环境，着眼于为企业构建可持续发展的坚实轨道和发展环境。

　　建设“第五代港口”，实现“五个航运”战略目标

　　未来的国际航运中心会是什么样？张勇认为，正在探索建设的第五代港口是以数字智能和绿色低碳为标志，以新质生产力为支撑，以自由贸易港区为依托的关键基础设施和具有系统重要性的跨区域经济地理枢纽。其最突出的特点就是以港口为核心枢纽，构建端到端的港口航运物流、立体互联互通的网络和新型的港航贸一体化的生态圈。

　　近日印发的《有效降低全社会物流成本行动方案》提出“构建现代物流与生产力布局协同发展新模式。”张勇表示，中远海运集团正在锚定世界一流航运科技企业的愿景，全力布局绿色低碳和数字智能两个新赛道，推动航运、港口、物流一体化和港航贸一体化，助力加快实现韧性航运、绿色航运、低碳航运、智能航运、包容航运“五个航运”的目标。

　　“中远海运‘五个航运’的发展目标与上海国际航运中心建设目标高度契合，完全可以实现双向发力、同频共振。”张勇以韧性航运为例介绍说，通过“干支结合”的运输模式，可以推动长三角一体化发展，未来可考虑在上海周边昆山、太仓等地设立集装箱分拨中心，货物从水路或者夜间通过集卡运输到洋山港，积小散物流为集约化运输，提高运输能效、降低碳排放，有助于依托长三角一体化发展战略建设国家物流枢纽经济区。

　　当前，绿色低碳和数字化、智能化已成为航运业的“大势所趋”。据介绍，中远海运不断加快绿色能源布局，正在建造12艘2.4万标准箱甲醇双燃料动力集装箱船。引入数字化技术打造“智能冷箱平台”，实现温度、湿度等参数实时感知和控制。“现在中远海运从秘鲁钱凯港把当地农产品运到上海只需要23天，大家能够在餐桌上吃到最新鲜的南美蓝莓和牛油果。” 张勇说。

　　从“数箱子”到“数票子”，聚力发展高端航运服务业

　　推进上海国际航运中心建设，未来还有哪些提升空间？“行业里有一个比喻，大陆数箱子，香港数单子，伦敦数票子。”张勇提到的这句航运顺口溜，引发很多人思考。

　　当前，上海港集装箱吞吐量遥遥领先，香港航运保险业发达，而伦敦专攻高端航运金融市场，“港口吞吐规模不足以说明我们是最强的国际航运中心，上海正处在向数单子、数票子方向转型的关键时刻”。

　　张勇认为，发达的航运服务集群是伦敦成为国际航运中心的关键因素，上海应大力发展海事仲裁、航运金融等高端服务业，加强大数据、人工智能、区块链等新一代信息技术应用，全面推进船舶经纪、船舶管理、船舶代理、客货代理、通信导航等业务转型。

　　在航运人才队伍建设方面，张勇呼吁将船长、轮机长作为重点对象，争取吸引更多高级船员落户上海，在落户条件、优惠住房、教育医疗等方面开展专题研究，优化支持政策。同时，加大力度吸引国际航运组织、航运高端服务机构落户上海，有效降低企业经营成本，打造具有中国特色的航运生态圈。

　　此外，张勇建议要重视数据对航运业转型升级的重要作用，尤其要在数字化供应链应用、数据合规和知识产权保护、数据安全等三个层面加强研究和投入，做好预警、预控和预案，“未来的港口都是无人化的智能港口，桥吊像‘打游戏’一样远程控制，集卡是无人驾驶，集装箱也存放在无人化的堆场里”。

　　“十五五”上海加快“五个中心”建设研讨会由上海市加快推进“五个中心”建设领导小组办公室指导，上海市发展改革研究院、中国经济信息社上海总部主办。来自政产学研各方的专家学者深入分析“五个中心”建设的关键难题、重点突破、推进路径、重大举措等议题，为经济社会高质量发展建言献策。"
"港口航运			",https://finance.eastmoney.com/a/202412023256174982.html,印尼拉博塔港―武汉阳逻港直航首航顺利开通,"上证报中国证券网讯（记者覃秘）11月30日上午，首批满载格林美印尼园区生产的MHP（镍湿法冶炼中间品粗制氢氧化镍）的直航货轮抵达武汉阳逻港A区码头，标志着“印尼拉博塔港―武汉阳逻港”直航航线成功运行。

　　这是湖北省打造的长江中游第一条散杂货国际班轮航线。航线开通后，格林美印尼园区的产品可以从印尼一船直达武汉，开启了湖北与新能源关键镍资源的连通快速道，将大幅降低企业物流成本，提升行业竞争力。

　　过去5年，格林美从印尼运输回国的MHP，一直采用从印尼拉博塔港装船海运至广州黄埔港或江苏连云港，再转陆运至湖北的运输方式。异地报关、验货、收货的方式导致运输时间长，物流成本高。

　　今年5月，格林美向湖北省政府提出申请，请求开通印尼拉博塔港至武汉阳逻港的海江直达往返服务，采用海江联运“点对点”“一船到底”的运输模式。接到企业诉求后，各级部门迅速响应，针对“印尼拉博塔港―武汉阳逻港”直航事宜进行专题研究，尽心尽力帮助企业解决难题，力促直航航线顺利推进。在相关部门的鼎力支持与协作下，9月30日，“印尼拉博塔港―武汉阳逻港”直航航线正式获批。

　　“这是湖北省助推企业出海发展的生动案例，打开了一扇湖北企业出海发展的大门，开辟了一条湖北外向型经济发展的高速通道，为湖北企业出海发展带来新机遇，再次彰显了湖北省良好的投资环境。”格林美集团董事长许开华教授在开通仪式上致辞说，直航首航开通是湖北与印尼合作的巨大成就，把全球新能源热点码头印尼拉博塔港与武汉阳逻港连通，开启了湖北与新能源关键镍资源连通的快速通道。

　　湖北港口集团有限公司党委副书记、总经理李小明致辞表示，此次印尼直航航线的开辟，开创了印尼直达湖北“一船到底”的运输新模式，将有效降低双边物流成本，深化湖北与印尼及中西部地区的经贸合作。湖北港口集团将持续提升管理水平和服务质量，拓展服务功能，为格林美等企业提供一流高效的物流服务，充分发挥阳逻港在湖北物流供应链体系中的核心枢纽功能，助力湖北构建一流的绿色产业集群。

　　湖北省交通运输厅港航事业发展中心党委书记、主任王伟表示，“印尼拉博塔港―武汉阳逻港”直航航线将成为连接湖北与世界的重要桥梁，未来湖北省交通运输厅将推进全面深化改革和扩大高水平开放，充分发挥港口航运企业的作用，推动湖北水运高质量发展。

　　湖北省商务厅党组成员、副厅长陈华荣表示，此次直航航线的开通，标志着湖北在长江黄金水道和绿色循环产业深度融合方面迈出了新步伐。湖北省商务厅将继续提升跨境贸易便利化水平，为企业“走出去”保驾护航。同时，也将支持湖北企业加强与印尼在贸易和投资方面的合作，共同为湖北的高质量发展作出贡献。

　　今年11月10日，格林美与淡水河谷印尼公司签署“投资14.2亿美元共建绿色镍资源HPAL工厂”的项目协议，进一步扩大在印尼的投资。2018年以来，格林美出海印尼，在印尼中苏拉威西岛投资建成了世界一流的“科技+智慧+绿色”镍资源高技术产业园区的企业。当前，园区镍资源HPAL（高压酸浸技术体系）达到年产15万吨的规模。同时，格林美在印尼投资建设了世界第一个镍资源博物馆、印尼第一个红土镍矿湿法冶金工程中心、第一个万隆中印尼联合研究实验室，启动“百千万人才培养计划”。"
"港口航运			",https://finance.eastmoney.com/a/202411273252422270.html,沪指收复3300点，芯片50ETF（516920）涨逾3%，寒武纪-U涨超10%,"11月27日，沪指涨超1%，收复3300点，AI游戏概念股全线爆发。A股三大指数今日集体上涨，截至收盘，沪指涨1.53%，深成指涨2.25%，创业板指涨2.73%，北证50指数涨0.57%，全市场成交额14875亿元，较上日放量1529亿元。全市场超4300只个股上涨。板块题材上，IP经济、厨卫电器、游戏影视、军工电子、AI应用概念股涨幅居前；化学化工、有色金属、港口航运板块跌幅居前。盘面上，IP经济概念股午后持续爆发。

　　相关ETF中，截至收盘，芯片50ETF（516920）涨3.21%。成分股方面，寒武纪-U涨10.01%，复旦微电涨8.08%，闻泰科技、澜起科技、华大九天涨超5%，晶晨股份、佰维存储等多股跟涨。

　　截至收盘，芯片50ETF（516920），换手率15.80%，交投活跃，成交额8621.45万元。


　　规模方面，Wind数据显示，该ETF最新份额与最新规模分别为7.81亿份和5.36亿元。

　　芯片50ETF（ 516920）跟踪中证芯片产业指数。该指数从沪深A股中选取业务涉及芯片设计、制造、封装与测试等领域，以及为芯片提供半导体材料、晶圆生产设备、封装测试设备等物料或设备的上市公司股票作为样本股，以反映芯片产业上市公司股票的整体表现。

　　消息面上，据上海市市场监管局消息，近日，国家市场监督管理总局正式批准上海机动车检测认证技术研究中心有限公司筹建国家汽车芯片质量检验检测中心，标志着汽车芯片产品领域首个国家级检测中心落户上海。

　　中信建投近期发布电子行业2025年投资策略：AI端侧应用兴起，高端芯片亟需国产。自2022年11月ChatGPT面世以来，大模型快速迭代，百家争鸣。2024年上半年OpenAI推出GPT-4o，标志着从单一文本处理扩展到多模态理解和生成的新时代。同时，端侧AI应用商业化提速，AI手机、AI PC先后发布，并向可穿戴、智能车、XR等领域延伸，重点关注端侧AI（智能手机、新型耳机、智能眼镜、智能车等）。AI快速迭代带来算力需求快速增长，先进制程、先进封装需求高涨，相关厂商积极扩产。国内传统半导体的自主研发率较高，但高端芯片自给受限，亟需国产，重点关注国产高端芯片的生产制造、核心设备材料、EDA软件等。"
"港口航运			",https://finance.eastmoney.com/a/202412043258995286.html,国企重组 经济大省发力,"经济大省浙江出手推进省属国有企业产业结构优化。

　　日前，浙江省第十四届人民代表大会常务委员会第十三次会议（简称“会议”）通过《浙江省人民代表大会常务委员会关于省属国有企业产业结构优化调整情况报告的决议》（简称《决议》）。

　　《决议》明确，大力推动省属国有企业之间重组整合。支持引导国企与民企之间开展战略性重组和产业合作。推动跨集团、跨层级、跨区域战略性重组，加大对外部优质资源、优势企业的战略性并购力度……

　　推进浙江省属国有企业产业结构优化调整

　　会议提出，浙江省属国有企业产业结构依然存在一些突出问题和薄弱环节，战略性新兴产业和未来产业布局不足，科技创新能力不强，高能级平台较为缺乏，企业核心竞争力亟待提升，监管体制机制有待完善等。

　　《决议》从着力推进功能类企业持续健康发展、着力推进传统产业转型发展、着力推进战略性新兴产业跨越式发展等方面入手，提出了12个方面的若干条举措。

　　《决议》明确，制定浙江省属国有企业产业结构优化调整专项规划。谋划制定《浙江省属国有企业产业结构优化调整中长期规划》，并分企制定细化落实的实施方案和年度推进计划，分类施策、分业推进、分步实施，通过5年至10年持续努力，力争2030年取得突破性成果，2035年基本建成新时代浙江国资现代化产业体系。

　　着力打造一批高能级大平台。《决议》明确，构建产投大平台，引领支持浙江省属国有企业产业结构优化调整和新兴产业培育发展，通过导入资源、增加资本金、资产运营等多种方式，提升产投平台的资本实力，进一步整合集聚优质资源、完善产业链条、壮大重点产业、强化资本赋能产业发展。着力提升各大平台能级，努力打造覆盖天使基金、创投基金、产业基金等不同功能类型的千亿级国资基金矩阵，撬动各类社会资金共同参与，当好“长期资本”“耐心资本”和“战略资本”。

　　此外，《决议》明确，持续做强交通、能源、港口航运、航空运输、粮食生产等核心主业。大力推进商贸物流、工业设计、检验检测、技术交易、知识产权、咨询服务等生产性服务领域产业链供应链集成升级。立足浙江特色优势，积极培育壮大智能物联、集成电路、智能光伏、生物医药与医疗器械等八大标志性产业链。

　　大力推动浙江省属国有企业之间重组整合

　　“重组”成为《决议》中的“高频词”。

　　《决议》明确，突出专业化整合，加强资源资本资金整合集聚，大力推动浙江省属国有企业之间重组整合，采用强强联合、拆分重组、混合参股等多种整合方式，推进资源和要素向优势企业、头部企业和上市公司集中，将更多资本投向重点战略领域。

　　《决议》指出，突出外延式并购，更大范围、更深层次、更宽领域统筹配置国有资本，推动跨集团、跨层级、跨区域战略性重组，加大对外部优质资源、优势企业的战略性并购力度，打造一批占据产业链价值链高端、掌握制度规则标准话语权、具有全国乃至全球影响力的头部企业。

　　推进浙江省属国有企业和民营企业合作交流。《决议》提出，大力推进浙江省属国有企业和民营企业等高质量协同发展，加强产业链供应链上下游协同合作，支持引导国企与民企之间开展战略性重组和产业合作。

　　《决议》还明确，着力强化产业结构优化调整的政策供给力度。健全完善企业省外海外布局、企业上市、收购兼并、转制改制、破产重组等相关支持政策，为企业“走出去”发展提供更加高效便捷的服务，完善国有资本经营预算，支持浙江省属国有企业产业结构优化调整和科技创新研发。

　　中国信息协会常务理事、国研新经济研究院创始院长朱克力表示，通过重组整合，省属国有企业可以实现资源的优化配置，避免同质化竞争，提高整体竞争力。国企与民企的合作则能引入市场化机制，激发企业活力，促进技术创新和管理提升。这种跨所有制合作，有助于形成产业协同效应，推动产业链上下游企业的协同发展，从而加速省属国有企业产业结构的优化升级。

　　浙江省市国资动作频频

　　近年来，浙江省市国资动作频频。

　　11月22日，浙江水利发展集团有限公司（简称“水发集团”）正式揭牌。水发集团由5家浙江省水利厅出资企业合并重组而成，保留钱塘江建设开发有限公司作为集团母公司，浙江省水文新技术开发经营有限公司、浙江省钱塘江管理局勘测设计院有限公司、浙江广川工程咨询有限公司、杭州定川信息技术有限公司四家公司划入水发集团，形成“1母4子”的公司治理架构。

　　11月19日，浙江建投披露的重组预案显示，上市公司拟通过发行股份的方式购买浙江一建13.05%股权、浙江二建24.73%股权、浙江三建24.78%股权，本次交易的价格预计约为12.83亿元。本次交易完成之后，浙江建投对于浙江一建、浙江二建、浙江三建的持股比例均将提升至100%。

　　其中，浙江建投还获得浙江国资资金支持。按照计划，浙江建投将向浙江省人民政府国有资产监督管理委员会100%持股的浙江省国有资本运营有限公司非公开发行股票募集配套资金总额不超过4.5亿元，拟用于标的公司在建项目建设、补充上市公司和标的公司的流动资金或偿还债务。

　　此前，杭州国资主导资本市场“蛇吞象”。海联讯公告称，公司于10月25日收到控股股东杭州市国有资本投资运营有限公司（以下简称“杭州资本”）发来的《关于筹划重大资产重组事项的通知》。据悉，杭州资本作为海联讯的控股股东和B股上市公司杭汽轮B的间接控股股东，拟筹划海联讯和杭汽轮B进行重大资产重组。

　　地方国企重组潮涌

　　近年来，地方国资重组整合风生水起。知本咨询数据显示，2024年11月1日至25日，地方国企实施完成并购重组事件达139起，同比增长14.88%。

　　四川省两大国有企业将迎来重组。11月29日，川投能源、川能动力、华海清科披露，公司接到通知，获悉四川省人民政府拟启动四川省投资集团有限责任公司与四川省能源投资集团有限责任公司的战略重组事宜。

　　在上海，近日，国泰君安、海通证券、上海电影、隧道股份四家公司相继发布重组公告，力求通过外延式并购提升公司综合实力。

　　此外，河北、广东、吉林等地也都纷纷加快省属国企布局优化、重组整合。业内人士表示，从行业看，主要聚焦在生物医药、汽车、建筑装饰、房地产等领域，一方面通过并购重组布局战新产业；另一方面通过这种方式实现资源整合，提高企业经营效率。

　　“当前，地方国资加快布局重组整合。各地均强调以市场化为导向，通过并购重组等方式优化国有资本布局，提高资源配置效率。重组整合多聚焦于战略性新兴产业和关键领域，如新能源、新材料、高端装备等，以培育新的经济增长点。这些重要领域的布局，不仅有助于提升地方国资的整体实力，还能推动当地经济结构的优化升级。”朱克力表示。"
"港口航运			",https://finance.eastmoney.com/a/202412033256903868.html,浩瀚海洋大有可为,"近期，海洋在重要文件和重大场合屡被提及。党的二十大报告提出，发展海洋经济，保护海洋生态环境，加快建设海洋强国。党的二十届三中全会提出，完善促进海洋经济发展体制机制。

　　浩瀚海洋，对中国经济意味着什么？

　　助力经济增长

　　“海洋经济已成为全球经济增长的重要引擎。”中国宏观经济研究院战略政策室主任、研究员盛朝迅说，2023年全球海洋经济产出达1.5万亿美元，约占世界总增加值的2.5%。海洋油气、港口航运、海洋渔业等海洋产业，成为各国财富增长的重要来源。

　　就我国而言，2023年海洋生产总值达到9.9万亿元，比上年增长6%，占国内生产总值的比重达到7.9%。盛朝迅说，海洋经济是国民经济重要主导产业，对于稳定经济大盘非常重要。近年来，我国海洋生物医药业、海洋新能源等新兴产业快速发展，成为推动海洋经济高质量发展的重要力量。

　　从区域看，海洋经济在沿海地区经济总量中占比较高，对于经济大省挑大梁、推动东部沿海地区经济转型升级至关重要。从未来发展看，深海空间开发、智能船舶和海洋能规模化发展是重要的未来产业，对于保障国家能源安全、推进海洋强国建设、促进高水平科技自立自强意义重大。

　　同时，海洋蕴含着丰富的资源，包括能源资源、矿产资源以及生物资源。合理开发利用这些资源，对于满足不断增长的资源需求、保障资源供应安全具有重要意义。

　　加快产业转型

　　自然资源部近期发布的数据显示，初步核算，今年前三季度海洋生产总值7.7万亿元，同比增长5.4%，海洋经济呈现稳中有进的向好势头。

　　自然资源部海洋战略规划与经济司有关负责人表示，这是因为在一系列宏观政策作用下，经济形势出现积极变化，市场信心和活力增强，预期不断改善，使发展海洋经济的有利因素不断积累，海洋传统产业发展基础进一步夯实。以造船业为例，工业和信息化部发布数据显示，今年前三季度，我国造船完工量3634万载重吨，同比增长18.2%；新接订单量8711万载重吨，同比增长51.9%；手持订单量19330万载重吨，同比增长44.3%。从我国造船三大指标来看，以载重吨计分别占全球总量的55.1%、74.7%和61.4%，连续14年蝉联全球第一。我国承接了全球70%以上的绿色船舶订单，并实现了对主流船型的全覆盖，绿色、高附加值、独家技术成为造船业今年前三季度的新亮点。

　　海洋新兴产业加速成长。近年来，海洋产业转型升级加快，海工装备制造业向好态势不断巩固。今年前三季度，我国新承接海工订单金额大幅增长，占全球市场份额超过70%。以海洋油气、海上风电为主的多领域海工装备产品取得新突破。风电机组产能占全球市场的60%，叶片产能占全球市场的64%，齿轮箱产能占全球市场的80%，发电机产能占全球市场的73%。2023年，6家中国风电整机商排名全球前十，市场份额超过50%。

　　11月17日，我国自主设计建造的首艘大洋钻探船“梦想”号在广州正式入列，使我国成为全球第三个设计建造大洋钻探船的国家，标志着深海探测关键技术装备取得重大突破。“梦想”号将在全球首次创新集成大洋科学钻探、深海油气勘探和天然气水合物勘查试采等多种功能，为科学研究和产业发展提供技术支持。

　　海洋药物和生物制品业培育也取得积极进展。中药海藻有效活性成分AOS3，提供了海洋中药活性产物在痛风关节炎临床治疗方面的崭新方向和研发靶点，海洋天然产物――西松烷内酯，在抗炎机制和体内抗溃疡性结肠炎的药效被验证，奠定了进入临床试验的基础。

　　向海洋要能源

　　9月27日，首个深水高压气田“深海一号”二期天然气开发项目在海南东南陵水海域投产。这标志着我国攻克了深水高压油气藏开发的世界级难题，深水复杂油气资源开发能力跻身世界先进行列。

　　“深海一号”是我国首个自主勘探开发的超深水大气田，天然气探明地质储量超千亿立方米，一期工程建成投产后，海洋石油勘探开发和生产能力实现了从300米到1500米超深水的历史性跨越，进入“超深水时代”。

　　深水是未来全球油气资源的主要接替区和世界大国争夺的重要战略区。全球超过70%的油气资源蕴藏在海洋中，其中44%来自深水。我国油气资源最丰富的南海，绝大部分油气资源隐藏在深水区域。但在2000年以前，深水油气产量基本为零，2012年深水油气产量占油气总产量的比重仅为8%左右。随着“深海一号”等深水油气田的陆续投产，深水油气产量已达上千万吨。

　　今年以来，我国在南海探获全球首个超深水超浅层大型气田陵水36-1，北部湾乌石17-2油田群和23-5油田群、海南“深海一号”二期天然气开发项目等相继投产，海洋原油、天然气产量同比分别增长5.9%和8.8%。

　　中国海油董事长汪东进表示，我国深水油气勘探开发仍处于初期阶段，在南海莺歌海、琼东南、珠江口3个盆地总体探明天然气储量近8000亿立方米，在珠江口盆地先后发现多个深水油田，未来增储上产前景广阔。

　　与此同时，海上可再生能源快速发展。近日召开的海上风电现代产业链共链行动大会发布数据显示，今年海上风电装机容量有望突破4500万千瓦，将连续4年居全球首位。今年前三季度，海上风电新增并网容量247万千瓦，累计并网容量达到3910万千瓦。截至今年第三季度，我国海上风电累计装机已连续3年稳居全球首位。

　　海上光伏也逐渐吸引更多关注。11月13日，全球首个吉瓦级海上光伏项目――国家能源集团国华投资100万千瓦海上光伏项目成功并网发电。该项目是目前全球成功并网最大的海上光伏项目，为海上光伏产业的规模化发展打开了巨大的想象空间。

　　国家能源集团国华投资山东垦利项目负责人王林说，该项目采用“渔光一体”开发方式，将实现渔业养殖与光伏发电的立体综合开发利用，进一步提升海域综合利用价值。与陆上光伏相比，海上光伏空间利用方式更灵活，可充分利用海域资源，避免对有限陆地资源的占用，未来潜力很大。

　　我国海洋经济的发展仍存在一系列挑战，如陆海统筹有待进一步深化，产业结构深度调整还需加快，科技自主创新能力有待提升，资源与生态环境约束加大等。自然资源部有关负责人表示，未来将加快落实海洋领域增量政策和已出台的存量政策，扎实推动海洋经济高质量发展。"
"港口航运			",https://finance.eastmoney.com/a/202410153206502251.html,港口航运板块异动拉升 凤凰航运涨停,南方财经10月15日电，港口航运板块异动拉升，凤凰航运涨停，厦门港务涨超5%，国航远洋、海通发展、兴通股份等跟涨。
"港口航运			",https://finance.eastmoney.com/a/202410153206500550.html,港口航运板块异动拉升 凤凰航运涨停,上证报中国证券网讯 10月15日，港口航运板块异动拉升，截至11时04分，凤凰航运涨停，厦门港务涨超5%，国航远洋、海通发展、兴通股份等跟涨。
"港口航运			",https://finance.eastmoney.com/a/202410153206500480.html,港口航运板块震荡拉升，凤凰航运4天2板,10月15日上午，港口航运板块震荡拉升，凤凰航运4天2板，厦门港务涨超5%，国航远洋、海通发展、兴通股份等跟涨。
