1,平安银行：科技金融的长期主义践行者∣金融为民_个股资讯_市场_中金在线,http://sc.stock.cnfol.com/ggzixun/20250102/31091548.shtml,,2025-01-02,,1,,1
2,独家丨平安银行零售风控负责人张慎离职,https://www.leiphone.com/category/fintech/KisPMQVNrd4FSWn7.html,,2024-12-31,,1,,1
3,平安银行：从传统的商业银行向智能化零售银行转型,https://finance.sina.com.cn/tech/roll/2025-01-06/doc-ineczaiz3245871.shtml,,2025-01-06,,1,,1
4,数智政务平台发布 平安银行开启智政惠民新篇章 _ 东方财富网,https://finance.eastmoney.com/a/202412133267057674.html,,2024-12-13,,1,,1
5,"平安银行信用卡""多倍积分""新玩法，直击信用卡存量经营""痛点""_中华网",https://hea.china.com/article/20241213/122024_1616224.html,,2024-12-13,,1,,1
6,平安银行2024年度账单：进击的超级入口,https://www.163.com/dy/article/JK47KUR70511RP9U.html,,2024-12-23,,1,,1
7,平安银行2024 年度账单：记录生活消费百态，践行金融为民责任_中华网,https://hea.china.com/article/20241225/122024_1621763.html,,2024-12-25,,1,,1
8,"平安银行北京分行""花漾颐年 艺展风华""颐年艺术节暨反诈宣传季活动圆满收官_产业资讯_行业_中金在线",http://hy.stock.cnfol.com/hangyejingcui/20241217/31067657.shtml,,2024-12-17,,1,,1
9,"平安银行北京分行""花漾颐年 艺展风华""颐年艺术节暨反诈宣传季活动圆满收官宣传季活动圆满收官_产业资讯_行业_中金在线",http://hy.stock.cnfol.com/hangyejingcui/20241217/31067544.shtml,,2024-12-17,,1,,1
10,独家丨平安银行零售风控负责人张慎离职,https://www.leiphone.com/category/fintech/KisPMQVNrd4FSWn7.html,,2024-12-27,,1,,1
11,"平安银行长春分行奏响""五部曲"" 谱写金融教育""新篇章""",http://www.jl.chinanews.com.cn/jrcy/2024-12-19/246553.html,,2024-12-19,,1,,1
12,起拍价低于0.5折！平安银行发布新年第一期个贷不良资产转让,https://finance.sina.com.cn/tech/roll/2025-01-03/doc-inecsmew8914881.shtml,,2025-01-03,,1,,1
13,平安银行无锡分行被罚260万元，涉多项违规行为_中金在线财经号,http://mp.cnfol.com/29171/article/1735375930-141616476,,2024-12-29,,1,,1
14,平安银行无锡分行被罚260万元，涉多项违规行为-银行频道-和讯网,https://bank.hexun.com/2024-12-30/216486724.html,,2024-12-30,,1,,1
15,南京银行，重要动作！|金融部|平安银行|招商银行|兴业银行|北京银行,https://www.163.com/dy/article/JJSNHBIR0530NLC9.html,,2024-12-20,,1,,1
16,以艺术为媒，平安银行书写颐年消保新篇章_中华网,https://hea.china.com/article/20241212/122024_1615647.html,,2024-12-12,,1,,1
17,平安银行成功举办助力央企和战略客户财务公司高质量发展主题研讨会,https://www.nbd.com.cn/articles/2024-12-10/3680433.html,,2024-12-10,,1,,1
18,"""精准滴灌""民营经济、小微企业,平安银行开展""千企万户大走访""",https://www.nbd.com.cn/articles/2024-12-10/3680437.html,,2024-12-10,,1,,1
19,平安银行推出2024年度账单，全面盘点省心省时又省钱的金融生活_中华网,https://hea.china.com/article/20241224/122024_1620871.html,,2024-12-24,,1,,1
20,哪个银行信用卡活动多？平安银行信用卡积分加倍至高享3倍积分_中华网,https://m.tech.china.com/redian/2024/1224/122024_1620945.html,,2024-12-24,,1,,1
21,"平安银行信用卡打造港澳游支付优惠 以""三省""金融服务助力粤港澳消费融合_中华网",https://hea.china.com/article/20241224/122024_1620985.html,,2024-12-24,,1,,1
22,哪个银行信用卡活动多？平安银行信用卡年终大促真实惠_中华网,https://hea.china.com/article/20241224/122024_1620968.html,,2024-12-24,,1,,1
23,平安银行快速响应 采取四大举措破解小微企业融资难题,http://finance.qingdaonews.com/content/2024-12/04/content_23625172.htm,,2024-12-04,,1,,1
24,"对公业务合规警钟长鸣！平安银行大连分行因""对公贷款贷后管理不到位""遭处罚 年内多家银行被点名-银行频道-和讯网",https://bank.hexun.com/2024-12-06/216007793.html,,2024-12-06,,1,,1
25,越秀地产以全新好产品理念，引领行业高质量发展新潮流-业界动态-ITBear科技资讯,http://www.itbear.com.cn/html/2024-12/634343.html,,2024-12-12,,5,,5
26,机器人产业风生水起 海外机构密集调研72只概念股_神州高铁(000008)股吧_东方财富网股吧,"https://guba.eastmoney.com/o/news,000008,1493816131.html",,2024-12-06,,6,,6
27,"《盯紧！神州高铁或成蛇年""大妖股""，万亿轨交风口上的10倍潜力股》蛇年将至，资本_日出东方(603366)股吧_东方财富网股吧","http://guba.eastmoney.com/o/news,603366,1492322983.html",,2024-12-03,,6,,6
28,[担保]神州高铁(000008):为子公司提供担保事项的进展公告- CFi.CN 中财网,http://www.cfi.net.cn/p20241225002673.html,,2024-12-25,,6,,6
29,《盯紧！蛇年科技大蛇妖已就位？神州高铁剑指10倍大妖股》蛇年渐近，资本市场目光聚_黑芝麻(000716)股吧_东方财富网股吧,"http://guba.eastmoney.com/o/news,000716,1492909946.html",,2024-12-04,,6,,6
30,《紧盯！蛇年科技大蛇妖已就位？神州高铁剑指10倍大妖股》蛇年渐近，资本市场目光聚_葫芦娃(605199)股吧_东方财富网股吧,"http://guba.eastmoney.com/o/news,605199,1492914640.html",,2024-12-04,,6,,6
31,万州：构建长江生态廊道  绘就美丽生态画卷-华龙网,https://news.cqnews.net/1/detail/1220140482052743168/web/content_1220140482052743168.html,,2024-12-10,,8,,8
32,美丽生态(000010):持股5%以上股东所持股份新增轮候冻结- CFi.CN 中财网,http://www.cfi.net.cn/p20241219002776.html,,2024-12-19,,8,,8
33,万州：构建长江生态廊道  绘就美丽生态画卷-华龙网,https://news.cqnews.net/1/detail/1220140482052743168/web/content_1220140482052743168.html,,2024-12-31,,8,,8
34,深康佳A重磅出手，半导体版图再拓一步_中金在线财经号,http://mp.cnfol.com/50789/article/1735901281-141623355.html,,2025-01-04,,11,,12
35,深康佳A重磅出手，半导体版图再拓一步_中金在线财经号,http://mp.cnfol.com/50789/article/1735901281-141623355,,2025-01-04,,11,,12
36,深康佳A今起停牌 拟买宏晶微电子控股权_股市聚焦_市场_中金在线,http://sc.stock.cnfol.com/gushijujiao/20241230/31086794.shtml,,2024-12-30,,11,,12
37,"昔日""彩电大王""康佳集团加速多元化？拟收购芯片公司，计划15亿元投建洗衣机项目|深康佳A|刘伟",https://finance.sina.com.cn/tech/roll/2024-12-30/doc-inecfzsr1156496.shtml,,2024-12-30,,11,,12
38,维太创科(06133.HK)拟收购上海深其深科技不少于9%股权_个股资讯_市场_中金在线,http://sc.stock.cnfol.com/ggzixun/20241227/31084798.shtml,,2024-12-27,,14,,16
39,深科技C (167507): 关于安信中证深圳科技创新主题指数型证券投资基金(LOF)2024年香港圣诞节非港股通交易日暂停申购、赎回及定期定额投资业务- CFi.CN 中财网,http://www.cfi.net.cn/p20241220000242.html,,2024-12-20,,14,,16
40,硅谷趋势：智库型VC Fusion Fund如何布局AI和深科技投资？_中华网,https://hea.china.com/article/20241220/122024_1619450.html,,2024-12-20,,14,,16
41,深科技(000021):简式权益变动报告书- CFi.CN 中财网,http://www.cfi.net.cn/p20241220003721.html,,2024-12-20,,14,,16
42,杭港深科技与金融创新论坛，在EIC圆满召开 ——凤凰网房产杭州,https://hz.house.ifeng.com/news/2024_12_04-56883746_0.shtml,,2024-12-04,,14,,16
43,科技LOF (160646): 关于鹏华中证沪港深科技龙头指数证券投资基金（LOF）2024年末及2025年非港股通交易日暂停申购、赎回和定期定额投资业务- CFi.CN 中财网,http://www.cfi.net.cn/p20241226001368.html,,2024-12-26,,14,,16
44,鹏华深圳能源REIT (180401): 鹏华深圳能源清洁能源封闭式基础设施证券投资基金关于更换评估机构- CFi.CN 中财网,http://www.cfi.net.cn/p20241218001102.html,,2024-12-18,,16,,19
45,深圳能源(000027):环保公司以公开挂牌方式实施增资扩股引进战略投资者- CFi.CN 中财网,http://www.cfi.net.cn/p20241219002979.html,,2024-12-19,,16,,19
46,深圳能源(000027):召开2025年第一次临时股东大会的通知- CFi.CN 中财网,http://www.cfi.net.cn/p20241219002978.html,,2024-12-19,,16,,19
47,深圳能源环保公司拟引进战略投资者  100%股份价值超110亿元,http://www.stcn.com/article/detail/1461217.html,,2024-12-19,,16,,19
48,富奥股份(000030):聘任公司总经理- CFi.CN 中财网,http://www.cfi.net.cn/p20241220004435.html,,2024-12-20,,18,,22
49,富奥股份(000030):监事会决议- CFi.CN 中财网,http://www.cfi.net.cn/p20241220004434.html,,2024-12-20,,18,,22
50,富奥股份(000030):董事会决议- CFi.CN 中财网,http://www.cfi.net.cn/p20241220004437.html,,2024-12-20,,18,,22
51,富奥股份(000030):召开2025年第一次临时股东大会通知- CFi.CN 中财网,http://www.cfi.net.cn/p20241220004436.html,,2024-12-20,,18,,22
52,天奇股份联手富奥股份成立新能源科技公司 共同开展电池材料再生利用业务,http://www.stcn.com/article/detail/1437277.html,,2024-12-03,,18,,22
53,富奥股份汽车热管理系统项目落户武汉经开区,https://www.163.com/dy/article/JJ21VC9605199DKK.html,,2024-12-10,,18,,22
54,"""热爱万千，大有意思""静安大悦城举办14周年庆生活动_产业资讯_行业_中金在线",http://hy.stock.cnfol.com/hangyejingcui/20241230/31086130.shtml,,2024-12-30,,2,,23
55,多家首店入驻！北京海淀大悦城即将开业-新华网,http://www.bj.xinhuanet.com/20241220/331ba2fa6c4b48a9829399088aadf01a/c.html,,2024-12-20,,2,,23
56,"静安大悦城：商业体""轻改造""，""泛二次元""带动复合消费",https://www.163.com/dy/article/JJSHJQNL0514R9P4.html,,2024-12-20,,2,,23
57,北京第四座：海淀大悦城即将开业,https://www.163.com/dy/article/JJ50GBEP0514R9OJ.html,,2024-12-12,,2,,23
58,海淀大悦城即将亮相_北京商报,https://www.bbtnews.com.cn/2024/1213/540240.shtml,,2024-12-12,,2,,23
59,"FARMER BOB绒冬假日全国首展登陆厦门大悦城
-本网原创
- 东南网",http://xm.fjsen.com/2024-12/24/content_31809432.htm,,2024-12-24,,2,,23
60,"新商场扎堆开业、老项目新装亮相，年末北京商业集中""上新""|大悦城|北京市",https://www.163.com/dy/article/JKBCK64B0512D3VJ.html,,2024-12-26,,2,,23
61,越秀大悦城·天悦海湾丨主城人才聚集地 现房生活是王道-半岛网,http://news.bandao.cn/a/1733475325099743.html,,2024-12-06,,2,,23
62,北京海淀大悦城开门迎客 海淀区同步启动跨年迎春活动,https://beijing.qianlong.com/2024/1222/8400652.shtml,,2024-12-22,,2,,23
63,"北京第四座大悦城开业 海淀""定制""城市级项目完善商业布局|中关村|城北区",https://www.163.com/dy/article/JJVE5VOM0512D3VJ.html,,2024-12-22,,2,,23
64,越秀大悦城·天悦海湾丨湾海现房生活 不负主城贵地-半岛网,http://news.bandao.cn/a/1734428420835533.html,,2024-12-18,,2,,23
65,"海淀有新""潮""，海淀大悦城开业倒计时深度解析_中华网",https://hea.china.com/article/20241211/122024_1615158.html,,2024-12-11,,2,,23
66,"北京第四座大悦城来了！""海淀大悦城""官宣12月21日开业_中华网",https://hea.china.com/article/20241211/122024_1615162.html,,2024-12-11,,2,,23
67,海淀大悦城今天开门迎客，打造故宫元素购物中心,https://www.163.com/dy/article/JJUSPMGQ0512D3VJ.html,,2024-12-21,,2,,23
68,加强国潮消费 北京第四座大悦城正式开业_北京商报,https://www.bbtnews.com.cn/2024/1221/541288.shtml,,2024-12-21,,2,,23
69,北京海淀大悦城开门迎客 打造故宫元素购物中心,https://beijing.qianlong.com/2024/1222/8400612.shtml,,2024-12-21,,2,,23
70,免费开放！重磅IP FARMER BOB绒冬假日全国首展落地厦门大悦城_中华网,https://m.tech.china.com/redian/2024/1223/122024_1620539.html,,2024-12-23,,2,,23
71,"向""新""而行 ，大悦城控股为城市打开高质量发展新空间|街区",https://www.163.com/dy/article/JIGCIKRR0519APGA.html,,2024-12-03,,2,,23
72,"北京第四座大悦城来了！""海淀大悦城""官宣12月21日开业 - 新乡网－旅游",https://www.xxrb.com.cn/html/2024/lvyou_1213/39089.html,,2024-12-13,,2,,23
73,神州数码联席董事长王冰峰：人工智能尚处在落地早期，需耐心资本加持,https://finance.sina.com.cn/roll/2024-12-26/doc-ineathxh8392181.shtml,,2024-12-25,,3,,25
74,神州数码(000034):华泰联合证券有限责任公司关于神州数码集团股份有限公司全资子公司向合营公司提供财务资助暨关联交易的核查意见- CFi.CN 中财网,http://www.cfi.net.cn/p20241216000754.html,,2024-12-16,,3,,25
75,神州数码(000034):召开2024年第四次临时股东大会的通知- CFi.CN 中财网,http://www.cfi.net.cn/p20241216000756.html,,2024-12-16,,3,,25
76,神州数码(000034):为北京神州数码置业发展有限公司提供财务资助暨关联交易- CFi.CN 中财网,http://www.cfi.net.cn/p20241216000755.html,,2024-12-16,,3,,25
77,神州数码副总裁韩智敏辞职_要闻_科技频道首页_财经网 - CAIJING.COM.CN,http://tech.caijing.com.cn/20241216/5058054.shtml,,2024-12-16,,3,,25
78,神州数码副总裁李刚：大模型幻灭低谷or波动上升？｜甲子引力,https://www.163.com/dy/article/JK6D65LA0512MLBG.html,,2024-12-24,,3,,25
79,神州数码数字化转型再获殊荣，全栈实力引领行业创新潮流-人工智能-ITBear科技资讯,http://www.itbear.com.cn/html/2024-12/622850.html,,2024-12-04,,3,,25
80,神州数码副总裁韩智敏辞职_要闻_科技频道首页_财经网 - CAIJING.COM.CN,http://tech.caijing.com.cn/20241219/5058860.shtml,,2024-12-19,,3,,25
81,神州数码第二大股东折价转让套现10亿元 前三季度扣非仅增2.1%为近9年新低,https://www.163.com/dy/article/JJPN38330530KCTU.html,,2024-12-19,,3,,25
82,神州数码联席董事长王冰峰：人工智能尚处在落地早期，需耐心资本加持,https://finance.sina.com.cn/roll/2024-12-12/doc-inczezhn9715607.shtml,,2024-12-12,,3,,25
83,神州数码联席董事长王冰峰：人工智能尚处在落地早期 需耐心资本加持,https://finance.sina.com.cn/stock/relnews/cn/2024-12-12/doc-inczezhn9723645.shtml,,2024-12-12,,3,,25
84,2024年中国生物质能发电产业供应链十大创新代表性企业：迪森股份、中国天楹、长春集团、圣元环保、伟明环保……_产经_前瞻经济学人,https://t.qianzhan.com/caijing/detail/241129-c2dc77d8.html,,2024-12-04,,19,,26
85,中国天楹(000035):2025年第一次临时股东大会增加临时提案暨股东大会补充通知- CFi.CN 中财网,http://www.cfi.net.cn/p20241226001829.html,,2024-12-26,,19,,26
86,[担保]中国天楹(000035):为子公司提供担保- CFi.CN 中财网,http://www.cfi.net.cn/p20241226001831.html,,2024-12-26,,19,,26
87,中国天楹(000035):召开2025年第一次临时股东大会的通知- CFi.CN 中财网,http://www.cfi.net.cn/p20241220003319.html,,2024-12-20,,19,,26
88,中国天楹(000035):第九届董事会第九次会议决议- CFi.CN 中财网,http://www.cfi.net.cn/p20241220003317.html,,2024-12-20,,19,,26
89,华联控股(000036):华联控股关于召开2024年第二次临时股东大会的提示性公告- CFi.CN 中财网,http://www.cfi.net.cn/p20241226001185.html,,2024-12-26,,2,,27
90,华联控股(000036):华联控股2024年12月19日投资者关系活动记录表- CFi.CN 中财网,http://www.cfi.net.cn/p20241219002129.html,,2024-12-19,,2,,27
91,深南电A：深圳市2024年度土地整备计划中仍包括公司下属南山热电厂土地收储及相关内容,https://www.yicai.com/news/102386581.html,,2024-12-04,,16,,28
92,深南电A(000037):受让卓致基金持有的中圣科技5.6%股份并注销卓致基金- CFi.CN 中财网,http://www.cfi.net.cn/p20241217002701.html,,2024-12-17,,16,,28
93,深南电A(000037.SZ)：受让卓致基金持有的中圣科技5.6%股份并注销卓致基金_个股资讯_市场_中金在线,http://sc.stock.cnfol.com/ggzixun/20241217/31067862.shtml,,2024-12-17,,16,,28
94,100动态｜小米提前公示SUV车型YU 7；中集集团首个海南全程冷链示范项目投产,https://www.nbd.com.cn/articles/2024-12-14/3686093.html,,2024-12-14,,6,,29
95,100动态｜小米提前公示SUV车型YU 7；中集集团首个海南全程冷链示范项目投产,https://www.163.com/dy/article/JJC7E8H90512B07B.html,,2024-12-14,,6,,29
96,"收盘价首次低于1元触及""红线""  ST旭蓝发退市风险提示",https://www.nbd.com.cn/articles/2025-01-01/3707392.html,,2025-01-01,,20,,30
97,"收盘价首次低于1元触及""红线"" ST旭蓝发退市风险提示_凤凰网",https://finance.ifeng.com/c/8fnRv7H3Mba,,2025-01-01,,20,,30
98,[风险]ST旭蓝(000040):控股股东非经营性资金占用进展情况暨股票交易可能被实施退市风险警示的风险提示公告- CFi.CN 中财网,http://www.cfi.net.cn/p20241225003032.html,,2024-12-25,,20,,30
99,新年首家！资金占用责令整改无法按时完成面临停牌 ST旭蓝滑向退市边缘 _ 东方财富网,https://finance.eastmoney.com/a/202501033285827539.html,,2025-01-02,,20,,30
100,中洲控股12月18日收盘报5.29元 下跌0.56% ——凤凰网房产北京,https://house.ifeng.com/news/2024_12_18-56898116_0.shtml,,2024-12-19,,2,,31
101,德赛电池(000049):参加2024年度深圳辖区上市公司集体接待日活动- CFi.CN 中财网,http://www.cfi.net.cn/p20241203001421.html,,2024-12-03,,7,,34
102,赛道Hyper| 深天马A：苹果库克的小甜甜,https://www.163.com/dy/article/JJ7SAMI105198NMR.html,,2024-12-12,,14,,35
103,海南航空加入辽宁方大集团三周年，砥砺前行创新篇-新华网,http://www.hq.xinhuanet.com/20241211/3f127e96ef484e6aa977f85ba5fa0896/c.html,,2024-12-11,,21,,36
104,方大集团：全资子公司签约多个地铁屏蔽门项目 合计金额约6亿元,https://www.yicai.com/news/102409542.html,,2024-12-19,,21,,36
105,方大集团签约多个地铁屏蔽门项目 合计金额约6亿元,http://www.stcn.com/article/detail/1461173.html,,2024-12-19,,21,,36
106,海南航空图强记：加入辽宁方大集团三周年， 砥砺前行创新篇,https://www.nbd.com.cn/articles/2024-12-09/3678579.html,,2024-12-09,,21,,36
107,"新海航加入辽宁方大集团三周年 锚定高质量发展目标 走好新时代""赶考之路""-新华网",http://www.hq.xinhuanet.com/20241209/777a66dfda2b4c13936814629038b527/c.html,,2024-12-09,,21,,36
108,皇庭国际转型新成效：旗下瑞豪新能源成都项目首个充电站盛大开业,https://k.sina.com.cn/article_5953741034_162dee0ea06701q8ci.html,,2024-12-03,,5,,37
109,皇庭国际转型新成效：旗下瑞豪新能源成都项目首个充电站盛大开业,https://k.sina.com.cn/article_7651844612_1c815e20402001n02u.html,,2024-12-03,,5,,37
110,皇庭国际转型提速 瑞豪新能源成都充电项目开业,http://www.stcn.com/article/detail/1437970.html,,2024-12-04,,5,,37
111,300多米高楼晃了晃 深赛格就损失5500万,https://finance.ifeng.com/c/8Cabk3PE8OG,,2024-12-10,,22,,38
112,深 赛 格(000058):中伦关于深赛格2024年第四次临时股东大会的法律意见书- CFi.CN 中财网,http://www.cfi.net.cn/p20241220002939.html,,2024-12-20,,22,,38
113,300多米高楼晃了晃 深赛格就损失5500万,https://finance.ifeng.com/c/8Cabk3PE8OG,,2025-01-01,,22,,38
114,深赛格：拟5628.27万元投建屋顶分布式光伏发电站,https://www.yicai.com/news/102384760.html,,2024-12-03,,22,,38
115,深赛格：拟5628.27万元投建屋顶分布式光伏发电站,https://www.nbd.com.cn/articles/2024-12-03/3670692.html,,2024-12-03,,22,,38
116,深赛格子公司拟投建农产品物流园屋顶分布式光伏发电站,http://www.stcn.com/article/detail/1437348.html,,2024-12-03,,22,,38
117,300多米高楼晃了晃 深赛格就损失5500万,https://finance.ifeng.com/c/8Cabk3PE8OG,,2024-12-31,,22,,38
118,华锦股份(000059):召开2025年第一次临时股东大会的通知- CFi.CN 中财网,http://www.cfi.net.cn/p20241217001530.html,,2024-12-17,,23,,39
119,华锦股份(000059):拟聘任会计师事务所- CFi.CN 中财网,http://www.cfi.net.cn/p20241217001527.html,,2024-12-17,,23,,39
120,温州市民丰农产品有限公司-企业-农博数据中心,http://shuju.aweb.com.cn/enterprise/20120922/144482.html,,2024-12-16,,13,,41
121,"巴南：""国字号""农产品达15个-华龙网",https://www.cqnews.net/1/detail/1317907285467045888/web/content_1317907285467045888.html,,2024-12-16,,13,,41
122,"高质量发展看中国 | 吉林：跑出现代农业发展""加速度""|农产品|舒兰|玉米",https://www.163.com/news/article/JJH3SBFV000189FH.html,,2024-12-16,,13,,41
123,"地利集团入选人民网""2024乡村振兴创新案例""|农产品|乡村振兴",https://finance.sina.com.cn/tech/roll/2024-12-16/doc-inczrkux2792457.shtml,,2024-12-16,,13,,41
124,"2024年赣州市""赣品入沪""农产品产销对接会在上海举办_农博网",http://finance.aweb.com.cn/20241216/597050.shtml,,2024-12-16,,13,,41
125,"97年大学生返乡当村支书走红抖音，组""老年女团""为全村带货农产品_产业资讯_行业_中金在线",http://hy.stock.cnfol.com/hangyejingcui/20241216/31064748.shtml,,2024-12-16,,13,,41
126,产业为基、品牌为翼，固原打开特色农产品产业品牌化战略新篇_中华网,https://digi.china.com/digi/20241216/202412161617236.html,,2024-12-16,,13,,41
127,京长对口合作 长治特色农产品品牌打造推广项目在京成功举办_农博网,http://finance.aweb.com.cn/20241216/597051.shtml,,2024-12-16,,13,,41
128,中共中央国务院关于加快推进农业科技创新持续增强农产品供给保障能力的若干意见-政策法规-农博数据中心,http://shuju.aweb.com.cn/policy/20120928/154799.html,,2024-12-16,,13,,41
129,国务院关于加快推进农业科技创新持续增强农产品供给保障能力的意见-政策法规-农博数据中心,http://shuju.aweb.com.cn/policy/20120320/5.html,,2024-12-16,,13,,41
130,"物理农业：让农产品""快乐""又""环保""-实用技术-农博数据中心",http://shuju.aweb.com.cn/technology/2009/0116/77507582900.shtml,,2025-01-02,,13,,41
131,农业农村部：今日全国农产品批发市场猪肉平均价格比节前上升0.6%,https://www.yicai.com/news/102425629.html,,2025-01-02,,13,,41
132,"米脂小米搭上""电商快车""|陕西|农产品|米脂县|知名企业_网易订阅",https://www.163.com/dy/article/JKTSO0Q10514R9OJ.html,,2025-01-02,,13,,41
133,第21届全国优质农产品（上海）采购交易会圆满落幕！参展商盛赞有加！_中华网,https://hea.china.com/article/20250102/012025_1625394.html,,2025-01-02,,13,,41
134,上饶品牌强农新路径：产销融合助力农产品提质增效-业界动态-ITBear科技资讯,http://www.itbear.com.cn/html/2025-01/662713.html,,2025-01-02,,13,,41
135,石阡农产品走俏2025年铜仁市巾帼年货场-新华网,http://www.gz.xinhuanet.com/20250102/6f3fb1f82cc24acab153a926b11d4163/c.html,,2025-01-02,,13,,41
136,全国农产品稳产保供有力 市场购销两旺,https://china.qianlong.com/2025/0102/8407252.shtml,,2025-01-02,,13,,41
137,无公害农产品生产技术规程-实用技术-农博数据中心,http://shuju.aweb.com.cn/technology/news/2007/3/5/10564221.shtml,,2025-01-02,,13,,41
138,无公害农产品生产推荐农药品种和植保机械名单-实用技术-农博数据中心,http://shuju.aweb.com.cn/technology/news/2002/7/26/9550443.htm,,2025-01-02,,13,,41
139,无公害农产品生产推荐农药品种和植保机械名单-实用技术-农博数据中心,http://shuju.aweb.com.cn/technology/2002/0726/819509550400.shtml,,2025-01-02,,13,,41
140,国务院办公厅关于进一步加强鲜活农产品运输和销售工作的通知-政策法规-农博数据中心,http://shuju.aweb.com.cn/policy/20120328/3942.html,,2025-01-02,,13,,41
141,湖南优质农产品集中亮相农交会，展区现场人气火爆,https://hunan.ifeng.com/c/8f0zWnzdtFJ,,2024-12-04,,13,,41
142,"河北特色农产品如何""出圈""：青县蔬菜何以热销京津凤凰网河北_凤凰网",https://hebei.ifeng.com/c/8f0zWnzdtKp,,2024-12-04,,13,,41
143,湖南省优质农产品品牌推介活动在兰举行-新华网,http://www.gs.xinhuanet.com/20241204/87c74e44c12b4d6aa83b5c578f52431f/c.html,,2024-12-04,,13,,41
144,"筑牢""舌尖安全""防线！宁波市以执法力量助推农产品承诺达标合格证""亮证""凤凰网宁波_凤凰网",https://nb.ifeng.com/c/8f0ZpBPXByF,,2024-12-04,,13,,41
145,怀化国际陆港开行中越铁路冷链农产品出口专列 - 市州精选 - 湖南在线,https://hunan.voc.com.cn/article/202412/202412040830352858.html,,2024-12-04,,13,,41
146,"""广东军创""优质农产品开启走向世界新篇章_南方网",https://news.southcn.com/node_d16fadb650/7462d41ff1.shtml,,2024-12-04,,13,,41
147,"护航本土农产品更好""走出去"",南通网-南通新闻－资讯－生活首选门户",http://www.zgnt.net/content/2024-12/04/content_3247030.htm,,2024-12-04,,13,,41
148,淄博农品在第二十一届中国国际农产品交易会上受热捧,http://zibo.sdnews.com.cn/xwzx/202412/t20241204_4466070.htm,,2024-12-04,,13,,41
149,"购购购！""新春集中行动""农产品展销年货大集即将亮相海南冬交会-新闻中心-南海网",http://www.hinews.cn/news/system/2024/12/04/033236887.shtml,,2024-12-04,,13,,41
150,寻觅好食材 溯源经典味 院士专家湘潭行暨特色农产品展销活动举行,https://news.cau.edu.cn/mtndnew/272223950a4944ed9df4eb755367fdae.htm,,2024-12-04,,13,,41
151,张名位：定制个性化营养食品 引领农产品高值利用—新闻—科学网,https://news.sciencenet.cn/htmlnews/2024/12/535251.shtm,,2024-12-04,,13,,41
152,"青县蔬菜何以热销京津——九问河北特色农产品如何""出圈""（三）",https://news.cau.edu.cn/mtndnew/8a8ef4ec799d433fa685798d3da9a7b9.htm,,2024-12-04,,13,,41
153,联合国粮农组织：2024年农产品市场状况,https://finance.sina.com.cn/tech/roll/2024-12-05/doc-incyizyc0115035.shtml,,2024-12-04,,13,,41
154,"""井冈山""农产品成海外抢手货-江西新闻网",https://jiangxi.jxnews.com.cn/system/2024/12/26/020741147.shtml,,2024-12-26,,13,,41
155,"""井冈山""农产品成海外抢手货-中国江西网",https://www.jxcn.cn/system/2024/12/26/020741515.shtml,,2024-12-26,,13,,41
156,"第六届江西""生态鄱阳湖 绿色农产品""博览会暨江西电商年货节新闻发布会凤凰网江西_凤凰网",https://jx.ifeng.com/c/8fb4upFUPEi,,2024-12-26,,13,,41
157,"""粤""""过山海 广东向长三角推荐农产品（年鱼、年菜）_中国网",http://union.china.com.cn/jdnews/txt/2024-12/26/content_42998794.html,,2024-12-26,,13,,41
158,"第六届江西""生态鄱阳湖 绿色农产品""博览会暨江西电商年货节将在南昌举行-中国农网",https://www.farmer.com.cn/2024/12/26/99973138.html,,2024-12-26,,13,,41
159,奇台特色农产品外销平台在福州持续上新_福州_新闻频道_福州新闻网,https://news.fznews.com.cn/fzxw/20241226/m72I4D9513.shtml,,2024-12-26,,13,,41
160,"辣媳妇获""重庆名牌农产品认证""：既要创""牌"" 更要亮""牌""_中华网",https://tech.china.com/article/20241226/122024_1622590.html,,2024-12-26,,13,,41
161,中共中央国务院关于加快推进农业科技创新持续增强农产品供给保障能力的若干意见-政策法规-农博数据中心,http://shuju.aweb.com.cn/policy/20120928/154799.html,,2024-12-26,,13,,41
162,"前11个月我市外贸进出口总值超6300亿元 农产品""出海""势头强劲--视界网",https://www.cbg.cn/show/5555-4489531.html,,2024-12-26,,13,,41
163,"尺素金声丨站上1.4万亿斤新台阶，建设更高水平""大国粮仓""|夏粮|农产品|秋粮",https://www.163.com/news/article/JJCKVMBN000189FH.html,,2024-12-14,,13,,41
164,河北品牌农产品万里行（上海站）暨邯郸品牌农产品宣传推介活动成功举办,https://china.qianlong.com/2024/1214/8396011.shtml,,2024-12-14,,13,,41
165,国内外农产品保鲜新技术研究动态与发展趋势-实用技术-农博数据中心,http://shuju.aweb.com.cn/technology/2009/0714/775083647920.shtml,,2024-12-14,,13,,41
166,无公害农产品生产技术规程-实用技术-农博数据中心,http://shuju.aweb.com.cn/technology/news/2007/3/5/10564221.shtml,,2024-12-14,,13,,41
167,闽清举办橄榄活力充能嘉年华 名优农产品亮相海峡国际会展中心 - 闽清,http://fz.fjsen.com/2024-12/14/content_31801850.htm,,2024-12-14,,13,,41
168,永登七山羊特色农产品助力乡村振兴-新华网,http://www.gs.xinhuanet.com/20241212/31ab4eab2fc1491a9ade6ff07330eb4b/c.html,,2024-12-12,,13,,41
169,"【平武】优质农产品上""云端"" 借力""小屏幕""打开""大市场""_绵阳新闻网",http://www.myrb.net/html/2024/news/12/403909.html,,2024-12-12,,13,,41
170,中山市十大标志农产品公布-政务频道,https://www.zsnews.cn/wz/index/view/cateid/41/id/742656.html,,2024-12-12,,13,,41
171,"践行大食物观构建多元化食物供给体系 专家谈 | ""严""""优""并重 更高水平保障农产品质量安全-中国农网",https://www.farmer.com.cn/2024/12/12/99971988.html,,2024-12-12,,13,,41
172,国内外农产品保鲜新技术研究动态与发展趋势-实用技术-农博数据中心,http://shuju.aweb.com.cn/technology/2009/0714/775083647920.shtml,,2024-12-12,,13,,41
173,技术培训助力大理漾濞农产品实现绿色高效发展-新华网,http://yn.xinhuanet.com/20241212/15f76a44664044ed95d70d99367f0d3c/c.html,,2024-12-12,,13,,41
174,这次运什么？广州低空新鲜农产品物流运输项目首次测试运营_广州日报大洋网,https://news.dayoo.com/guangzhou/202412/12/139995_54760199.htm,,2024-12-12,,13,,41
175,"首衡应急中转站启动  京津冀农产品保供驶入""快车道""-千龙网·中国首都网",https://china.qianlong.com/2024/1212/8394977.shtml,,2024-12-12,,13,,41
176,行业协会商会联合推介湖北省优质农产品-中国农网,https://www.farmer.com.cn/2024/12/12/99972072.html,,2024-12-12,,13,,41
177,首届全国农产品质量安全科普大赛圆满落幕-中国农网,https://www.farmer.com.cn/2024/12/12/99972068.html,,2024-12-12,,13,,41
178,"北京平谷""博士农场""农产品扎根湖北郧西-千龙网·中国首都网",https://beijing.qianlong.com/2024/1213/8395248.shtml,,2024-12-12,,13,,41
179,中共中央国务院关于加快推进农业科技创新持续增强农产品供给保障能力的若干意见-政策法规-农博数据中心,http://shuju.aweb.com.cn/policy/20120928/154799.html,,2024-12-12,,13,,41
180,国务院办公厅关于进一步加强鲜活农产品运输和销售工作的通知-政策法规-农博数据中心,http://shuju.aweb.com.cn/policy/20120928/154873.html,,2024-12-12,,13,,41
181,国务院办公厅关于进一步加强鲜活农产品运输和销售工作的通知-政策法规-农博数据中心,http://shuju.aweb.com.cn/policy/20120928/154873.html,,2025-01-05,,13,,41
182,"大连：智慧冷库让农产品""鲜""行市场_央广网",https://dl.cnr.cn/gstjdl/20250105/t20250105_527031457.shtml,,2025-01-05,,13,,41
183,国务院关于加快推进农业科技创新持续增强农产品供给保障能力的意见-政策法规-农博数据中心,http://shuju.aweb.com.cn/policy/20120320/5.html,,2025-01-05,,13,,41
184,深圳市农产品股份有限公司-企业-农博数据中心,http://shuju.aweb.com.cn/enterprise/20120425/4726.html,,2024-12-22,,13,,41
185,新华时评｜构建多元化食物供给体系，增强重要农产品供给保障能力_开发_资源,https://www.sohu.com/a/840247750_267106?edtsign=5585732D4C2D911950E47D0BA2E28ABDF7105A3A&edtcode=v1kPcsuVpwONqQTmI9mDPg==&scm=thor.282_14-200000.0.0.&ace=8EF867E09B456F6A6AB2796C29F757B17B48F058,,2024-12-22,,13,,41
186,新华时评｜构建多元化食物供给体系，增强重要农产品供给保障能力-新华网,http://www.gd.xinhuanet.com/20241222/093fdc6ee494413f89725b1ac57a0906/c.html,,2024-12-22,,13,,41
187,中共中央国务院关于加快推进农业科技创新持续增强农产品供给保障能力的若干意见-政策法规-农博数据中心,http://shuju.aweb.com.cn/policy/20120928/154799.html,,2024-12-22,,13,,41
188,国内外农产品保鲜新技术研究动态与发展趋势-实用技术-农博数据中心,http://shuju.aweb.com.cn/technology/2009/0714/775083647920.shtml,,2024-12-22,,13,,41
189,新华时评｜构建多元化食物供给体系，增强重要农产品供给保障能力,https://news.ycwb.com/2024-12/21/content_53135270.htm,,2024-12-22,,13,,41
190,闽侯雪峰村农产品交易中心春节前完工_福州_新闻频道_福州新闻网,https://news.fznews.com.cn/minhou/20241224/6ih93V51vh.shtml,,2024-12-24,,13,,41
191,"从网红到山区农产品推销员 ""闽侯芳姐""拍短视频为家乡""引流""_福州_新闻频道_福州新闻网",https://news.fznews.com.cn/minhou/20241224/x1hx6226Dy.shtml,,2024-12-24,,13,,41
192,"100克""太空种子""将交付海口龙华区 涉及四个农产品品种-新闻中心-南海网",http://www.hinews.cn/news/system/2024/12/24/033245009.shtml,,2024-12-24,,13,,41
193,中山市十大标志农产品公布-政务频道,https://www.zsnews.cn/wz/index/view/cateid/41/id/742656.html,,2024-12-24,,13,,41
194,农业农村部：全国农产品批发市场猪肉均价比昨天降1.2%,https://www.nbd.com.cn/articles/2024-12-24/3697905.html,,2024-12-24,,13,,41
195,廊坊市神鹰农产品有限责任公司-企业-农博数据中心,http://shuju.aweb.com.cn/enterprise/20120922/145150.html,,2024-12-24,,13,,41
196,无公害农产品生产推荐农药品种和植保机械名单-实用技术-农博数据中心,http://shuju.aweb.com.cn/technology/news/2002/7/26/9550443.htm,,2024-12-24,,13,,41
197,中共中央国务院关于加快推进农业科技创新持续增强农产品供给保障能力的若干意见-政策法规-农博数据中心,http://shuju.aweb.com.cn/policy/20120928/154799.html,,2025-01-04,,13,,41
198,"新年再出发！""好品山东""品牌农产品北上解锁新""京""喜 - 全景山东 山东新闻",http://sd.sdnews.com.cn/yw/202501/t20250103_4478829.htm,,2025-01-04,,13,,41
199,"农业科技兴 乡村生活美——""高质量发展调研行""聚焦全面推进乡村振兴|水稻|农产品|蔬菜",https://www.163.com/news/article/JL2O67U2000189FH.html,,2025-01-04,,13,,41
200,无公害农产品生产推荐农药品种和植保机械名单-实用技术-农博数据中心,http://shuju.aweb.com.cn/technology/2002/0726/819509550400.shtml,,2025-01-04,,13,,41
201,2024年黔西南州18个农产品获国家级认证,https://www.gzstv.com/a/e3b230955c424860affbf10ecc9e8289,,2025-01-04,,13,,41
202,胶州大白菜电商直播热卖，溯源直播助力农产品畅销全国！-企业动态-小熊财经,http://finance.itbear.com.cn/html/2025-01/128091.html,,2025-01-04,,13,,41
203,"""三农""这个压舱石如何稳？来看一组数据→|农产品_网易政务",https://www.163.com/news/article/JL397N2V000189FH.html,,2025-01-04,,13,,41
204,泰国农业部携手泰国商品交易所（TCE）打造数字农业新生态：推动泰国农产品走向全球市场_期货日报网,http://www.qhrb.com.cn/articles/332114,,2025-01-04,,13,,41
205,温州市民丰农产品有限公司-企业-农博数据中心,http://shuju.aweb.com.cn/enterprise/20120922/144482.html,,2025-01-04,,13,,41
206,国务院办公厅关于进一步加强鲜活农产品运输和销售工作的通知-政策法规-农博数据中心,http://shuju.aweb.com.cn/policy/20120328/3942.html,,2025-01-04,,13,,41
207,食品农产品的真空冷冻干燥技术-实用技术-农博数据中心,http://shuju.aweb.com.cn/technology/2009/0908/775091404620.shtml,,2024-12-10,,13,,41
208,"""甘味出陇""自飘香——甘肃省特色优质农产品参展第二十一届中国国际农产品交易会观察-新华网",http://www.gs.xinhuanet.com/20241210/d13a85d32bd44db6a8e838db585a1edc/c.html,,2024-12-10,,13,,41
209,"农产品转化增值实现""丰收到手""--经济·科技--人民网",http://finance.people.com.cn/n1/2024/1210/c1004-40378870.html,,2024-12-10,,13,,41
210,"南北携手""吉字号""供销特色农产品亮相三亚-新闻中心-南海网",http://www.hinews.cn/news/system/2024/12/10/033239278.shtml,,2024-12-10,,13,,41
211,"第27届冬交会在海南闭幕 近百款特色农产品""湘""味浓 - 今日关注 - 湖南在线",https://hunan.voc.com.cn/article/202412/202412091806285518.html,,2024-12-10,,13,,41
212,2024 全球高端食品及优质农产品（深圳）博览会清远农产品产销对接活动成功举办_中华网,https://hea.china.com/article/20241210/122024_1614422.html,,2024-12-10,,13,,41
213,安顺加大农产品品牌培育力度-新华网,http://www.gz.xinhuanet.com/20241210/d2adae4bb86a4f3d847cf5fd7b3de0fd/c.html,,2024-12-10,,13,,41
214,"农产品转化增值实现""丰收到手""-中国农网",https://www.farmer.com.cn/2024/12/10/99971812.html,,2024-12-10,,13,,41
215,国务院关于加快推进农业科技创新持续增强农产品供给保障能力的意见-政策法规-农博数据中心,http://shuju.aweb.com.cn/policy/20120320/5.html,,2024-12-10,,13,,41
216,中国制造再升级！电动三轮车海外热销，农产品出口也强劲-手机快报-ITBear科技资讯,http://www.itbear.com.cn/html/2024-12/631053.html,,2024-12-10,,13,,41
217,中国制造新风采：电动三轮车海外热销，农产品出口稳步增长-手机快报-ITBear科技资讯,http://www.itbear.com.cn/html/2024-12/631159.html,,2024-12-10,,13,,41
218,"六盘山冷凉蔬菜亮相京城，固原特色地标农产品""预""见美味_中华网",https://digi.china.com/digi/20241210/202412101614924.html,,2024-12-10,,13,,41
219,中国制造新风采：电动三轮车与农产品携手海外受热捧-手机快报-ITBear科技资讯,http://www.itbear.com.cn/html/2024-12/631373.html,,2024-12-10,,13,,41
220,中国制造新风采：电动三轮车海外热销，农产品出口持续增长-手机快报-ITBear科技资讯,http://www.itbear.com.cn/html/2024-12/631438.html,,2024-12-10,,13,,41
221,中国制造新风采！电动三轮车海外走红，农产品出口也势头强劲-手机快报-ITBear科技资讯,http://www.itbear.com.cn/html/2024-12/631515.html,,2024-12-10,,13,,41
222,国务院办公厅关于进一步加强鲜活农产品运输和销售工作的通知-政策法规-农博数据中心,http://shuju.aweb.com.cn/policy/20120328/3942.html,,2024-12-10,,13,,41
223,温州市民丰农产品有限公司-企业-农博数据中心,http://shuju.aweb.com.cn/enterprise/20120922/144482.html,,2024-12-10,,13,,41
224,"农产品转化增值实现""丰收到手""",https://news.cau.edu.cn/mtndnew/888974cb39684c009916186c125682cb.htm,,2024-12-10,,13,,41
225,上海大宗农产品市场经营管理有限公司-企业-农博数据中心,http://shuju.aweb.com.cn/enterprise/20120923/150050.html,,2024-12-30,,13,,41
226,"鲜鸡蛋、海葡萄！三亚崖州区2个农产品入选""国字号""荣誉榜-新闻中心-南海网",http://www.hinews.cn/news/system/2024/12/30/033247192.shtml,,2024-12-30,,13,,41
227,国务院关于加快推进农业科技创新持续增强农产品供给保障能力的意见-政策法规-农博数据中心,http://shuju.aweb.com.cn/policy/20120320/5.html,,2024-12-30,,13,,41
228,"山西省总工会""助农惠工·晋情消费""活动助力古交农产品展销_中华网",https://hea.china.com/article/20241230/122024_1623830.html,,2024-12-30,,13,,41
229,国务院办公厅关于进一步加强鲜活农产品运输和销售工作的通知-政策法规-农博数据中心,http://shuju.aweb.com.cn/policy/20120928/154873.html,,2024-12-30,,13,,41
230,一亩田农产品交易优势突显，为农业产业振兴注入新动力_中华网,https://hea.china.com/article/20241230/122024_1624156.html,,2024-12-30,,13,,41
231,温州市民丰农产品有限公司-企业-农博数据中心,http://shuju.aweb.com.cn/enterprise/20120922/144482.html,,2024-12-30,,13,,41
232,"绿色优质农产品达4033个 湖南用""绿色""丰富乡村振兴""菜单""_经济.民生_湖南频道_红网",https://hn.rednet.cn/content/646856/74/14588531.html,,2024-12-30,,13,,41
233,农业部和财政部将启动农产品产地初加工惠民工程-实用技术-农博数据中心,http://shuju.aweb.com.cn/technology/20121013/228661.html,,2024-12-30,,13,,41
234,农业农村部：农产品质量安全例行监测合格率首次达到98％,https://www.163.com/dy/article/JJRG3EVJ0514R9M0.html,,2024-12-20,,13,,41
235,中共中央国务院关于加快推进农业科技创新持续增强农产品供给保障能力的若干意见-政策法规-农博数据中心,http://shuju.aweb.com.cn/policy/20120928/154799.html,,2024-12-20,,13,,41
236,农业农村部：农产品质量安全例行监测合格率首次达到98%--经济·科技--人民网,http://finance.people.com.cn/n1/2024/1220/c1004-40386214.html,,2024-12-20,,13,,41
237,安全农产品用肥用药技术-实用技术-农博数据中心,http://shuju.aweb.com.cn/technology/news/2006/5/12/9094176.shtml,,2024-12-20,,13,,41
238,绥化 规上农产品加工业营收突破400亿元,https://www.hljnews.cn/jjny/content/2024-12/20/content_819628.html,,2024-12-20,,13,,41
239,"甘肃省农产品""三品一标""工作推进会举行-中国农网",https://www.farmer.com.cn/2024/12/20/99972703.html,,2024-12-20,,13,,41
240,"重庆""土特产""""老字号""亮相中国农产品加工业投资贸易洽谈会--视界网",https://www.cbg.cn/show/5555-4475401.html,,2024-12-20,,13,,41
241,小蜜蜂中百签购销合同 本地特色农产品进超市-实用技术-农博数据中心,http://shuju.aweb.com.cn/technology/20121015/249226.html,,2024-12-20,,13,,41
242,西安特色农产品线上直播活动举办,https://www.sxdaily.com.cn/2024-12/19/content_10988778.html,,2024-12-19,,13,,41
243,推动特色农产品走出去 弋阳主官拿出这些好法子-江西新闻网,https://jiangxi.jxnews.com.cn/system/2024/12/19/020733862.shtml,,2024-12-19,,13,,41
244,全国农产品优质货都在杭州这场博览会上-杭州新闻中心-杭州网,https://hznews.hangzhou.com.cn/jingji/content/2024-12/19/content_8827989.htm,,2024-12-19,,13,,41
245,推动特色农产品走出去 弋阳主官拿出这些好法子-中国江西网,https://www.jxcn.cn/system/2024/12/19/020734046.shtml,,2024-12-19,,13,,41
246,中山市十大标志农产品公布-政务频道,https://www.zsnews.cn/wz/index/view/cateid/41/id/742656.html,,2024-12-19,,13,,41
247,农产品：拟1.68亿元向控股股东转让小贷公司100%股权,https://www.yicai.com/news/102409641.html,,2024-12-19,,13,,41
248,国内外农产品保鲜新技术研究动态与发展趋势-实用技术-农博数据中心,http://shuju.aweb.com.cn/technology/2009/0714/775083647920.shtml,,2024-12-19,,13,,41
249,"""井冈山""农产品销售额超120亿元 吉安这场攻坚战成效显著-吉安频道",https://jxja.jxnews.com.cn/system/2024/12/19/020735037.shtml,,2024-12-19,,13,,41
250,农产品拟1.68亿元向控股股东转让小贷公司100%股权,http://www.stcn.com/article/detail/1461219.html,,2024-12-19,,13,,41
251,重庆农企闪耀第26届中洽会，百余款精品农产品引领农业新风尚！-业界动态-ITBear科技资讯,http://www.itbear.com.cn/html/2024-12/645550.html,,2024-12-19,,13,,41
252,业内专家共话大宗农产品交易市场发展新路径_期货日报网,http://www.qhrb.com.cn/articles/331202,,2024-12-09,,13,,41
253,"海口120余种热带优质农产品借会""出圈"" 椰城缤纷好物 ""吸睛""又""吸金""_海口网",http://www.hkwb.net/news/content/2024-12/09/content_4308691.htm,,2024-12-09,,13,,41
254,好吃好看！农交会清远农产品推介活动成功举办-新华网,http://www.gd.xinhuanet.com/20241209/26f5e0261dd440809e41d29ad525e7de/c.html,,2024-12-09,,13,,41
255,温州市民丰农产品有限公司-企业-农博数据中心,http://shuju.aweb.com.cn/enterprise/20120922/144482.html,,2024-12-09,,13,,41
256,"江苏省""互联网+""农产品出村进城交流培训会顺利召开",https://www.yangtse.com/content/1955287.html,,2024-12-09,,13,,41
257,国务院办公厅关于进一步加强鲜活农产品运输和销售工作的通知-政策法规-农博数据中心,http://shuju.aweb.com.cn/policy/20120928/154873.html,,2024-12-09,,13,,41
258,中共中央国务院关于加快推进农业科技创新持续增强农产品供给保障能力的若干意见-政策法规-农博数据中心,http://shuju.aweb.com.cn/policy/20120928/154799.html,,2024-12-09,,13,,41
259,"物理农业：让农产品""快乐""又""环保""-实用技术-农博数据中心",http://shuju.aweb.com.cn/technology/2009/0116/77507582900.shtml,,2024-12-09,,13,,41
260,计算机毕业设计Python+大模型农产品推荐系统 农产品爬虫 农产品商城 农产品大数据 农产品数据分析可视化 PySpark Hadoop-CSDN博客,https://blog.csdn.net/spark2022/article/details/144233921,,2024-12-09,,13,,41
261,"物理农业：让农产品""快乐""又""环保""-实用技术-农博数据中心",http://shuju.aweb.com.cn/technology/2009/0116/77507582900.shtml,,2024-12-07,,13,,41
262,中央企业前10个月采购脱贫地区农产品超60亿元 - 国内动态 - 华声新闻,https://news.voc.com.cn/article/202412/202412070843127979.html,,2024-12-07,,13,,41
263,中央企业前10个月采购脱贫地区农产品超60亿元-大河网,https://news.dahe.cn/2024/12-07/1862569.html,,2024-12-07,,13,,41
264,中央企业前10个月采购脱贫地区农产品超60亿元_中国江苏网,https://news.jschina.com.cn/gn/202412/t20241207_s67539d7ae4b019bd16d28296.shtml,,2024-12-07,,13,,41
265,"""儋州有味""特色农产品品牌推介活动在冬交会期间举办-新闻中心-南海网",http://www.hinews.cn/news/system/2024/12/07/033238309.shtml,,2024-12-07,,13,,41
266,郑商所副总经理王晓明：推动上市葵花籽油期货，稳步推进鸡肉、大蒜、马铃薯等农产品期货研发 _ 东方财富网,https://finance.eastmoney.com/a/202412073262035820.html,,2024-12-07,,13,,41
267,郑商所副总经理王晓明：推动上市葵花籽油期货，稳步推进鸡肉、大蒜、马铃薯等农产品期货研发,https://www.yicai.com/brief/102391263.html,,2024-12-07,,13,,41
268,"海南12大农产品品牌""村秀""集体亮相-中国农网",https://www.farmer.com.cn/2024/12/07/99971653.html,,2024-12-07,,13,,41
269,海南农产品省外市场精准对接活动在海口举办-新闻中心-南海网,http://www.hinews.cn/news/system/2024/12/07/033238381.shtml,,2024-12-07,,13,,41
270,临高农产品新品牌在冬交会上受关注-新闻中心-南海网,http://www.hinews.cn/news/system/2024/12/07/033238379.shtml,,2024-12-07,,13,,41
271,国务院关于加快推进农业科技创新持续增强农产品供给保障能力的意见-政策法规-农博数据中心,http://shuju.aweb.com.cn/policy/20120320/5.html,,2024-12-07,,13,,41
272,文昌百余款特色农产品亮相冬交会 文昌鸡陆空联运生鲜专线开通-新闻中心-南海网,http://www.hinews.cn/news/system/2024/12/07/033238434.shtml,,2024-12-07,,13,,41
273,万宁特色农产品在冬交会受热捧 几百个和乐粽子仅半天售罄-新闻中心-南海网,http://www.hinews.cn/news/system/2024/12/07/033238437.shtml,,2024-12-07,,13,,41
274,"签约额1.31亿元！海口美兰区""美兰好品""农产品公用品牌推介会成功举办-新闻中心-南海网",http://www.hinews.cn/news/system/2024/12/07/033238440.shtml,,2024-12-07,,13,,41
275,温州市民丰农产品有限公司-企业-农博数据中心,http://shuju.aweb.com.cn/enterprise/20120922/144482.html,,2024-12-07,,13,,41
276,无公害农产品生产技术规程-实用技术-农博数据中心,http://shuju.aweb.com.cn/technology/news/2007/3/5/10564221.shtml,,2024-12-07,,13,,41
277,国务院办公厅关于进一步加强鲜活农产品运输和销售工作的通知-政策法规-农博数据中心,http://shuju.aweb.com.cn/policy/20120328/3942.html,,2024-12-17,,13,,41
278,"农业更高效 乡村更美好——2024，喜看""三农""新图景|农产品",https://www.163.com/news/article/JJJOHI01000189FH.html,,2024-12-17,,13,,41
279,我市10个农产品入选国家级名单_绵阳新闻网,http://www.myrb.net/html/2024/news/12/404321.html,,2024-12-17,,13,,41
280,"2024年""桂字号""农产品南宁市马山县产销对接（郑州）活动成功举办_中华网",https://hea.china.com/article/20241217/122024_1617555.html,,2024-12-17,,13,,41
281,北纬18°的绿：海南绿色优质农产品蓬勃发展-中国农网,https://www.farmer.com.cn/2024/12/17/99972370.html,,2024-12-17,,13,,41
282,浅析助农品牌巧农赞对溧阳当地农产品行业发展的带动_中华网,https://digi.china.com/digi/20241217/202412171617986.html,,2024-12-17,,13,,41
283,国务院办公厅关于进一步加强鲜活农产品运输和销售工作的通知-政策法规-农博数据中心,http://shuju.aweb.com.cn/policy/20120928/154873.html,,2024-12-17,,13,,41
284,首届全国农产品质量安全科普大赛圆满落幕,https://china.qianlong.com/2024/1217/8397693.shtml,,2024-12-17,,13,,41
285,"""乡村振兴号""海南农产品冷链班列出岛-新闻中心-南海网",http://www.hinews.cn/news/system/2024/12/29/033246724.shtml,,2024-12-29,,13,,41
286,国务院办公厅关于进一步加强鲜活农产品运输和销售工作的通知-政策法规-农博数据中心,http://shuju.aweb.com.cn/policy/20120328/3942.html,,2024-12-29,,13,,41
287,"""乡村振兴号""海南农产品冷链班列出岛-新华网",http://www.hq.xinhuanet.com/20241229/940176d5ea98405398b47e7122a3b11a/c.html,,2024-12-29,,13,,41
288,"2024年终经济观察丨告别""提篮小卖"" 跟着""甜度地图""让甜蜜走向世界_农产品_乡村_农业",https://www.sohu.com/a/843000359_429139?edtsign=1F01F582A791AE6463DCB7D0B3FBD723A9484E08&edtcode=t2LpbykuINx4I7go63iwYw==&scm=thor.282_14-200000.0.0.&ace=90EA926B7BA9BCB77E6015B17C1A55C3AC42A07C,,2024-12-29,,13,,41
289,"海南""新春集中行动""农产品展销大集品鉴对接专场举办-新闻中心-南海网",http://www.hinews.cn/news/system/2024/12/29/033246804.shtml,,2024-12-29,,13,,41
290,"""寻味山河行""助力盐中甜酱菜推广，开辟云南特色农产品产业新路径_中华网",https://hea.china.com/article/20241229/122024_1623416.html,,2024-12-29,,13,,41
291,"（聚焦中国高质量发展）从""国人粮仓""到""世人餐桌""，""中原粮仓""底气足|农产品|农谷",https://www.163.com/news/article/JKJCFQHF000189FH.html,,2024-12-29,,13,,41
292,"（聚焦中国高质量发展）从""国人粮仓""到""世人餐桌""，""中原粮仓""底气足_河南省_创新_农产品",https://www.sohu.com/a/842933053_123753?edtsign=715ECE8F975C02199080ED52231C6CEE6F3DE7A1&edtcode=t2LpbykuINx4I7go63iwYw==&scm=thor.282_14-200000.0.0.&ace=DE73B942133567C65925A843679E75D666C6D83D,,2024-12-29,,13,,41
293,"""寻味山河行""助力盐中甜酱菜推广，开辟云南特色农产品产业新路-千龙网·中国首都网",https://china.qianlong.com/2024/1229/8404742.shtml,,2024-12-29,,13,,41
294,"2025""金牌年菜""出海活动正式启动|年货|农产品|谢瑞麟|进出口",https://www.163.com/dy/article/JKK0HV7Q05199NPP.html,,2024-12-29,,13,,41
295,绿橙、油茶、燕窝果……琼中多款特色农产品亮相冬交会-新闻中心-南海网,http://www.hinews.cn/news/system/2024/12/05/033237368.shtml,,2024-12-05,,13,,41
296,白沙17家企业携30余款特色农产品亮相冬交会-新闻中心-南海网,http://www.hinews.cn/news/system/2024/12/05/033237474.shtml,,2024-12-05,,13,,41
297,"琳琅满目 ！三亚150余种""新奇特优""农产品亮相冬交会-新闻中心-南海网",http://www.hinews.cn/news/system/2024/12/05/033237533.shtml,,2024-12-05,,13,,41
298,屯昌12家企业携130余款特色农产品亮相冬交会-新闻中心-南海网,http://www.hinews.cn/news/system/2024/12/05/033237525.shtml,,2024-12-05,,13,,41
299,"浙江：用5年时间打造农村电商""全国新高地""|农产品|电商化|浙江省",https://www.163.com/dy/article/JIM5M37K0514R9OJ.html,,2024-12-05,,13,,41
300,第27届中国（海南）国际热带农产品冬季交易会开幕-新闻中心-南海网,http://www.hinews.cn/news/system/2024/12/05/033237615.shtml,,2024-12-05,,13,,41
301,第27届中国（海南）国际热带农产品冬季交易会开幕-中国农网,https://www.farmer.com.cn/2024/12/05/99971525.html,,2024-12-05,,13,,41
302,抓牢农产品稳产保供 着力推动城乡融合发展_天津新闻_天津政务网,https://www.tj.gov.cn/sy/tjxw/202412/t20241227_6816270.html,,2024-12-27,,13,,41
303,定安仙沟牛肉上榜2024年第三批全国名特优新农产品-新闻中心-南海网,http://www.hinews.cn/news/system/2024/12/27/033246188.shtml,,2024-12-27,,13,,41
304,"​澄迈新增三个""国字号""农产品 总数为全省第二-新闻中心-南海网",http://www.hinews.cn/news/system/2024/12/27/033246176.shtml,,2024-12-27,,13,,41
305,湘味农产品·香飘大湾区！第五届广东湘菜产业大会成功举办,https://www.xxcb.cn/details/9BHHXcSKw_676d27ff8420172c9719bd54.html,,2024-12-27,,13,,41
306,中山市十大标志农产品公布-政务频道,https://www.zsnews.cn/wz/index/view/cateid/41/id/742656.html,,2024-12-27,,13,,41
307,"甘肃省农产品""三品一标""工作推进会在天水召开-新华网",http://www.gs.xinhuanet.com/20241227/cb1c38486ce249d79aa122f3ee6d385a/c.html,,2024-12-27,,13,,41
308,全球农产品价格普遍上涨或将拉动国内市场企稳回升-中国农网,https://www.farmer.com.cn/2024/12/27/99973281.html,,2024-12-27,,13,,41
309,国务院办公厅关于进一步加强鲜活农产品运输和销售工作的通知-政策法规-农博数据中心,http://shuju.aweb.com.cn/policy/20120328/3942.html,,2024-12-27,,13,,41
310,"粤品""出征""上海！广东农产品惊艳长三角！_中华网",https://hea.china.com/article/20241227/122024_1622862.html,,2024-12-27,,13,,41
311,"""护农使者""出动！宁波市开展元旦前农产品质量安全大检查凤凰网宁波_凤凰网",https://nb.ifeng.com/c/8fcnE94hKBS,,2024-12-27,,13,,41
312,赣州市农产品安全形势持续向好-赣州频道,https://jxgz.jxnews.com.cn/system/2024/12/27/020743393.shtml,,2024-12-27,,13,,41
313,河南长葛：聚焦农产品冷链物流体系建设-中国农网,https://www.farmer.com.cn/2024/12/27/99973331.html,,2024-12-27,,13,,41
314,食品农产品的真空冷冻干燥技术-实用技术-农博数据中心,http://shuju.aweb.com.cn/technology/2009/0908/775091404620.shtml,,2025-01-01,,13,,41
315,无公害农产品生产推荐农药品种和植保机械名单-实用技术-农博数据中心,http://shuju.aweb.com.cn/technology/2002/0726/819509550400.shtml,,2025-01-01,,13,,41
316,国务院关于加快推进农业科技创新持续增强农产品供给保障能力的意见-政策法规-农博数据中心,http://shuju.aweb.com.cn/policy/20120320/5.html,,2025-01-01,,13,,41
317,"尺素金声丨站上1.4万亿斤新台阶，建设更高水平""大国粮仓""|夏粮|农产品|秋粮",https://www.163.com/news/article/JJEE1BDA000189FH.html,,2024-12-15,,13,,41
318,"物理农业：让农产品""快乐""又""环保""-实用技术-农博数据中心",http://shuju.aweb.com.cn/technology/2009/0116/77507582900.shtml,,2024-12-15,,13,,41
319,国务院办公厅关于进一步加强鲜活农产品运输和销售工作的通知-政策法规-农博数据中心,http://shuju.aweb.com.cn/policy/20120328/3942.html,,2024-12-15,,13,,41
320,国务院办公厅关于进一步加强鲜活农产品运输和销售工作的通知-政策法规-农博数据中心,http://shuju.aweb.com.cn/policy/20120928/154873.html,,2024-12-15,,13,,41
321,"助力农产品出村进城 ""寻味云霄""名优特产品体验馆开馆
- 要闻
- 东南网漳州频道",http://zzpd.fjsen.com/2024-12/15/content_31801858.htm,,2024-12-15,,13,,41
322,越南：充分发挥国内农产品消费市场优势,https://zh.vietnamplus.vn/%E8%B6%8A%E5%8D%97%E5%85%85%E5%88%86%E5%8F%91%E6%8C%A5%E5%9B%BD%E5%86%85%E5%86%9C%E4%BA%A7%E5%93%81%E6%B6%88%E8%B4%B9%E5%B8%82%E5%9C%BA%E4%BC%98%E5%8A%BF-post232937.vnp,,2024-12-15,,13,,41
323,安全农产品用肥用药技术-实用技术-农博数据中心,http://shuju.aweb.com.cn/technology/news/2006/5/12/9094176.shtml,,2024-12-15,,13,,41
324,光大银行：做好春耕备耕和重要农产品供给金融服务工作 – 华侨网,https://www.chinesepress.com/2023/02/cp=14970.html,,2024-12-15,,13,,41
325,天水市现代农产品物流园开业-新华网,http://www.gs.xinhuanet.com/20250103/eb232ec31676448b924089e635150bbe/c.html,,2025-01-03,,13,,41
326,农业农村部：今日全国农产品批发市场猪肉平均价格比昨天下降0.6%,https://www.yicai.com/news/102427310.html,,2025-01-03,,13,,41
327,全国农产品稳产保供有力 市场购销两旺 - 看点,https://www.voc.com.cn/article/202501/20250103151658372.html,,2025-01-03,,13,,41
328,全国农产品稳产保供有力 市场购销两旺,https://www.163.com/news/article/JL04U8FD000189FH.html,,2025-01-03,,13,,41
329,"上饶农产品搭乘电商快车""触网生金""凤凰网江西_凤凰网",https://jx.ifeng.com/c/8fpc9UKTVJC,,2025-01-03,,13,,41
330,台东县长饶庆铃明起访陆 讨论扩大农产品输陆事宜,https://www.zaobao.com.sg/realtime/china/story20250103-5682352,,2025-01-03,,13,,41
331,全国农产品稳产保供有力 市场购销两旺,https://news.ycwb.com/2025-01/03/content_53161090.htm,,2025-01-03,,13,,41
332,全国农产品稳产保供有力 市场购销两旺,http://v.china.com.cn/2025-01/03/content_117644222.html,,2025-01-03,,13,,41
333,"全国农产品稳产保供有力 市场购销两旺
_光明网",https://politics.gmw.cn/2025-01/03/content_37776432.htm,,2025-01-03,,13,,41
334,事关农产品质量安全！海南公布10起典型案例→-新闻中心-南海网,http://www.hinews.cn/news/system/2025/01/03/033249088.shtml,,2025-01-03,,13,,41
335,高质量发展调研行｜小村建大厂：解码农产品精深加工之路,https://www.163.com/news/article/JIFOENIS000189FH.html,,2024-12-03,,13,,41
336,高质量发展调研行｜小村建大厂：解码农产品精深加工之路,https://www.yangtse.com/content/1952628.html,,2024-12-03,,13,,41
337,高质量发展调研行｜小村建大厂：解码农产品精深加工之路,https://www.yangtse.com/content/1952628.html,,2024-12-03,,13,,41
338,高质量发展调研行｜小村建大厂：解码农产品精深加工之路,https://news.ycwb.com/2024-12/03/content_53097066.htm,,2024-12-03,,13,,41
339,高质量发展调研行｜小村建大厂：解码农产品精深加工之路-水母网,https://news.shm.com.cn/2024-12/03/content_5418888.htm,,2024-12-03,,13,,41
340,[担保]深圳华强(000062):为全资子公司提供担保- CFi.CN 中财网,http://www.cfi.net.cn/p20241217000536.html,,2024-12-17,,14,,42
341,深圳华强：12月18日接受机构调研，华金证券、先锋基金等多家机构参与_股市要闻_市场_中金在线,http://sc.stock.cnfol.com/gushiyaowen/20241219/31071256.shtml,,2024-12-19,,14,,42
342,顶佳医疗全国首家智慧养老产品集合店落地深圳华强北赛格市场_中华网,https://hea.china.com/article/20241227/122024_1622787.html,,2024-12-27,,14,,42
343,深圳华强北现高燃一幕！多人围观,https://www.163.com/dy/article/JKHEIBD905149PH8.html,,2024-12-28,,14,,42
344,联想海外起诉中兴通讯|联想|中兴通讯|专利_新浪科技_新浪网,https://finance.sina.com.cn/tech/roll/2024-12-13/doc-inczhxxx5971253.shtml,,2024-12-13,,25,,43
345,"总台携手北京移动、中兴通讯推出的5G-A赋能春晚无线直播项目 荣获第七届""绽放杯""全国总决赛一等奖|直播|5G",https://finance.sina.com.cn/tech/roll/2024-12-13/doc-inczikpr9020271.shtml,,2024-12-13,,25,,43
346,"总台携手北京移动、中兴通讯推出的5G-A赋能春晚无线直播项目 荣获第七届""绽放杯""全国总决赛一等奖|直播|中兴通讯",https://finance.sina.com.cn/tech/roll/2024-12-13/doc-inczikpr9039172.shtml,,2024-12-13,,25,,43
347,中兴通讯助力长江委水文局发布九派大模型 携手推进水文数智化建设,https://finance.sina.com.cn/tech/roll/2024-12-13/doc-inczikpt5817651.shtml,,2024-12-13,,25,,43
348,中兴通讯第四届战略峰会在深举行,https://www.163.com/dy/article/JIFOP8J50514R9KQ.html,,2024-12-03,,25,,43
349,中兴通讯亮相2024数字科技生态大会，创新AI终端重塑智慧生活体验_中华网,https://tech.china.com/article/20241203/122024_1611762.html,,2024-12-03,,25,,43
350,中兴通讯系列终端亮相2024中国电信展，携手共建AI生态新格局,https://k.sina.com.cn/article_1747383115_6826f34b02001qac0.html,,2024-12-03,,25,,43
351,中兴通讯系列终端亮相2024中国电信展，携手共建AI生态新格局,https://finance.sina.com.cn/tech/roll/2024-12-03/doc-incyerft1611813.shtml,,2024-12-03,,25,,43
352,中兴通讯亮相2024数字科技生态大会，创新AI终端重塑智慧生活体验,https://finance.sina.com.cn/tech/roll/2024-12-03/doc-incyevpp4719514.shtml,,2024-12-03,,25,,43
353,中兴通讯携手中国电信，2024展会上演AI终端盛宴，共筑数字生态新篇章-人工智能-ITBear科技资讯,http://www.itbear.com.cn/html/2024-12/621440.html,,2024-12-03,,25,,43
354,中兴通讯2024数字科技生态大会：AI终端新品引领智慧生活新风尚-人工智能-ITBear科技资讯,http://www.itbear.com.cn/html/2024-12/621475.html,,2024-12-03,,25,,43
355,"中兴通讯持续升级5G专网能力 携手中国联通5G""扬帆""升级赋能产业数智转型|5G|中兴通讯",https://finance.sina.com.cn/tech/roll/2024-12-25/doc-ineasfmp0724580.shtml,,2024-12-25,,25,,43
356,湖南电信携手中兴通讯率先完成5G AI保障方案端到端价值经营商用验证,https://finance.sina.com.cn/tech/roll/2024-12-05/doc-incyknpv3195089.shtml,,2024-12-05,,25,,43
357,"中兴通讯""空天地""智慧应急体系入选2024年度公共关系示范案例",https://www.163.com/dy/article/JKDGMBMU0550WHYR.html,,2024-12-27,,25,,43
358,"中兴通讯""空天地""智慧应急体系入选2024年度公共关系示范案例_新浪科技_新浪网",https://finance.sina.com.cn/tech/roll/2024-12-27/doc-ineawhzz2765806.shtml,,2024-12-27,,25,,43
359,"中兴通讯""空天地""智慧应急体系入选2024年度公共关系示范案例|中兴通讯_新浪科技_新浪网",https://finance.sina.com.cn/tech/roll/2024-12-27/doc-ineawhzx6001308.shtml,,2024-12-27,,25,,43
360,从来就没有股神_中兴通讯(000063)股吧_东方财富网股吧,"http://guba.eastmoney.com/o/news,000063,1503217448.html",,2024-12-27,,25,,43
361,_中兴通讯(000063)股吧_东方财富网股吧,"http://guba.eastmoney.com/o/news,000063,1503232847.html",,2024-12-27,,25,,43
362,AI浪潮高涨，中兴通讯迎来价值重估,https://finance.sina.com.cn/roll/2024-12-27/doc-ineaxkpm5598053.shtml,,2024-12-27,,25,,43
363,中兴通讯CDO崔丽受邀出席2024年《财富》MPW女性峰会,https://finance.sina.com.cn/tech/roll/2024-12-17/doc-inczrvkt2648633.shtml,,2024-12-17,,25,,43
364,中兴通讯CDO崔丽受邀出席2024年《财富》MPW女性峰会,https://finance.sina.com.cn/tech/roll/2024-12-17/doc-inczrzsr2526185.shtml,,2024-12-17,,25,,43
365,中兴通讯一度涨停 机构：主要有两大逻辑,https://finance.sina.com.cn/stock/zqgd/2024-12-17/doc-inczttzv1782136.shtml,,2024-12-17,,25,,43
366,"中兴通讯""5G-A保障总台春晚直播项目""获""绽放杯""全国总决赛一等奖|时延|制播",https://www.163.com/dy/article/JJK0DQH10550WHYR.html,,2024-12-17,,25,,43
367,放量大涨！中兴通讯，成交第一！,http://www.stcn.com/article/detail/1455850.html,,2024-12-17,,25,,43
368,中兴通讯，突发！,http://www.stcn.com/article/detail/1455852.html,,2024-12-17,,25,,43
369,中兴通讯突然涨停 有何利好刺激？ _ 东方财富网,https://finance.eastmoney.com/a/202412173270576877.html,,2024-12-17,,25,,43
370,中兴通讯，突发！|概念股|运营商|设备商,https://www.163.com/money/article/JJK6J5TS00258105.html,,2024-12-17,,25,,43
371,港股异动 | 中兴通讯(00763)再跌超3% 字节跳动辟谣与努比亚合作开发AI手机_个股资讯_市场_中金在线,http://sc.stock.cnfol.com/ggzixun/20250103/31093581.shtml,,2025-01-03,,25,,43
372,"中兴通讯联合广东移动打造高质量低空智联网 实现高速超轻小""穿越机""感知|通信|智联",https://finance.sina.com.cn/tech/roll/2024-12-31/doc-ineciptv3757503.shtml,,2024-12-31,,25,,43
373,高盛最新宣布：上调中兴通讯港股目标价！ _ 东方财富网,https://finance.eastmoney.com/a/202412313283813477.html,,2024-12-31,,25,,43
374,中原证券：给予中兴通讯买入评级_股市要闻_市场_中金在线,http://sc.stock.cnfol.com/gushiyaowen/20241231/31088679.shtml,,2024-12-31,,25,,43
375,中兴通讯与广东移动共建高质量低空智联网,https://www.163.com/dy/article/JKOQD5FB0550WHYR.html,,2024-12-31,,25,,43
376,中兴通讯联合合作伙伴成立开放智算产业联盟，加速AI及大模型行业落地,https://www.163.com/dy/article/JK3CD3J70550WHYR.html,,2024-12-23,,25,,43
377,中兴通讯联合合作伙伴成立开放智算产业联盟，加速AI及大模型行业落地,https://k.sina.com.cn/article_5952915705_162d248f906701fqr2.html,,2024-12-23,,25,,43
378,中兴通讯总裁徐子阳：算网进阶，共绘数字时代新篇章,https://finance.sina.com.cn/tech/roll/2024-12-04/doc-incyhiqv4043509.shtml,,2024-12-04,,25,,43
379,中兴通讯助力中国电信成功发布国内首个IoT NTN运营级商用网络,https://finance.sina.com.cn/tech/roll/2024-12-04/doc-incyhuet0648471.shtml,,2024-12-04,,25,,43
380,湖南电信携手中兴通讯率先完成5G AI保障方案端到端价值经营商用验证,https://finance.sina.com.cn/tech/roll/2024-12-04/doc-incyhuet0691590.shtml,,2024-12-04,,25,,43
381,湖南电信携手中兴通讯率先完成5G AI保障方案端到端价值经营商用验证,https://finance.sina.com.cn/jjxw/2024-12-04/doc-incyhuer3921654.shtml,,2024-12-04,,25,,43
382,中兴通讯助力中国电信成功发布国内首个IoT NTN运营级商用网络,https://finance.sina.com.cn/tech/roll/2024-12-04/doc-incyimam0426714.shtml,,2024-12-04,,25,,43
383,中兴通讯刘爽：5G-A携手AI，共绘立体数智经济新蓝图,https://finance.sina.com.cn/tech/5g/2024-12-24/doc-ineapmqv1875798.shtml,,2024-12-24,,25,,43
384,「图解牛熊股」铜缆高速连接概念逆势走强，中兴通讯主力资金净流入达61.98亿元,https://baijiahao.baidu.com/s?id=1819135919882127435,,2024-12-24,,25,,43
385,"中兴通讯在深举办""筑路低空""主题体验交流活动 赋能低空经济发展新篇章|无人机|中兴通讯",https://finance.sina.com.cn/tech/roll/2024-12-06/doc-incypsyi1902759.shtml,,2024-12-06,,25,,43
386,中兴通讯第十一次荣获中国专利金奖，引领5G核心场景应用创新,https://finance.sina.com.cn/tech/roll/2025-01-02/doc-inecqnpt0317952.shtml,,2025-01-02,,25,,43
387,中兴通讯第十一次荣获中国专利金奖，引领5G核心场景应用创新,https://finance.sina.com.cn/tech/roll/2025-01-02/doc-inecqnpu9771219.shtml,,2025-01-02,,25,,43
388,中兴通讯第十一次荣获中国专利金奖，引领5G核心场景应用创新,https://finance.sina.com.cn/tech/roll/2025-01-02/doc-inecqnpu9791479.shtml,,2025-01-02,,25,,43
389,中兴通讯第十一次荣获中国专利金奖，引领5G核心场景应用创新,https://www.nbd.com.cn/articles/2025-01-02/3708223.html,,2025-01-02,,25,,43
390,中兴通讯第十一次荣获中国专利金奖，引领5G核心场景应用创新,https://www.163.com/dy/article/JKU3NE7S0550WHYR.html,,2025-01-02,,25,,43
391,中兴通讯崔亦军：政策、应用、技术驱动低空经济发展 _ 东方财富网,https://finance.eastmoney.com/a/202412293281978267.html,,2024-12-29,,25,,43
392,_中兴通讯(000063)股吧_东方财富网股吧,"http://guba.eastmoney.com/o/news,000063,1502743132.html",,2024-12-26,,25,,43
393,字节跳动：没有和中兴通讯探讨过成立新品牌可能性_要闻_科技频道首页_财经网 - CAIJING.COM.CN,http://tech.caijing.com.cn/20241219/5058859.shtml,,2024-12-19,,25,,43
394,"福建联通携手中兴通讯打造的柒牌5G智慧工厂荣膺第七届""绽放杯""5G应用征集大赛全国总决赛一等奖|5G|福建省",https://finance.sina.com.cn/tech/roll/2024-12-19/doc-inczynpx6944319.shtml,,2024-12-19,,25,,43
395,中兴通讯，历史首次，单日成交超200亿！A股三行业，获超百亿资金抄底！,https://www.163.com/dy/article/JJPLMKJC0519D3V1.html,,2024-12-19,,25,,43
396,中兴通讯首次单日成交超200亿！A股三行业获超百亿资金抄底 _ 东方财富网,https://finance.eastmoney.com/a/202412193273334994.html,,2024-12-19,,25,,43
397,中兴通讯：未发现可能或已经对公司股票交易价格产生较大影响的未公开重大信息 _ 东方财富网,https://finance.eastmoney.com/a/202412193273432758.html,,2024-12-19,,25,,43
398,中兴通讯：未发现可能或已经对公司股票交易价格产生较大影响的未公开重大信息,https://www.yicai.com/news/102409561.html,,2024-12-19,,25,,43
399,千亿元巨头两次涨停！AI主线扩散 中兴通讯连续大涨 _ 东方财富网,https://finance.eastmoney.com/a/202412193273340926.html,,2024-12-19,,25,,43
400,大涨！中兴通讯、字节跳动，紧急提示风险！,https://www.163.com/dy/article/JJQ65RRJ0519D3V1.html,,2024-12-19,,25,,43
401,中兴通讯暴涨背后：游资北向资金狂欢，字节跳动合作传言真假难辨-信息流-小熊财经,http://finance.itbear.com.cn/html/2024-12/119730.html,,2024-12-19,,25,,43
402,"谁在爆炒中兴通讯？连续3天成交额破百亿 游资、北向资金参与大涨""盛宴"" _ 东方财富网",https://finance.eastmoney.com/a/202412193273580327.html,,2024-12-19,,25,,43
403,"谁在爆炒中兴通讯？连续3天成交额破百亿，游资、北向资金参与大涨""盛宴""_新浪财经_新浪网",https://finance.sina.com.cn/jjxw/2024-12-19/doc-inczzpzc6823184.shtml,,2024-12-19,,25,,43
404,"低空经济大火，中兴通讯打造数字""天路""|中兴通讯|无人机",https://finance.sina.com.cn/tech/roll/2024-12-10/doc-incyyhut1737592.shtml,,2024-12-10,,25,,43
405,中兴通讯携手中兴新云 共筑数智财务新篇章,https://finance.sina.com.cn/tech/roll/2024-12-10/doc-incyypap4854653.shtml,,2024-12-10,,25,,43
406,中兴通讯的出海征程｜一封家书 - 经济观察网 － 专业财经新闻网站,http://www.eeo.com.cn/2024/1209/701668.shtml,,2024-12-10,,25,,43
407,中兴通讯董事长李自学2025新年致辞：接续奋斗 勇于突破 加快开创新局面,https://finance.sina.com.cn/tech/roll/2024-12-30/doc-inecfent2581392.shtml,,2024-12-30,,25,,43
408,港股异动 | 中兴通讯(00763)再涨超5% 算力再迎多重催化 机构看好公司把握算力产业机遇_个股资讯_市场_中金在线,http://sc.stock.cnfol.com/ggzixun/20241230/31086293.shtml,,2024-12-30,,25,,43
409,科技股走强 中兴通讯成交额又是全A股第一名 _ 东方财富网,https://finance.eastmoney.com/a/202412303282629310.html,,2024-12-30,,25,,43
410,中兴通讯董事长李自学2025新年致辞：接续奋斗，勇于突破，加快开创新局面,https://finance.sina.com.cn/tech/roll/2024-12-30/doc-inecfrax3619099.shtml,,2024-12-30,,25,,43
411,中兴通讯崔亦军：驱动低空经济加速发展，需要政策、应用、技术一体化运作,https://www.nbd.com.cn/articles/2024-12-23/3695243.html,,2024-12-30,,25,,43
412,大行评级丨高盛：上调中兴通讯目标价至25.2港元 预期第四季纯利同比增长52%_市场分析_港股_中金在线,http://hkstock.cnfol.com/shichangfenxi/20241230/31086510.shtml,,2024-12-30,,25,,43
413,中兴通讯董事长李自学2025新年致辞：接续奋斗，勇于突破，加快开创新局面,https://finance.sina.com.cn/tech/roll/2024-12-30/doc-inecfvkv3539402.shtml,,2024-12-30,,25,,43
414,中兴通讯崔亦军：驱动低空经济加速发展，需要政策、应用、技术一体化运作,https://www.163.com/dy/article/JKLUV2NS0512B07B.html,,2024-12-30,,25,,43
415,_中兴通讯(000063)股吧_东方财富网股吧,"http://guba.eastmoney.com/o/news,000063,1503903101.html",,2024-12-30,,25,,43
416,晓数点｜一周个股动向：8连板牛股周涨61.30%，中兴通讯获主力青睐,https://www.yicai.com/news/102412103.html,,2024-12-22,,25,,43
417,低空经济狂飙：中兴通讯能做什么？,https://finance.sina.com.cn/tech/roll/2024-12-12/doc-inczekkt3133440.shtml,,2024-12-12,,25,,43
418,天翼数字生活公司联合中兴通讯发布家庭智脑极光版,https://finance.sina.com.cn/tech/roll/2024-12-12/doc-inczekku9914279.shtml,,2024-12-12,,25,,43
419,"中兴通讯智能运维服务荣获Telecom Review Excellence Awards""最佳数字化转型奖""_新浪科技_新浪网",https://finance.sina.com.cn/tech/roll/2024-12-12/doc-inczeuyq9768318.shtml,,2024-12-12,,25,,43
420,中兴通讯业绩连续四年稳定增长，研发投入上百亿，股价长期处于低位，现在价值发现，价_中兴通讯(000063)股吧_东方财富网股吧,"http://guba.eastmoney.com/o/news,000063,1499967036.html",,2024-12-20,,25,,43
421,"与""豆包""合作传闻引股价创年内新高 中兴通讯提示风险|中兴通讯_新浪财经_新浪网",https://finance.sina.com.cn/stock/relnews/cn/2024-12-20/doc-inczzuif9606105.shtml,,2024-12-20,,25,,43
422,盘前有料丨商务部：加快出台推进首发经济的政策文件；字节跳动、中兴通讯提示风险……重要消息还有这些,http://www.stcn.com/article/detail/1461453.html,,2024-12-20,,25,,43
423,就是 //@别人恐惧进贪婪出 :中兴通讯业绩连续四年稳定增长，研发投入上百亿，股_中兴通讯(000063)股吧_东方财富网股吧,"http://guba.eastmoney.com/o/news,000063,1499978939.html",,2024-12-20,,25,,43
424,_中兴通讯(000063)股吧_东方财富网股吧,"http://guba.eastmoney.com/o/news,000063,1500049323.html",,2024-12-20,,25,,43
425,"与""豆包""合作传闻引股价创年内新高 中兴通讯提示风险-股票频道-和讯网",https://stock.hexun.com/2024-12-20/216297266.html,,2024-12-20,,25,,43
426,"与""豆包""合作传闻引股价创年内新高 中兴通讯提示风险|中兴通讯|字节跳动",https://finance.sina.com.cn/tech/roll/2024-12-20/doc-ineaamex9331293.shtml,,2024-12-20,,25,,43
427,_中兴通讯(000063)股吧_东方财富网股吧,"http://guba.eastmoney.com/o/news,000063,1500163228.html",,2024-12-20,,25,,43
428,太强了，太强了！太强了！_中兴通讯(000063)股吧_东方财富网股吧,"http://guba.eastmoney.com/o/news,000063,1500161934.html",,2024-12-20,,25,,43
429,"与""豆包""合作传闻引股价创年内新高 中兴通讯提示风险_要闻_科技频道首页_财经网",http://tech.caijing.com.cn/20241220/5059087.shtml,,2024-12-20,,25,,43
430,中兴通讯联合合作伙伴成立开放智算产业联盟 加速AI及大模型行业落地,https://finance.sina.com.cn/tech/roll/2024-12-20/doc-ineacaar9123568.shtml,,2024-12-20,,25,,43
431,中兴通讯联合合作伙伴成立开放智算产业联盟 加速AI及大模型行业落地,https://finance.sina.com.cn/jjxw/2024-12-20/doc-ineachkr5774417.shtml,,2024-12-20,,25,,43
432,中兴通讯胡俊劼：全光筑基 AI赋能 共创智慧家庭新未来,https://finance.sina.com.cn/tech/roll/2024-12-09/doc-incyvnxx6056293.shtml,,2024-12-09,,25,,43
433,中兴通讯胡俊劼：全光筑基 AI赋能 共创智慧家庭新未来,https://finance.sina.com.cn/jjxw/2024-12-09/doc-incyvnxz2838756.shtml,,2024-12-09,,25,,43
434,"从数字化到智能化,探访中国首个五星5G工厂 中兴通讯副总裁陆平：5G革新了生产方式",https://www.163.com/dy/article/JIV1UMFM0512B07B.html,,2024-12-09,,25,,43
435,探访中国首个五星5G工厂 | 从数字化到智能化  中兴通讯副总裁陆平：5G革新了生产方式,https://www.nbd.com.cn/articles/2024-11-01/3628725.html,,2024-12-09,,25,,43
436,中国北方国际油气中心主体已完工，预计2025年上半年交付,http://house.qingdaonews.com/content/2024-12/23/content_23629874.htm,,2024-12-23,,8,,44
437,金科股份：中国长城资产新增为重整投资人，将和长城资本合计投资约3.97亿元 ——凤凰网房产西安,https://xa.house.ifeng.com/news/2025_01_06-56914114_0.shtml,,2025-01-06,,26,,45
438,金科股份重整新增产业投资人，中国长城资产携约3.97亿元入局 ——凤凰网房产西安,https://xa.house.ifeng.com/news/2025_01_06-56914109_0.shtml,,2025-01-06,,26,,45
439,金科股份：中国长城资产新增为重整投资人 ——凤凰网房产杭州,https://hz.house.ifeng.com/news/2025_01_06-56914301_0.shtml,,2025-01-06,,26,,45
440,珀杜特意删除了在中国长城拍摄的照片,https://www.aboluowang.com/2024/1207/2141485.html,,2024-12-07,,26,,45
441,中国长城(000066):中信建投证券股份有限公司关于中国长城科技集团股份有限公司使用部分闲置募集资金进行现金管理以及募集资金余额以协定存款方式存放的核查意见- CFi.CN 中财网,http://www.cfi.net.cn/p20250103005542.html,,2025-01-04,,26,,45
442,金科股份：中国长城资产新增为重整投资人 ——凤凰网房产深圳,https://sz.house.ifeng.com/news/2025_01_04-56913597_0.shtml,,2025-01-04,,26,,45
443,金科股份重整新增产业投资人，中国长城资产携约3.97亿元入局 ——凤凰网房产北京,https://house.ifeng.com/news/2025_01_03-56913644_0.shtml,,2025-01-04,,26,,45
444,A股房企金科重整添翼，央企中国长城资产携3.97亿强势入局！-信息流-小熊财经,http://finance.itbear.com.cn/html/2025-01/128061.html,,2025-01-04,,26,,45
445,金科股份：中国长城资产新增为重整投资人，将和长城资本合计投资约3.97亿元,https://baijiahao.baidu.com/s?id=1820231640760113914,,2025-01-05,,26,,45
446,金科重整利好不断，央企中国长城资产携资入场_产业经济_财经_中金在线,http://news.cnfol.com/chanyejingji/20250103/31094266.shtml,,2025-01-03,,26,,45
447,金科股份重整新增产业投资人，中国长城资产携约3.97亿元入局,https://www.nbd.com.cn/articles/2025-01-03/3709717.html,,2025-01-03,,26,,45
448,如约而至 金科重整新增产业投资人——中国长城资产_房产动态_房产_中金在线,http://house.cnfol.com/fangchanyaowen/20250103/31094323.shtml,,2025-01-03,,26,,45
449,华侨城A：袁静平因退休辞去副总裁职务_公司_地产频道首页_财经网 - CAIJING.COM.CN,http://estate.caijing.com.cn/20241225/5060098.shtml,,2024-12-25,,2,,47
450,新时代中国调研行之看区域·大湾区篇｜撑起广东超三分之一外贸量，这个港口凭什么？_盐田港_集装箱_深圳,https://www.sohu.com/a/839515084_267106?edtsign=DA59B02BF52556BD38A67C7E8EC4D047872F88FA&edtcode=iuHdqxHtf8KDncYwGWrkFA==&scm=thor.282_14-200000.0.0.&ace=F5511A2442F2213CBDFA850FBDEE6E039562F0E0,,2024-12-20,,27,,50
451,新时代中国调研行之看区域·大湾区篇｜撑起广东超三分之一外贸量，这个港口凭什么？_盐田港_集装箱_深圳,https://www.sohu.com/a/839515084_267106?edtsign=149D0BD70BCC0694BD7F91DE3545554CDE9F3647&edtcode=zXiNVNvXHhH4mGR7923P6Q==&scm=thor.282_14-200000.0.0.&ace=F5511A2442F2213CBDFA850FBDEE6E039562F0E0,,2024-12-19,,27,,50
452,"盐田港LNG加注业务喜迎2025年""开门红"" 深圳综合改革经验全国推广_盐田网",http://iyantian.sznews.com/yantian-news/contents/2025-01/01/content_31420215.htm,,2025-01-03,,27,,50
453,深圳机场：下一步将积极研究开通与深圳产业关联度较高城市的国际客运航线 _ 东方财富网,https://finance.eastmoney.com/a/202412063261445054.html,,2024-12-06,,28,,51
454,深圳机场年旅客吞吐量突破6000万人次-新华网,http://www.xinhuanet.com/20241224/5b76377705814c8396ef5e353a4b02cc/c.html,,2024-12-24,,28,,51
455,深圳机场口岸去年出入境550万人次-中新网,https://www.chinanews.com.cn/dwq/2025/01-06/10348100.shtml,,2025-01-06,,28,,51
456,深圳机场口岸去年出入境人次创近五年新高-中新网,https://www.chinanews.com.cn/cj/2025/01-06/10348143.shtml,,2025-01-06,,28,,51
457,深圳机场口岸去年出入境550万人次，同比增长100.3%,https://www.yicai.com/news/102429628.html,,2025-01-06,,28,,51
458,创近五年来新高！2024年经深圳机场口岸出入境人员超550万人次_南方网,https://news.southcn.com/node_54a44f01a2/dd07354bbf.shtml,,2025-01-06,,28,,51
459,香港2024年楼宇成交量增长17.1%；深圳机场口岸去年出入境人数翻倍丨大湾区财经早参,https://www.nbd.com.cn/articles/2025-01-06/3711595.html,,2025-01-06,,28,,51
460,"空客""大白鲸""首次抵深圳 多方保障顺畅通关|航班|飞机|深圳市|深圳机场|空中客车",https://www.163.com/dy/article/JJ4VS4ML0514R9OJ.html,,2024-12-11,,28,,51
461,突破500万人次！深圳机场口岸通关总量再创新高-中新网,https://www.chinanews.com.cn/dwq/2024/12-05/10330912.shtml,,2024-12-05,,28,,51
462,深圳机场口岸今年以来通关总量突破500万人次-中新网,https://www.chinanews.com.cn/cj/2024/12-05/10331051.shtml,,2024-12-05,,28,,51
463,明年起南沙深圳机场快线新增中途站，计划1月推出月票_广州日报大洋网,https://news.dayoo.com/guangdong/202412/27/139996_54767266.htm,,2024-12-27,,28,,51
464,深圳机场年旅客吞吐量突破6000万人次,https://news.ycwb.com/2024-12/25/content_53141593.htm,,2024-12-25,,28,,51
465,深圳机场年旅客吞吐量突破6000万人次-新华网,http://www.gd.xinhuanet.com/20241225/adbbad998edc4cf88a7e14eb75a9e8cc/c.html,,2024-12-25,,28,,51
466,深圳机场今年旅客吞吐量破6000万-中国侨网,http://www.chinaqw.com/hqly/2024/12-25/388187.shtml,,2024-12-25,,28,,51
467,深圳机场今年旅客吞吐量破6000万-中新网,https://www.chinanews.com.cn/dwq/2024/12-25/10341975.shtml,,2024-12-25,,28,,51
468,天健集团(000090):深圳市天健(集团)股份有限公司2024年主体信用评级报告- CFi.CN 中财网,http://www.cfi.net.cn/p20241220003686.html,,2024-12-20,,8,,52
469,天健集团(000090):深圳市天健（集团）股份有限公司2024年面向专业投资者公开发行可续期公司债券（第一期）信用评级报告- CFi.CN 中财网,http://www.cfi.net.cn/p20241220003687.html,,2024-12-20,,8,,52
470,天健集团(000090):深圳市天健（集团）股份有限公司2024年面向专业投资者公开发行可续期公司债券（第一期）发行公告- CFi.CN 中财网,http://www.cfi.net.cn/p20241220003690.html,,2024-12-20,,8,,52
471,天健集团(000090):深圳市天健（集团）股份有限公司2024年面向专业投资者公开发行可续期公司债券更名公告- CFi.CN 中财网,http://www.cfi.net.cn/p20241220003689.html,,2024-12-20,,8,,52
472,爆燃!低空经济元年即将开启!万丰奥威有望历史新高!看多卧龙电驱中信海直!_万丰奥威(002085)股吧_东方财富网股吧,"http://guba.eastmoney.com/o/news,002085,1502765635.html",,2024-12-27,,30,,54
473,面板价格趋稳，京东方、TCL科技发力创新业务_市场掘金_市场_中金在线,http://sc.stock.cnfol.com/shichangjuejin/20241219/31072094.shtml,,2024-12-19,,14,,55
474,"TCL科技(000100):""24TCLK1""票面利率调整和投资者回售实施办法的第二次提示性公告- CFi.CN 中财网",http://www.cfi.net.cn/p20241217002816.html,,2024-12-17,,14,,55
475,_TCL科技(000100)股吧_东方财富网股吧,"http://guba.eastmoney.com/o/news,000100,1505315536.html",,2025-01-03,,14,,55
476,丰原药业(000153):回购注销部分限制性股票完成暨股本变动- CFi.CN 中财网,http://www.cfi.net.cn/p20241225001696.html,,2024-12-25,,32,,57
477,川能动力：控股股东四川能投获4亿元增持专项贷款,https://finance.sina.com.cn/tech/roll/2025-01-04/doc-inecsvux6396573.shtml,,2025-01-03,,20,,58
478,四川国资大整合！控股股东拟战略重组，川能动力两连板、川投能源盘中涨逾9%,http://www.stcn.com/article/detail/1437930.html,,2024-12-04,,20,,58
479,川能动力股票交易异常波动公告存增量信息：控股股东最近三个交易日有增持,https://www.nbd.com.cn/articles/2024-12-04/3672658.html,,2024-12-04,,20,,58
480,中联重科沙特大客户交流会：詹纯新携高管团队深化海外布局-业界动态-ITBear科技资讯,http://www.itbear.com.cn/html/2024-12/648679.html,,2024-12-22,,34,,60
481,"中联重科获得发明专利授权：""基于行驶时的起重机转向系统及其控制方法和起重机""|中联重科",https://k.sina.com.cn/article_1850649324_6e4eaaec02001ojbk.html,,2024-12-24,,34,,60
482,匠心筑梦智领未来 中联重科智能装备制造产业园盛大开园,http://www.stcn.com/article/detail/1457439.html,,2024-12-18,,34,,60
483,匠心筑梦智领未来，中联重科智能装备制造产业园盛大开园_企业_资讯_工程机械商贸网,https://news.21-sun.com/detail/2024/12/20241218101210662.shtml,,2024-12-18,,34,,60
484,"追""光""逐""绿""！中联重科智慧产业城光伏工程全容量并网发电_企业_资讯_工程机械商贸网",https://news.21-sun.com/detail/2024/12/20241231221204172.shtml,,2025-01-04,,34,,60
485,"海面上的极光绿，中联重科搅拌站助力厦门跨岛发展""新动脉""_案例_资讯_工程机械商贸网",https://news.21-sun.com/detail/2024/12/20241206115859524.shtml,,2024-12-06,,34,,60
486,"追""光""逐""绿""！中联重科智慧产业城光伏工程全容量并网发电",http://www.stcn.com/article/detail/1476411.html,,2025-01-02,,34,,60
487,品质典范智创未来！中联重科获产品质量创新金奖银奖_企业_资讯_工程机械商贸网,https://news.21-sun.com/detail/2024/12/20241216090252703.shtml,,2024-12-16,,34,,60
488,"来自""远洋""的感谢信！中联重科鼎力支持秘鲁钱凯港开港获赞_企业_资讯_工程机械商贸网",https://news.21-sun.com/detail/2024/12/20241216101945435.shtml,,2024-12-16,,34,,60
489,中联重科董事长、CEO詹纯新出席沙特市场大客户交流及技术发布活动_企业_资讯_工程机械商贸网,https://news.21-sun.com/detail/2024/12/20241223135756167.shtml,,2024-12-23,,34,,60
490,双捷报！一天内，中联重科起重机先后田湾核电、漳州核电关键模块吊装任务_企业_资讯_工程机械商贸网,https://news.21-sun.com/detail/2024/12/20241219174357484.shtml,,2024-12-19,,34,,60
491,典型标杆！中联重科人工智能赋能新型工业化成果获工信部肯定_企业_资讯_工程机械商贸网,https://news.21-sun.com/detail/2024/12/20241227103104002.shtml,,2024-12-31,,34,,60
492,"路畅科技*ST风险高悬：实控人套现14亿离场 重组吃相难看终流产、中联重科重金换来""烫手山芋""",https://finance.sina.com.cn/stock/observe/2024-12-31/doc-ineciyir3672678.shtml,,2024-12-31,,34,,60
493,"追""光""逐""绿""！中联重科智慧产业城光伏工程全容量并网发电_企业_资讯_工程机械商贸网",https://news.21-sun.com/detail/2024/12/20241231221204172.shtml,,2024-12-31,,34,,60
494,典型标杆！中联重科人工智能赋能新型工业化成果获工信部肯定_企业_资讯_工程机械商贸网,https://news.21-sun.com/detail/2024/12/20241227103104002.shtml,,2025-01-03,,34,,60
495,典型标杆！中联重科人工智能赋能新型工业化成果获工信部肯定_企业_资讯_工程机械商贸网,https://news.21-sun.com/detail/2024/12/20241227103104002.shtml,,2024-12-27,,34,,60
496,中联重科美洲技术深耕，赋能市场共创辉煌新篇章_企业_资讯_工程机械商贸网,https://news.21-sun.com/detail/2024/12/20241217100442316.shtml,,2024-12-17,,34,,60
497,"闪耀大湾区！中联重科""凌冠""新能源搅拌车批量交付广东_企业_资讯_工程机械商贸网",https://news.21-sun.com/detail/2024/12/20241217180802785.shtml,,2024-12-17,,34,,60
498,土方机械有限公司入选 中联重科旗下国家级绿色工厂增至5家 _ 东方财富网,https://finance.eastmoney.com/a/202412253278802788.html,,2024-12-25,,34,,60
499,"绿色工厂+1，中联重科再添一""国字号""荣誉！_企业_资讯_工程机械商贸网",https://news.21-sun.com/detail/2024/12/20241225164950814.shtml,,2024-12-25,,34,,60
500,常山北明(000158.SZ)及相关责任人收到河北证监局行政监管措施决定_个股资讯_市场_中金在线,http://sc.stock.cnfol.com/ggzixun/20241231/31088542.shtml,,2024-12-31,,3,,61
501,常山北明(000158):子公司股东一致行动关系到期终止暨公司合并报表范围发生变更- CFi.CN 中财网,http://www.cfi.net.cn/p20241217002676.html,,2024-12-17,,3,,61
502,申万宏源研究：资本市场走稳有三大关键因素,http://jnzstatic.cs.com.cn/zzb/htmlInfo/c3dc4daadaeebd439ed82c5d2a01aff7.html,,2024-12-16,,35,,63
503,破发股天山电子股东拟减持 2022年上市申万宏源保荐_股市聚焦_市场_中金在线,http://sc.stock.cnfol.com/gushijujiao/20241206/31051814.shtml,,2024-12-06,,35,,63
504,破发股天山电子股东拟减持 2022年上市申万宏源保荐_个股资讯_市场_中金在线,http://sc.stock.cnfol.com/ggzixun/20241206/31051824.shtml,,2024-12-06,,35,,63
505,申万宏源、中信证券、招商证券等券商密集收罚单，严监管信号持续释放_财经频道_中华网,https://finance.china.com/jinrong/13004689/20241226/47794284.html,,2024-12-26,,35,,63
506,钱江摩托(000913):申万宏源证券承销保荐有限责任公司关于浙江钱江摩托股份有限公司2025年度日常关联交易预计的核查意见- CFi.CN 中财网,http://www.cfi.net.cn/p20241226001857.html,,2024-12-26,,35,,63
507,申万宏源证券因承销保荐业务又收警示函 总经理王明希重视吗？,https://finance.sina.com.cn/tech/roll/2024-12-04/doc-incyhchx4108463.shtml,,2024-12-04,,35,,63
508,申万宏源：2025年核心资产或迎困境反转 _ 东方财富网,https://finance.eastmoney.com/a/202412183271187515.html,,2024-12-18,,35,,63
509,"申万宏源高端论坛研讨""提振资本市场中长期信心""",http://www.stcn.com/article/detail/1457767.html,,2024-12-18,,35,,63
510,申万宏源：春季行情只是有机会的震荡市 高股息有脉冲式机会_天天基金网,https://fund.eastmoney.com/a/202412223275131716.html,,2024-12-22,,35,,63
511,申万宏源：春季行情只是有机会的震荡市 高股息有脉冲式机会 _ 东方财富网,https://finance.eastmoney.com/a/202412223275131716.html,,2024-12-22,,35,,63
512,"申万宏源周海晨：加速""三体""研究体系转型，应对行业变革-财经人物-小熊财经",http://finance.itbear.com.cn/html/2024-12/114998.html,,2024-12-12,,35,,63
513,欧科亿：财信证券、申万宏源证券等多家机构于12月6日调研我司_股市要闻_市场_中金在线,http://sc.stock.cnfol.com/gushiyaowen/20241210/31056933.shtml,,2024-12-10,,35,,63
514,广东弘景光电科技股份有限公司IPO注册生效，保荐机构为申万宏源承销保荐_新股要闻_新股_中金在线,http://xg.stock.cnfol.com/xinguyaowen/20241205/31050554.shtml,,2024-12-05,,35,,63
515,"一年""吃""6张罚单，申万宏源投行业务怎么了？|新三板|承销商|中信证券|浙商证券",https://www.163.com/dy/article/JKEACOL10519II4K.html,,2024-12-27,,35,,63
516,天禄科技：1月3日进行路演，申万宏源证券、华宝基金等多家机构参与_股市要闻_市场_中金在线,http://sc.stock.cnfol.com/gushiyaowen/20250104/31094952.shtml,,2025-01-04,,35,,63
517,申万宏源：短期节奏判断不变 12月市场仍能维持活跃 _ 东方财富网,https://finance.eastmoney.com/a/202412153268533230.html,,2024-12-15,,35,,63
518,"申万宏源证券：以""战""为""纲""——2025年海外宏观经济展望",https://www.nbd.com.cn/articles/2024-12-17/3688134.html,,2024-12-30,,35,,63
519,常熟银行：12月20日接受机构调研，申万宏源、其他12家机构等多家机构参与_股市要闻_市场_中金在线,http://sc.stock.cnfol.com/gushiyaowen/20241230/31086301.shtml,,2024-12-30,,35,,63
520,"申万宏源因""中泰化学债券承销业务""被警示 总经理张剑怎么看？_新浪科技_新浪网",https://finance.sina.com.cn/tech/roll/2024-12-30/doc-inecfenz1458111.shtml,,2024-12-30,,35,,63
521,爱朋医疗：12月19日接受机构调研，申万宏源证券、远希私募基金等多家机构参与_股市要闻_市场_中金在线,http://sc.stock.cnfol.com/gushiyaowen/20241224/31078110.shtml,,2024-12-24,,35,,63
522,"申万宏源钱启敏：热点""避实就虚"" 后市将回归基本面 _ 东方财富网",https://finance.eastmoney.com/a/202412073261974398.html,,2024-12-07,,35,,63
523,"【申万宏源2025年A股投资策略】牛市""起手式""的两波行情_新浪财经_新浪网",https://finance.sina.com.cn/stock/marketresearch/2024-12-16/doc-incztpts8859627.shtml,,2024-12-17,,35,,63
524,持续督导期未履行审慎核查义务 申万宏源承销保荐再因新三板业务收警示函 _ 东方财富网,https://finance.eastmoney.com/a/202412163269293921.html,,2024-12-17,,35,,63
525,申万宏源党委书记、董事长刘健：资本市场体制机制改革为市场走强注入新活力,http://jnzstatic.cs.com.cn/zzb/htmlInfo/220824dcaa640a46cba9f88a664de8f1.html,,2024-12-17,,35,,63
526,"申万宏源：2025年经济或呈弱""N型"" A股看两波行情- CFi.CN 中财网",http://www.cfi.net.cn/p20241217000616.html,,2024-12-17,,35,,63
527,2025年行情如何？申万宏源最新判断：明年下半年可能成为大级别行情的起点,https://finance.sina.com.cn/stock/zqgd/2024-12-17/doc-inczuerr1603465.shtml,,2024-12-17,,35,,63
528,"申万宏源：2025年经济或呈弱""N型""，A股看两波行情",https://www.yicai.com/news/102405269.html,,2024-12-17,,35,,63
529,明年A股如何布局？申万宏源最新研判：主动管理或否极泰来,https://finance.sina.com.cn/jjxw/2024-12-17/doc-inczukxp1539517.shtml,,2024-12-17,,35,,63
530,明年A股如何布局？申万宏源最新研判 _ 东方财富网,https://finance.eastmoney.com/a/202412173270919227.html,,2024-12-17,,35,,63
531,上工申贝(600843):申万宏源证券承销保荐有限责任公司关于上工申贝（集团）股份有限公司部分募集资金投资项目延期的核查意见- CFi.CN 中财网,http://www.cfi.net.cn/p20241217001912.html,,2024-12-17,,35,,63
532,申万宏源傅静涛：2025年核心资产或迎困境反转,http://jnzstatic.cs.com.cn/zzb/htmlInfo/271cf2fe293f924a2a29f4a2ed06befd.html,,2024-12-17,,35,,63
533,申万宏源(000166):申万宏源证券有限公司2024年面向专业投资者公开发行短期公司债券（第五期）发行结果- CFi.CN 中财网,http://www.cfi.net.cn/p20241217002037.html,,2024-12-17,,35,,63
534,麦迪科技(603990):申万宏源证券承销保荐有限责任公司关于苏州麦迪斯顿医疗科技股份有限公司部分募投项目节余资金用于新项目的核查意见- CFi.CN 中财网,http://www.cfi.net.cn/p20241217002334.html,,2024-12-17,,35,,63
535,[快讯]麦迪科技:申万宏源证券承销保荐有限责任公司苏州麦迪斯顿医疗科技股份有限公司部分募投项目节余资金用于新项目的核查意见- CFi.CN 中财网,http://www.cfi.net.cn/p20241217002371.html,,2024-12-17,,35,,63
536,"出任申万宏源首席经济学家后，赵伟首次公开发声：2025年全年或呈""N型""走势",https://baijiahao.baidu.com/s?id=1818682715166048005,,2024-12-17,,35,,63
537,[快讯]豪声电子:申万宏源证券承销保荐有限责任公司浙江豪声电子科技股份有限公司募集资金投资项目延期的核查意见- CFi.CN 中财网,http://www.cfi.net.cn/p20241217003064.html,,2024-12-17,,35,,63
538,豪声电子(838701):申万宏源证券承销保荐有限责任公司关于浙江豪声电子科技股份有限公司募集资金投资项目延期的核查意见- CFi.CN 中财网,http://www.cfi.net.cn/p20241217003040.html,,2024-12-17,,35,,63
539,申万宏源张剑：证券公司要适应新质生产力发展，打造现代投行综合服务模式,http://www.stcn.com/article/detail/1444906.html,,2024-12-09,,35,,63
540,申万宏源赵伟等：货币政策或通过更大力度降息缓解私人部门负债成本，中央财政加杠杆可期,https://finance.sina.com.cn/tech/roll/2024-12-09/doc-incywqmp2487305.shtml,,2024-12-09,,35,,63
541,申万宏源：春季震荡市中高股息有机会 主题活跃唱戏,https://finance.sina.com.cn/stock/hkstock/hkstocknews/2024-12-29/doc-inecaqxx3896498.shtml,,2024-12-29,,35,,63
542,申万宏源：春季震荡市中的机会 高股息搭台 主题活跃唱戏 _ 东方财富网,https://finance.eastmoney.com/a/202412293281864428.html,,2024-12-29,,35,,63
543,"申万宏源傅静涛：A股盈利拐点可能推后至2026年 当前仍是牛市""起手式"" _ 东方财富网",https://finance.eastmoney.com/a/202412203274767651.html,,2024-12-21,,35,,63
544,"申万宏源傅静涛：A股盈利拐点可能推后至2026年 当前仍是牛市""起手式""_天天基金网",https://fund.eastmoney.com/a/202412203274767651.html,,2024-12-21,,35,,63
545,沪市ETF总市值突破2.7万亿，中国银河和申万宏源合计市场份额降至40%以下,https://www.nbd.com.cn/articles/2024-12-20/3693289.html,,2024-12-20,,35,,63
546,赛恩斯(688480):申万宏源证券承销保荐有限责任公司关于赛恩斯环保股份有限公司2025年度日常关联交易预计的核查意见- CFi.CN 中财网,http://www.cfi.net.cn/p20241220002394.html,,2024-12-20,,35,,63
547,赛恩斯(688480):申万宏源证券承销保荐有限责任公司关于赛恩斯环保股份有限公司使用部分暂时闲置募集资金进行现金管理的核查意见- CFi.CN 中财网,http://www.cfi.net.cn/p20241220002391.html,,2024-12-20,,35,,63
548,申万宏源赵伟：动能加速修复明年中国GDP料增5% _大公网,https://www.takungpao.com/finance/236132/2024/1219/1042814.html,,2024-12-19,,35,,63
549,*ST花王(603007):申万宏源证券承销保荐有限责任公司关于花王生态工程股份有限公司调整资本公积转增股本除权参考价格计算公式的专项意见- CFi.CN 中财网,http://www.cfi.net.cn/p20241219002272.html,,2024-12-19,,35,,63
550,老凤祥：12月18日组织现场参观活动，申万宏源上海分公司、申万宏源FICC事业部等多家机构参与_股市要闻_市场_中金在线,http://sc.stock.cnfol.com/gushiyaowen/20241219/31072238.shtml,,2024-12-19,,35,,63
551,"申万宏源：日本经济""内循环"" 消费+投资双轮驱动 _ 东方财富网",https://finance.eastmoney.com/a/202501053287675662.html,,2025-01-05,,35,,63
552,H16晟晏 : 申万宏源证券有限公司关于宁夏晟晏实业集团有限公司重要子公司新增被列入失信被执行人及被限制高消费的临时受托管理事务报告- CFi.CN 中财网,http://www.cfi.net.cn/p20241203000712.html,,2024-12-03,,35,,63
553,"刘煜辉""杀回""券商|刘晓宁|经济学家|广发证券|光大证券|申万宏源研究所_网易订阅",https://www.163.com/dy/article/JIGBO4DS0530NLC9.html,,2024-12-03,,35,,63
554,华丰科技(688629):申万宏源证券承销保荐有限责任公司关于四川华丰科技股份有限公司新增2024年度日常关联交易预计的核查意见- CFi.CN 中财网,http://www.cfi.net.cn/p20241203003371.html,,2024-12-03,,35,,63
555,申万宏源证券赵伟：宏观政策更注重与稳就业、科技创新等重点领域配合,http://jnzstatic.cs.com.cn/zzb/htmlInfo/eaa8139c32301347ff3b70639d4a878e.html,,2024-12-13,,35,,63
556,申万宏源证券收警示函 承销ST中泰公司债券违规_个股资讯_市场_中金在线,http://sc.stock.cnfol.com/ggzixun/20241225/31080036.shtml,,2024-12-25,,35,,63
557,明阳电气(301291):申万宏源证券承销保荐有限责任公司关于广东明阳电气股份有限公司部分首次公开发行前已发行股份解除限售并上市流通的核查意见- CFi.CN 中财网,http://www.cfi.net.cn/p20241225002465.html,,2024-12-25,,35,,63
558,惠通科技:申万宏源证券承销保荐有限责任公司关于公司首次公开发行股票并在创业板上市的上市保荐书- CFi.CN 中财网,http://www.cfi.net.cn/p20241225003330.html,,2024-12-25,,35,,63
559,惠通科技:申万宏源证券承销保荐有限责任公司关于公司首次公开发行股票并在创业板上市的发行保荐书- CFi.CN 中财网,http://www.cfi.net.cn/p20241225003329.html,,2024-12-25,,35,,63
560,财务造假余波！涉中泰化学债券承销违规，申万宏源、五矿证券双双收监管警示函,https://finance.sina.com.cn/tech/roll/2024-12-25/doc-ineaswin8544917.shtml,,2024-12-25,,35,,63
561,东方盛虹亏损14亿拟售22亿资产减压 高速扩张债务1444亿财务费达36亿,https://www.163.com/dy/article/JJJQDCNT0530KCTU.html,,2024-12-17,,36,,64
562,浩通科技向东方盛虹子公司采购金银铂废催化剂 合同总金额超18亿元,https://www.nbd.com.cn/articles/2024-12-18/3691035.html,,2024-12-18,,36,,64
563,美的集团荣膺怡安中国最佳ESG雇主,https://finance.sina.com.cn/tech/roll/2024-12-10/doc-incyxrwx5181665.shtml,,2024-12-10,,11,,65
564,美的集团：为什么把业务做到伊拉克｜一封家书 - 经济观察网 － 专业财经新闻网站,http://www.eeo.com.cn/2024/1209/701673.shtml,,2024-12-10,,11,,65
565,美的集团捉紧四大战略主轴 布局全球 迎接繁茂时代 | 中國報 China Press,https://www.chinapress.com.my/?p=4245555,,2025-01-03,,11,,65
566,美的集团董事长方洪波盛赞蔚来ET9：头等舱、远超想象,https://finance.sina.com.cn/tech/roll/2024-12-24/doc-ineapwes8469099.shtml,,2024-12-24,,11,,65
567,美的集团荣获杰出全球ESG影响力大奖,https://finance.sina.com.cn/tech/roll/2024-12-07/doc-incyqytt1230400.shtml,,2024-12-09,,11,,65
568,美的集团荣获杰出全球ESG影响力大奖,https://finance.sina.com.cn/tech/roll/2024-12-07/doc-incyqytt1230400.shtml,,2024-12-07,,11,,65
569,"A股明星扎堆去港股，这次是""宁王""！继美的、顺丰之后，宁德时代拟赴港二次上市|a股|ipo|港上市|顺丰速运|美的集团|知名企业",https://www.163.com/dy/article/JKDLIBOF0530KP1K.html,,2024-12-27,,11,,65
570,美的集团捉紧四大战略主轴 布局全球 迎接繁茂时代 | 中國報 China Press,https://www.chinapress.com.my/?p=4245555,,2025-01-06,,11,,65
571,下一个美的集团，石头科技，100家机构重仓的扫地机器人龙头,https://finance.sina.com.cn/tech/roll/2025-01-02/doc-inecrcmt2148864.shtml,,2025-01-02,,11,,65
572,"美的集团会否提前陷入""大公司陷阱""？丨正经深度|格力|招股书",https://www.163.com/dy/article/JID48VCK0519B5UO.html,,2024-12-04,,11,,65
573,长江商学院走进美的集团安得智联 研修数智化供应链创新发展之道_中华网,https://hea.china.com/article/20241204/122024_1611829.html,,2024-12-04,,11,,65
574,"234只""金股""折射券商布局思路 岁末积极迎接跨年行情_美的集团(000333)股吧_东方财富网股吧","https://guba.eastmoney.com/o/news,000333,1492647524.html",,2024-12-04,,11,,65
575,"对话美的：如何修出智能制造的""内功""|智能化|自动化|美的集团|核心技术|知名企业",https://www.163.com/dy/article/JIIL0O10051188EA.html,,2024-12-04,,11,,65
576,"家电以旧换新成热点，美的集团成券商最青睐""金股""",https://www.yangtse.com/zncontent/4183405.html,,2024-12-04,,11,,65
577,"美的集团美云智数魏晓刚：AI驱动企业数字化转型 是""速赢""和长效并举的方案",https://www.nbd.com.cn/articles/2024-12-06/3675505.html,,2024-12-06,,11,,65
578,"美的集团美云智数魏晓刚：AI驱动企业数字化转型 是""速赢""和长效并举的方案",https://finance.sina.com.cn/roll/2024-12-06/doc-incypsyk8642854.shtml,,2024-12-06,,11,,65
579,美的集团(000333):2024年12月26日投资者关系活动记录表- CFi.CN 中财网,http://www.cfi.net.cn/p20241226001312.html,,2024-12-26,,11,,65
580,潍柴动力电池全系列发布，重新定义商用车动力内核？-智能汽车-ITBear科技资讯,http://www.itbear.com.cn/html/2024-12/624040.html,,2024-12-05,,18,,66
581,TÜV南德赋能潍柴动力筑基'智'与'质'_资讯_信息化新闻_新闻_e-works数字化企业网,https://news.e-works.net.cn/category802/news118277.htm,,2024-12-23,,18,,66
582,潍柴动力电池全系列发布，新能源商用车市场迎来新变局？-智能汽车-ITBear科技资讯,http://www.itbear.com.cn/html/2024-12/621707.html,,2024-12-03,,18,,66
583,"潍柴动力获得发明专利授权：""混合动力车辆的热管理控制方法""|潍柴动力",https://k.sina.com.cn/article_1850649324_6e4eaaec02001ob50.html,,2024-12-18,,18,,66
584,"直击""潍柴2025年全球合作伙伴大会""：潍柴动力首发动力电池产品 覆盖商用车全领域|潍柴动力|新能源",https://k.sina.com.cn/article_2311077472_89c03e60020029fg2.html,,2024-12-04,,18,,66
585,TÜV南德赋能潍柴动力筑基'智'与'质'_资讯_信息化新闻_新闻_e-works数字化企业网,https://news.e-works.net.cn/category802/news118277.htm,,2024-12-20,,18,,66
586,潍柴动力高层变动：张泉辞任多项要职，股价微涨市场怎么看？-财经人物-小熊财经,http://finance.itbear.com.cn/html/2024-12/125567.html,,2024-12-30,,18,,66
587,深市国企力量丨许继电气：电力设备龙头地位稳固，后续订单支撑强劲,http://www.stcn.com/article/detail/1455668.html,,2024-12-17,,7,,67
588,冀东水泥(000401):联合资信评估股份有限公司关于唐山冀东水泥股份有限公司董事长及总经理辞职的关注公告（可转债）- CFi.CN 中财网,http://www.cfi.net.cn/p20241217002684.html,,2024-12-17,,37,,68
589,"""AI金融街""上线 北京企业融资综合信用服务平台建设加快推进|金融街|企业融资",https://k.sina.com.cn/article_5953190046_162d6789e06701ku0e.html,,2024-12-21,,2,,69
590,"企业融资就去""AI金融街""|征信_新浪财经_新浪网",https://finance.sina.com.cn/jjxw/2024-12-21/doc-ineaeytx1739932.shtml,,2024-12-21,,2,,69
591,"金融街物业、招商积余加码，物企抢滩房产中介市场，这块""蛋糕""好分吗？_行业_地产频道首页_财经网",http://estate.caijing.com.cn/20241206/5055914.shtml,,2024-12-06,,2,,69
592,"引入能降噪的""智慧舞场"" 北京西城金融街街道解决广场舞扰民问题-千龙网·中国首都网",https://beijing.qianlong.com/2024/1216/8396467.shtml,,2024-12-16,,2,,69
593,2024金融街论坛，信也科技分享海外业务本土化经验_中华网,https://m.tech.china.com/redian/2024/1216/122024_1617527.html,,2024-12-16,,2,,69
594,"金融街物业等布局房产经纪业务 房屋中介这块""蛋糕""好分吗？ _公司_地产频道首页_财经网",http://estate.caijing.com.cn/20241210/5056614.shtml,,2024-12-10,,2,,69
595,"便捷通勤路，寻觅西城区""金融街专线""的""小确幸""|胡同|地铁|阜成门|东西城",https://www.163.com/dy/article/JJ2TFLVT0552UKU4.html,,2024-12-10,,2,,69
596,"金融街物业等布局房产经纪业务 房屋中介这块""蛋糕""好分吗？ _ 东方财富网",https://finance.eastmoney.com/a/202412093263206780.html,,2024-12-09,,2,,69
597,金融街(000402.SZ)拟回购昌金公司股权并退出昌融公司 实现部分资产处置目的_个股资讯_市场_中金在线,http://sc.stock.cnfol.com/ggzixun/20250101/31090466.shtml,,2025-01-01,,2,,69
598,"金融街物业、招商积余加码，物企抢滩房产中介市场，这块""蛋糕""好分吗？ _ 东方财富网",https://finance.eastmoney.com/a/202412053260492724.html,,2024-12-05,,2,,69
599,北京西城首家人社服务站落户金融街,https://beijing.qianlong.com/2024/1220/8400184.shtml,,2024-12-20,,2,,69
600,"金融街街道丨""植"" 此青绿 拥抱未来-千龙网·中国首都网",https://china.qianlong.com/2024/1213/8395517.shtml,,2024-12-13,,2,,69
601,国企改革三部曲：长虹华意从濒临破产到全球第一,https://finance.sina.com.cn/tech/roll/2024-12-03/doc-incyerfr4776773.shtml,,2024-12-03,,11,,71
602,国企改革三部曲：长虹华意从濒临破产到全球第一_产业经济_财经_中金在线,http://news.cnfol.com/chanyejingji/20241204/31047035.shtml,,2024-12-04,,11,,71
603,历尽千帆涅槃重生 长虹华意从濒临破产到全球第一--经济·科技--人民网,http://finance.people.com.cn/n1/2024/1204/c1004-40375199.html,,2024-12-04,,11,,71
604,"""2024第十四届中国上市公司口碑榜""正式揭榜  藏格矿业荣膺""新能源最具成长上市公司""",https://www.nbd.com.cn/articles/2024-12-17/3688735.html,,2024-12-17,,40,,73
605,云鼎科技携华为云，共铸化工优化新篇章，赋能企业智能化升级-人工智能-ITBear科技资讯,http://www.itbear.com.cn/html/2024-12/627808.html,,2024-12-08,,3,,74
606,沈阳机床(000410):北京金诚同达（沈阳）律师事务所关于沈阳机床股份有限公司2024年度第三次临时股东大会的法律意见书- CFi.CN 中财网,http://www.cfi.net.cn/p20241218002005.html,,2024-12-18,,41,,75
607,英特集团(000411):公司2025年度与浙药集团及其一致行动人日常关联交易预计- CFi.CN 中财网,http://www.cfi.net.cn/p20241219000849.html,,2024-12-19,,17,,76
608,英特集团(000411):财通证券股份有限公司关于浙江英特集团股份有限公司2025年度日常关联交易预计的核查意见- CFi.CN 中财网,http://www.cfi.net.cn/p20241219000854.html,,2024-12-19,,17,,76
609,英特集团(000411):上海荣正企业咨询服务（集团）股份有限公司关于浙江英特集团股份有限公司回购注销2021年限制性股票激励计划首次授予部分限制性股票及调整首次授予部分回购价格相关事项之独立财务顾问报告- CFi.CN 中财网,http://www.cfi.net.cn/p20241219000857.html,,2024-12-19,,17,,76
610,英特集团(000411):公司2025年度与华润医药商业日常关联交易预计- CFi.CN 中财网,http://www.cfi.net.cn/p20241219000855.html,,2024-12-19,,17,,76
611,英特集团(000411):2021年限制性股票激励计划首次授予部分第二个解除限售期解除限售条件成就- CFi.CN 中财网,http://www.cfi.net.cn/p20241219000852.html,,2024-12-19,,17,,76
612,英特集团(000411):调整2021年限制性股票激励计划首次授予部分回购价格- CFi.CN 中财网,http://www.cfi.net.cn/p20241219000848.html,,2024-12-19,,17,,76
613,英特集团(000411):十届五次监事会议决议- CFi.CN 中财网,http://www.cfi.net.cn/p20241219000851.html,,2024-12-19,,17,,76
614,英特集团(000411):监事会关于公司十届五次监事会议相关事项的核查意见- CFi.CN 中财网,http://www.cfi.net.cn/p20241219000859.html,,2024-12-19,,17,,76
615,英特集团(000411):上海荣正企业咨询服务（集团）股份有限公司关于浙江英特集团股份有限公司2021年限制性股票激励计划首次授予部分第二个解除限售期解除限售条件成就相关事项之独立财务顾问报告- CFi.CN 中财网,http://www.cfi.net.cn/p20241219000847.html,,2024-12-19,,17,,76
616,英特集团(000411):召开2025年第一次临时股东大会的通知- CFi.CN 中财网,http://www.cfi.net.cn/p20241219000856.html,,2024-12-19,,17,,76
617,英特集团(000411):回购注销2021年限制性股票激励计划首次授予部分激励对象已获授但尚未解除限售的限制性股票- CFi.CN 中财网,http://www.cfi.net.cn/p20241219000858.html,,2024-12-19,,17,,76
618,英特集团(000411):十届七次董事会议决议- CFi.CN 中财网,http://www.cfi.net.cn/p20241219000853.html,,2024-12-19,,17,,76
619,浙药集团揭牌 康恩贝与英特集团携手助力浙江生物医药产业升级,http://www.stcn.com/article/detail/1438657.html,,2024-12-04,,17,,76
620,英特集团：浙江英特石塘医药产业园项目奠基仪式顺利举行,https://www.nbd.com.cn/articles/2024-12-24/3697988.html,,2024-12-24,,17,,76
621,18渤租05 (112810): 渤海租赁股份有限公司2018年面向合格投资者公开发行公司债券（第五期）2024年付息公告- CFi.CN 中财网,http://www.cfi.net.cn/p20241203001633.html,,2024-12-03,,42,,77
622,渤海租赁(000415.SZ)：Avolon通过全资子公司与Avianca Group International Limited开展飞机售后回租业务_个股资讯_市场_中金在线,http://sc.stock.cnfol.com/ggzixun/20241227/31084715.shtml,,2024-12-27,,42,,77
623,渤海租赁(000415.SZ)子公司Avolon拟开展10架A320NEO系列飞机售后回租业务_个股资讯_市场_中金在线,http://sc.stock.cnfol.com/ggzixun/20241227/31084729.shtml,,2024-12-27,,42,,77
624,合百集团:000417合百集团投资者关系管理信息20241217- CFi.CN 中财网,http://www.cfi.net.cn/p20241217001631.html,,2024-12-17,,43,,78
625,合百集团(000417):董事长辞职- CFi.CN 中财网,http://www.cfi.net.cn/p20241225003016.html,,2024-12-25,,43,,78
626,合百集团(000417.SZ)：1-11月超市业态新增品牌240个，更新率12.5%_个股资讯_市场_中金在线,http://sc.stock.cnfol.com/ggzixun/20241211/31058508.shtml,,2024-12-11,,43,,78
627,南京公用：收购南京能网新能源科技发展有限公司49%股权,https://www.yicai.com/news/102411149.html,,2024-12-20,,39,,81
628,公司快评｜股价异动引发内幕交易疑虑 南京公用并购宇谷科技面临多重风险,https://www.nbd.com.cn/articles/2024-12-27/3701471.html,,2024-12-27,,39,,81
629,"""换电第一股""宇谷科技IPO折戟后借道上市，收购方南京公用业绩承压_新浪科技_新浪网",https://finance.sina.com.cn/tech/roll/2024-12-27/doc-ineaxeft7406539.shtml,,2024-12-27,,39,,81
630,公告精选：三连板吉华集团表示未来宇树科技对公司直接影响较小；南京公用拟购买宇谷科技约68%股权,http://www.stcn.com/article/detail/1469405.html,,2024-12-26,,39,,81
631,"343亿新疆煤矿争夺战：""宜化系""PK""新湖系""谁赢？|股权|蒋远华|湖北宜化",https://www.163.com/dy/article/JJ85KPVJ0519875F.html,,2024-12-12,,40,,82
632,百亿市值湖北宜化再现资本运作，超30亿收购新疆宜化近四成股权,https://finance.sina.com.cn/tech/roll/2024-12-12/doc-inczfmwf2766735.shtml,,2024-12-12,,40,,82
633,估值增长5倍！6年前出售的资产如今要买回来  湖北宜化：标的资产状况良好,https://www.nbd.com.cn/articles/2024-12-12/3684288.html,,2024-12-12,,40,,82
634,重组补链强基 湖北宜化收购新疆宜化拓化工版图,http://www.stcn.com/article/detail/1454363.html,,2024-12-16,,40,,82
635,湖北宜化32亿大手笔！战略收购新疆宜化，化工全产业链布局再升级-宏观经济-小熊财经,http://finance.itbear.com.cn/html/2024-12/117323.html,,2024-12-16,,40,,82
636,湖北宜化32亿资产重组：标的6年前卖出如今加价回购 _ 东方财富网,https://finance.eastmoney.com/a/202412283281544682.html,,2024-12-28,,40,,82
637,湖北宜化：拟现金购买控股股东旗下公司100%股权 构成重大资产重组,https://www.yicai.com/news/102397084.html,,2024-12-11,,40,,82
638,湖北宜化宣布重大资产重组，化工产业链再升级！-信息流-小熊财经,http://finance.itbear.com.cn/html/2024-12/114903.html,,2024-12-11,,40,,82
639,冬游齐鲁 乐享滋补|东阿阿胶全面融入2025好客山东贺年会 - 资讯广场,https://www.voc.com.cn/article/202412/202412240934395370.html,,2024-12-24,,44,,83
640,"""双轮驱动""促文化与产业共进 东阿阿胶助力中医药振兴--健康·生活--人民网",http://health.people.com.cn/n1/2024/1224/c14739-40388682.html,,2024-12-24,,44,,83
641,从东阿阿胶x山东航空，看老字号品牌现象级营销玩法,https://china.qianlong.com/2024/1216/8396707.shtml,,2024-12-16,,44,,83
642,深度 | 从东阿阿胶x山东航空，看老字号品牌现象级营销玩法_中华网,https://m.tech.china.com/redian/2024/1216/122024_1616933.html,,2024-12-16,,44,,83
643,行业挑战与机遇并存，东阿阿胶与广州酒家品牌破圈联谊探索新路径_中华网,https://hea.china.com/article/20241216/122024_1617256.html,,2024-12-16,,44,,83
644,东阿阿胶(000423.SZ)：控股股东之一致行动人累计增持1%股份_个股资讯_市场_中金在线,http://sc.stock.cnfol.com/ggzixun/20241218/31069948.shtml,,2024-12-18,,44,,83
645,华润医药(03320.HK)累计增持东阿阿胶股份达1%_个股资讯_市场_中金在线,http://sc.stock.cnfol.com/ggzixun/20241218/31070290.shtml,,2024-12-18,,44,,83
646,徐工机械：主导电动工程机械新国标发布 新能源装载机市占率行业第一_股市直播_市场_中金在线,http://sc.stock.cnfol.com/gushizhibo/20241219/31071479.shtml,,2024-12-19,,34,,84
647,"徐工机械：""一号产业""持续高质量发展 助力""徐州制造""加速走向世界_股市直播_市场_中金在线",http://sc.stock.cnfol.com/gushizhibo/20241219/31071535.shtml,,2024-12-19,,34,,84
648,徐工机械：主导电动工程机械新国标发布 新能源装载机市占率行业第一,https://k.sina.com.cn/article_6135428695_16db33657020014i7y.html,,2024-12-19,,34,,84
649,徐工机械，ESG金牛奖！_企业_资讯_工程机械商贸网,https://news.21-sun.com/detail/2024/12/20241209112124061.shtml,,2024-12-09,,34,,84
650,徐工机械发布行业首份全球投资者回报计划 多措并举切实增强股东获得感_股市直播_市场_中金在线,http://sc.stock.cnfol.com/gushizhibo/20241203/31045438.shtml,,2024-12-03,,34,,84
651,兴业银锡(000426):通知债权人公告- CFi.CN 中财网,http://www.cfi.net.cn/p20241217001171.html,,2024-12-17,,24,,85
652,兴业银锡：拟23.88亿元收购宇邦矿业85%股权,http://www.stcn.com/article/detail/1463403.html,,2024-12-22,,24,,85
653,兴业银锡(000426):收购赤峰宇邦矿业有限公司85%股权暨关联交易- CFi.CN 中财网,http://www.cfi.net.cn/p20241220004599.html,,2024-12-20,,24,,85
654,[担保]兴业银锡(000426):公司及子公司为银漫矿业开展融资租赁业务提供担保- CFi.CN 中财网,http://www.cfi.net.cn/p20241220004594.html,,2024-12-20,,24,,85
655,兴业银锡(000426):召开2025年第一次临时股东大会的通知- CFi.CN 中财网,http://www.cfi.net.cn/p20241220004598.html,,2024-12-20,,24,,85
656,兴业银锡(000426):第十届监事会第十次会议决议- CFi.CN 中财网,http://www.cfi.net.cn/p20241220004597.html,,2024-12-20,,24,,85
657,兴业银锡拟23.88亿元收购宇邦矿业85%股权 收购后白银保有储量将占国内总储量34.56%,https://www.nbd.com.cn/articles/2024-12-21/3694469.html,,2024-12-21,,24,,85
658,拿下亚洲第一大银矿 兴业银锡资源禀赋持续释放成长性,http://www.stcn.com/article/detail/1466517.html,,2024-12-24,,24,,85
659,张家界：峰林深处起和声_张家界_湖南频道,https://hn.rednet.cn/content/646856/55/14532502.html,,2024-12-11,,47,,88
660,多图来袭！张家界雪后初晴，雾凇同框金色天际线_天门_风中_刘金文,https://www.sohu.com/a/835348279_120914498?edtsign=90BDFE87406321AC9CC55692F09958FCED658411&edtcode=zXiNVNvXHhH4mGR7923P6Q==&scm=thor.283_14-200000.0.0.,,2024-12-11,,47,,88
661,多图来袭！张家界雪后初晴，雾凇同框金色天际线_天门_风中_刘金文,https://www.sohu.com/a/835348279_120914498?edtsign=51756B081EDC6194D41FF9379F1F436D0F474F99&edtcode=LPEGkn04C3vvNUzzNAOT4ga2oN2+AMpMDyHU9tYktFw=&scm=thor.283_14-200000.0.0.,,2024-12-11,,47,,88
662,"热搜一个接一个，""国际张""用实力证明国际范_张家界_湖南频道_红网",https://hn.rednet.cn/content/646856/65/14562548.html,,2024-12-21,,47,,88
663,"张家界：军地共搭""鹊桥"" 巾帼邂逅橄榄绿_科教.文卫_湖南频道_红网",https://hn.rednet.cn/content/646945/96/14602495.html,,2025-01-04,,47,,88
664,清风头条｜张家界推动廉洁文化浸润人心_张家界_湖南频道,https://hn.rednet.cn/content/646856/66/14565100.html,,2024-12-23,,47,,88
665,"张家界武陵源智慧之路：向""新""向""智""_中国网",http://travel.china.com.cn/txt/2024-12/13/content_117605908.shtml,,2024-12-13,,47,,88
666,经武快评丨240小时游湖南，不止长沙和张家界 - 三湘时评,https://opinion.voc.com.cn/news/202501/21605087.html,,2025-01-06,,47,,88
667,2024年张家界市外贸工作亮点纷呈,https://hunan.ifeng.com/c/8ftVAujXD1q,,2025-01-06,,47,,88
668,张家界移动总经理鲍民利上任半年了 从岳阳移动副总升任,https://finance.sina.com.cn/tech/roll/2025-01-06/doc-ineczaiy8674100.shtml,,2025-01-06,,47,,88
669,贵阳文旅赴张家界开展入境文旅推介 深化韩国客源合作_新闻频道_中华网,https://news.china.com/socialgd/10000169/20250107/47836787.html,,2025-01-06,,47,,88
670,"张家界市：""三航""模式构筑零工平台新高地_张家界_湖南频道_红网",https://hn.rednet.cn/content/646856/94/14508219.html,,2024-12-03,,47,,88
671,张家界-空中有田园 - 博客,https://blog.wenxuecity.com/myblog/70804/202412/1309.html,,2024-12-03,,47,,88
672,张家界子公司拖欠千万元工程款_天下_新闻频道_福州新闻网,https://news.fznews.com.cn/gngj/20241226/4LU00H69qK.shtml,,2024-12-26,,47,,88
673,刘革安赴桑植调研督导安全生产和巩固拓展脱贫攻坚成果同乡村振兴有效衔接工作_张家界_湖南频道,https://hn.rednet.cn/content/646856/59/14542911.html,,2024-12-16,,47,,88
674,张家界宝峰湖：冬日暖阳映仙境_张家界_湖南频道,https://hn.rednet.cn/content/646856/59/14543379.html,,2024-12-16,,47,,88
675,张家界天子山：日落红霞飞 美景醉游人_张家界_湖南频道,https://hn.rednet.cn/content/646856/50/14544318.html,,2024-12-16,,47,,88
676,"国内冰雪旅游""热开花"" 北京成冰雪游最热客源地|温泉|雪乡|出境游|张家界|北京市",https://www.163.com/dy/article/JJHMSN770514R9KQ.html,,2024-12-16,,47,,88
677,张家界武陵源：筑牢健康基石 擦亮幸福底色,http://travel.china.com.cn/txt/2024-12/16/content_117610256.shtml,,2024-12-16,,47,,88
678,"张家界""人猴大战""　游客出拳压制成功夺回包包 | 世界万象 | 東方網 馬來西亞東方日報",https://www.orientaldaily.com.my/news/buzz/2024/12/16/699990,,2024-12-16,,47,,88
679,"张家界市开展2024年""宪法宣传周""集中宣传活动_张家界_湖南频道_红网",https://hn.rednet.cn/content/646856/96/14513307.html,,2024-12-04,,47,,88
680,"冬游张家界，""峰""味更独特 - 直播湖南 - 湖南在线",https://hunan.voc.com.cn/article/202412/202412250654138280.html,,2024-12-25,,47,,88
681,新加坡大型旅行团畅游张家界国家森林公园_张家界_湖南频道,https://hn.rednet.cn/content/646856/68/14573065.html,,2024-12-25,,47,,88
682,"九宫格海报丨""湘""当有进，张家界如此奋！_张家界_湖南频道_红网",https://hn.rednet.cn/content/646856/69/14574243.html,,2024-12-25,,47,,88
683,[诉讼]张家界(000430):诉讼及分公司部分银行账户被冻结- CFi.CN 中财网,http://www.cfi.net.cn/p20241225001723.html,,2024-12-25,,47,,88
684,张家界天门山再迎降雪 冬日浪漫引游客拍照留念_新闻频道_中华网,https://news.china.com/socialgd/10000169/20241206/47711499.html,,2024-12-06,,47,,88
685,张家界领跑入境游 湖南2024前三季度接待入境游客218.5万人次,https://hunan.ifeng.com/c/8fevslvtDB4,,2024-12-28,,47,,88
686,长沙机场和张家界机场口岸十天过境免签 - 要闻 - 湖南在线,https://hunan.voc.com.cn/article/202412/202412180656063889.html,,2024-12-18,,47,,88
687,长沙机场和张家界机场口岸十天过境免签_经济.民生_湖南频道,https://hn.rednet.cn/content/646856/52/14550502.html,,2024-12-18,,47,,88
688,因古城投资失利 张家界走到重整边缘 - 经济观察网 － 专业财经新闻网站,http://www.eeo.com.cn/2024/1217/702919.shtml,,2024-12-18,,47,,88
689,比去张家界还能吸引韩国博主的，是造访开在中国的朝鲜餐厅_3DM专栏,https://www.3dmgame.com/original/3745073.html,,2024-12-18,,47,,88
690,"两会时间｜永定区：奋楫扬帆 推动""首善之区""发展航船行稳致远_张家界_湖南频道_红网",https://hn.rednet.cn/content/646856/52/14551794.html,,2024-12-18,,47,,88
691,"两会时间｜从《政府工作报告》里看慈利的""过去与未来""_张家界_湖南频道_红网",https://hn.rednet.cn/content/646856/52/14552347.html,,2024-12-18,,47,,88
692,张家界航院：2024年访企拓岗促就业专项行动圆满收官_张家界_湖南频道,https://hn.rednet.cn/content/646856/52/14552434.html,,2024-12-18,,47,,88
693,《时刻V播》20241218：10天过境免签！长沙机场和张家界机场口岸将迎更多外国旅客_经济.民生_湖南频道,https://hn.rednet.cn/content/646856/52/14552893.html,,2024-12-18,,47,,88
694,"""长张空中快线""将恢复 国内外游客畅玩张家界更便捷凤凰网湖南_凤凰网",https://hunan.ifeng.com/c/8frXZdZeJ5g,,2025-01-05,,47,,88
695,张家界风光首次闪亮青花瓷 艺术之美惊艳亮相_新闻频道_中华网,https://news.china.com/socialgd/10000169/20241208/47720347.html,,2024-12-08,,47,,88
696,倒立攀登张家界天门山999阶天梯第一人！摔倒了上百次，5小时登顶,https://hunan.ifeng.com/c/8fB0SaDawm1,,2024-12-10,,47,,88
697,国赛一等奖！张家界航空工业职业技术学院师生在人工智能大赛中再创佳绩,https://k.sina.com.cn/article_3363163410_c875cd1202001orfm.html,,2024-12-10,,47,,88
698,因古城投资失利 张家界走到重整边缘 - 经济观察网 － 专业财经新闻网站,http://www.eeo.com.cn/2024/1217/702919.shtml,,2024-12-22,,47,,88
699,"真诚是张家界最大的流量密码 ""国际张""用实力证明国际范 - 市州精选 - 湖南在线",https://hunan.voc.com.cn/article/202412/202412221015374100.html,,2024-12-22,,47,,88
700,"央媒看湖南丨张家界""淡季不淡"" 免签新政下入境游热度大涨_张家界_湖南频道_红网",https://hn.rednet.cn/content/646856/68/14569711.html,,2024-12-24,,47,,88
701,"两会""礼物""|砂石画里的张家界山水情_张家界_湖南频道_红网",https://hn.rednet.cn/content/646856/68/14570142.html,,2024-12-24,,47,,88
702,"湖南张家界""淡季不淡"" 免签新政下入境游热度大涨_杭州网",https://news.hangzhou.com.cn/jjxw/content/2024-12/24/content_8830334.htm,,2024-12-24,,47,,88
703,"去年接待入境游客50万人次 张家界大峡谷景区成国际旅游""新宠"" - 市州精选 - 湖南在线",https://hunan.voc.com.cn/article/202501/202501030856349940.html,,2025-01-03,,47,,88
704,影像丨首届张家界新国潮艺术展开展 137件入围作品展出_市州聚焦_湖南频道,https://hn.rednet.cn/nograb/646945/94/14598608.html,,2025-01-03,,47,,88
705,"""一叶茶""变成""绿色银行"" 张家界莓茶撬动28亿元产业链 - 市州精选 - 湖南在线",https://hunan.voc.com.cn/article/202501/202501030914207647.html,,2025-01-03,,47,,88
706,立新规矩 创新成效——2024年张家界市财政投资评审工作再上新台阶_张家界_湖南频道,https://hn.rednet.cn/content/646945/94/14597299.html,,2025-01-03,,47,,88
707,"隐患""退！退！退！""｜张家界：严查严处""温暖杀手"" 为民""质""守暖冬_张家界_湖南频道_红网",https://hn.rednet.cn/content/646945/95/14599449.html,,2025-01-03,,47,,88
708,多图来袭！张家界雪后初晴，雾凇同框金色天际线_天门_风中_刘金文,https://www.sohu.com/a/835348279_120914498?edtsign=E3FEDC142A9FD6B45E9E05347250F259BDBA250E&edtcode=FTRuAjo7ppMSRVyO2CF60w==&scm=thor.283_14-200000.0.0.,,2024-12-12,,47,,88
709,张家界：七名被告人犯贩卖、运输毒品罪，最高获刑三年十个月！,https://hunan.ifeng.com/c/8fESeHOjY3R,,2024-12-12,,47,,88
710,与时间赛跑，张家界市永定区妇保院为生命接力守护母女平安_永定区_湖南频道,https://hn.rednet.cn/content/646856/59/14542912.html,,2024-12-15,,47,,88
711,张家界-二次登天记 - 博客,https://blog.wenxuecity.com/myblog/70804/202412/3098.html,,2024-12-05,,47,,88
712,湖南人，快来这里看雪！张家界天门山又迎降雪,https://www.xxcb.cn/details/2q8biSYgB67517f5484201778317f7b7d.html,,2024-12-05,,47,,88
713,"两会""礼物""|让张家界莓茶火在""云""上_张家界_湖南频道_红网",https://hn.rednet.cn/content/646856/60/14579629.html,,2024-12-27,,47,,88
714,张家界入境旅游火爆 今年接待国际游客超180万,http://travel.china.com.cn/txt/2024-12/27/content_117632358.shtml,,2024-12-27,,47,,88
715,张家界子公司因拖欠工程款部分银行账户被冻结 — 新京报,https://www.bjnews.com.cn/detail/1735306278168565.html,,2024-12-27,,47,,88
716,张家界举行特色美食文化节美食争霸赛等活动,http://travel.china.com.cn/txt/2025-01/02/content_117641247.shtml,,2025-01-02,,47,,88
717,单方面免签一个月，韩国游客涌向张家界,https://news.ifeng.com/c/8fNdgD1xUf2,,2024-12-17,,47,,88
718,单方面免签一个月，韩国游客涌向张家界,https://www.huxiu.com/article/3801948.html,,2024-12-17,,47,,88
719,"张家界学院""无偿献血• 爱心助学""资助活动颁奖仪式暨表扬大会如期举行_张家界_湖南频道_红网",https://hn.rednet.cn/content/646856/50/14546130.html,,2024-12-17,,47,,88
720,"最新""韩潮""：周五下班去中国！宣传片火""出圈""，""张家界长满了韩国人""！外交部：欢迎继续""种草""中国",https://www.nbd.com.cn/articles/2024-12-17/3689196.html,,2024-12-17,,47,,88
721,"最新""韩潮""：周五下班去中国！宣传片火""出圈"" ""张家界长满了韩国人""！ _ 东方财富网",https://finance.eastmoney.com/a/202412173271022826.html,,2024-12-17,,47,,88
722,张家界-索梯风景线 - 博客,https://blog.wenxuecity.com/myblog/70804/202412/5145.html,,2024-12-07,,47,,88
723,"张家界武陵源：初冬中外游人畅游如画""峰""景_中国网",http://travel.china.com.cn/txt/2024-12/09/content_117595336.shtml,,2024-12-09,,47,,88
724,雪域飞翔：七星山上的快意人生_张家界_湖南频道,https://hn.rednet.cn/content/646856/74/14586435.html,,2024-12-30,,47,,88
725,"张家界永定区举办""关注百姓呼声 共筑E网情深""网民留言办理主题活动_张家界_湖南频道_红网",https://hn.rednet.cn/content/646856/53/14554757.html,,2024-12-19,,47,,88
726,"""张家界长满韩国人""，文旅局发文致谢张艺兴，韩青年热衷周末来中国""去班味""-华龙网",https://www.cqnews.net/1/detail/1319295659299463168/web/content_1319295659299463168.html,,2024-12-19,,47,,88
727,"""张家界长满韩国人""，文旅局发文致谢张艺兴，韩青年热衷周末来中国""去班味""|免签",https://www.163.com/dy/article/JJP7U9KI053469LG.html,,2024-12-19,,47,,88
728,一大波韩国游客准备来张家界跨年了！旅行社：来张机票已售罄,https://www.xxcb.cn/details/2q8biSYgB6764035d8420171d9365dcff.html,,2024-12-19,,47,,88
729,"张家界又双叒叕刷屏！成为""老外""诱捕器，""流量密码""找到了_凤凰网",https://news.ifeng.com/c/8fSnYuPwFOs,,2024-12-20,,47,,88
730,"媒体消息称：张家界的山上""长满""了韩国游客_中国网",http://travel.china.com.cn/txt/2024-12/20/content_117618810.shtml,,2024-12-20,,47,,88
731,俞发祥：祥源百龙天梯为建设现代化张家界提供有力支撑_中华网,https://hea.china.com/article/20241220/122024_1619858.html,,2024-12-20,,47,,88
732,一大波韩国游客来张家界跨年了 免签政策促旅游热潮_新闻频道_中华网,https://news.china.com/socialgd/10000169/20241220/47773107.html,,2024-12-20,,47,,88
733,公司热点｜晨鸣纸业部分生产基地临时停机检修 公司18亿元债务逾期 _ 东方财富网,https://finance.eastmoney.com/a/202412213275037354.html,,2024-12-21,,48,,89
734,晨鸣纸业陷流动性危机，副董事长李兴春的利得金融还在努力融资,http://www.stcn.com/article/detail/1436194.html,,2024-12-03,,48,,89
735,近5000万元债权逾期 劲嘉股份起诉晨鸣纸业子公司,https://www.nbd.com.cn/articles/2024-12-27/3702877.html,,2024-12-27,,48,,89
736,晨鸣纸业：跨界发展多年后剥离资产仍债台高筑 9亿元其他应收款单位控制权现疑云,https://www.163.com/dy/article/JKLGD55O05396IQY.html,,2024-12-30,,48,,89
737,晨鸣纸业：跨界发展多年后剥离资产仍债台高筑 9亿元其他应收款单位控制权现疑云_证券要闻_财经_中金在线,http://news.cnfol.com/zhengquanyaowen/20241230/31086366.shtml,,2024-12-30,,48,,89
738,晨鸣纸业(000488):部分限制性股票回购注销完成- CFi.CN 中财网,http://www.cfi.net.cn/p20241219003355.html,,2024-12-19,,48,,89
739,山东路桥：目前新能源相关业务体量占比相对较小 _ 东方财富网,https://finance.eastmoney.com/a/202412233276219845.html,,2024-12-23,,8,,90
740,山东路桥(000498):子公司路桥集团公开挂牌增资扩股的进展公告- CFi.CN 中财网,http://www.cfi.net.cn/p20241220004465.html,,2024-12-20,,8,,90
741,山东路桥(000498):广发证券股份有限公司关于山东高速路桥集团股份有限公司2024年定期现场检查报告- CFi.CN 中财网,http://www.cfi.net.cn/p20250103005550.html,,2025-01-04,,8,,90
742,武商集团牵手王府井 签署武汉市内免税店投资合作协议,http://www.stcn.com/article/detail/1469333.html,,2024-12-26,,43,,91
743,武商集团：华创证券研究所、太平养老投资研究部等多家机构于12月26日调研我司_股市要闻_市场_中金在线,http://sc.stock.cnfol.com/gushiyaowen/20241227/31083535.shtml,,2024-12-27,,43,,91
744,武商集团(000501):持股5%以上股东权益变动的提示性公告- CFi.CN 中财网,http://www.cfi.net.cn/p20241219002782.html,,2024-12-19,,43,,91
745,"武商集团""牵手""王府井  投资运营武汉市内免税店项目 - 经济观察网 － 专业财经新闻网站",http://www.eeo.com.cn/2024/1227/704258.shtml,,2024-12-28,,43,,91
746,国新健康(000503):召开2024年第二次临时股东大会的提示性公告- CFi.CN 中财网,http://www.cfi.net.cn/p20241217000718.html,,2024-12-17,,3,,92
747,"丽珠集团不断拓展产品管线与深度 ""BD+自主研发""展现老牌药企创新硬核",https://www.nbd.com.cn/articles/2024-12-05/3673140.html,,2024-12-05,,32,,99
748,下一个迈瑞医疗？国际医学，A股独此一家的大三甲连锁医疗龙头,https://finance.sina.com.cn/tech/roll/2024-12-27/doc-ineaxkpp2377480.shtml,,2024-12-27,,49,,101
749,黎京雄院长精彩亮相第19届美沃斯国际医学美容大会_中华网,https://tech.china.com/article/20241218/122024_1618564.html,,2024-12-18,,49,,101
750,国际医学：业务经营持续改善，综合医院稀缺标的获众多机构关注,http://www.stcn.com/article/detail/1441996.html,,2024-12-06,,49,,101
751,2.86亿股股份流拍，四环生物控制权仍存变数 — 新京报,https://www.bjnews.com.cn/detail/1733744984168537.html,,2024-12-10,,38,,103
752,实控人股权流拍 四环生物悬而待定,https://www.163.com/dy/article/JIU53S8N0519DFFO.html,,2024-12-09,,38,,103
753,实控人股权流拍 四环生物悬而待定_北京商报,https://www.bbtnews.com.cn/2024/1208/539645.shtml,,2024-12-09,,38,,103
754,"80岁陆克平痛失四环生物，""接盘侠""邱为碧浮出水面！|江苏阳光",https://www.163.com/dy/article/JKC2BFEO0519875F.html,,2024-12-26,,38,,103
755,"四环生物2.86亿股法拍底价成交，""阳光系""资本局走向终结",https://www.yicai.com/news/102419041.html,,2024-12-26,,38,,103
756,"苏宁易购与长虹美菱召开""圣元春""全国动员会_产业经济_财经_中金在线",http://news.cnfol.com/chanyejingji/20241206/31051997.shtml,,2024-12-06,,11,,106
757,长虹美菱：拟利用自有闲置资金不超63.5亿元投资理财产品,https://www.yicai.com/news/102396771.html,,2024-12-11,,11,,106
758,打造智造标杆！长虹美菱再获国家级荣誉！,https://finance.sina.com.cn/tech/roll/2025-01-06/doc-inecznxx2506086.shtml,,2025-01-06,,11,,106
759,打造智造标杆！长虹美菱再获国家级荣誉！,https://finance.sina.com.cn/tech/roll/2025-01-06/doc-inecztfz5571106.shtml,,2025-01-06,,11,,106
760,长虹美菱日电科技有限公司关于招聘电商运营等岗位的公告_绵阳新闻网,http://www.myrb.net/html/2025/news/1/406251.html,,2025-01-06,,11,,106
761,加速培育新质生产力 长虹美菱科技新品亮相家博会,https://finance.sina.com.cn/tech/roll/2024-12-13/doc-inczhxxx5979225.shtml,,2024-12-13,,11,,106
762,加速培育新质生产力 长虹美菱科技新品亮相家博会,https://finance.sina.com.cn/tech/roll/2024-12-13/doc-incziefv5871061.shtml,,2024-12-13,,11,,106
763,抢年货易起虹 长虹美菱与苏宁易购打响年货节第一枪,https://finance.sina.com.cn/tech/roll/2024-12-09/doc-incyvnxz2840544.shtml,,2024-12-09,,11,,106
764,抢年货易起虹 长虹美菱与苏宁易购打响年货节第一枪,https://finance.sina.com.cn/tech/roll/2024-12-09/doc-incyvnxx6075273.shtml,,2024-12-09,,11,,106
765,勇攀智造高点 长虹美菱上榜2024双百强企业_中华网,https://hea.china.com/article/20241203/122024_1611492.html,,2024-12-03,,11,,106
766,从滑雪世界杯 看长虹美菱如何演绎冰雪奇缘？,https://finance.sina.com.cn/tech/roll/2024-12-03/doc-incyekxt4893588.shtml,,2024-12-03,,11,,106
767,从滑雪世界杯 看长虹美菱如何演绎冰雪奇缘?,https://finance.sina.com.cn/tech/roll/2024-12-03/doc-incyekxt4894533.shtml,,2024-12-03,,11,,106
768,从滑雪世界杯 看长虹美菱如何演绎冰雪奇缘？_中华网,https://hea.china.com/article/20241203/122024_1611644.html,,2024-12-03,,11,,106
769,长虹美菱设立专项奖学金 助力复旦大学科研,https://finance.sina.com.cn/tech/roll/2024-12-19/doc-inczyhfy0233431.shtml,,2024-12-19,,11,,106
770,长虹美菱设立专项奖学金 助力复旦大学科研,https://finance.sina.com.cn/tech/roll/2024-12-19/doc-inczyhfz7014972.shtml,,2024-12-19,,11,,106
771,长虹美菱(000521):召开2024年第三次临时股东大会的提示性公告- CFi.CN 中财网,http://www.cfi.net.cn/p20241219000844.html,,2024-12-19,,11,,106
772,以旧换新激活消费新活力 长虹美菱塑造增长新动能,https://finance.sina.com.cn/tech/roll/2024-12-20/doc-ineaamez6081223.shtml,,2024-12-20,,11,,106
773,ST红太阳(000525):公司控股股东、实际控制人变更生效- CFi.CN 中财网,http://www.cfi.net.cn/p20241225002687.html,,2024-12-25,,40,,109
774,ST红太阳(000525):董事会提名委员会关于聘任公司高级管理人员的审查意见- CFi.CN 中财网,http://www.cfi.net.cn/p20241225002688.html,,2024-12-25,,40,,109
775,ST红太阳(000525):董事会、监事会完成换届选举及聘任高级管理人员- CFi.CN 中财网,http://www.cfi.net.cn/p20241225002686.html,,2024-12-25,,40,,109
776,ST红太阳(000525):江苏益友天元（南京）律师事务所关于南京红太阳股份有限公司2024年第二次临时股东大会的法律意见书- CFi.CN 中财网,http://www.cfi.net.cn/p20241225002684.html,,2024-12-25,,40,,109
777,ST红太阳(000525):董事会审计委员会关于聘任公司财务总监的审查意见- CFi.CN 中财网,http://www.cfi.net.cn/p20241225002682.html,,2024-12-25,,40,,109
778,ST红太阳：股票交易异常波动 生产经营情况正常 _ 东方财富网,https://finance.eastmoney.com/a/202412223275164643.html,,2024-12-22,,40,,109
779,学大教育：紫光集团管理人拟协议转让5%公司股份,https://www.yicai.com/news/102401255.html,,2024-12-13,,56,,110
780,学大教育携手日本名校共育国际化职教人才_中华网,https://hea.china.com/article/20241223/122024_1620247.html,,2024-12-23,,56,,110
781,"学大教育创始人金鑫出席科技引领，职教""新""行——首届首都职业教育青年圆桌会_中华网",https://hea.china.com/article/20241203/122024_1611346.html,,2024-12-03,,56,,110
782,持续推动行业创新实践，学大教育荣获百度多项大奖_中华网,https://hea.china.com/article/20241230/122024_1623567.html,,2024-12-30,,56,,110
783,学大教育联合多方，共建广安低空经济人才培养新高地_中华网,https://hea.china.com/article/20241224/122024_1620794.html,,2024-12-24,,56,,110
784,学大教育携手紫光股份，共绘产教融合新蓝图_中华网,https://hea.china.com/article/20250103/012025_1625620.html,,2025-01-03,,56,,110
785,学大教育三季度营收6.27亿元净利润1418.58万，连续第八个季度盈利_中华网,https://hea.china.com/article/20241206/122024_1613062.html,,2024-12-06,,56,,110
786,引领教育行业创新发展 学大教育荣获新华网教育论坛多个奖项_中华网,https://hea.china.com/article/20241216/122024_1616922.html,,2024-12-16,,56,,110
787,国金证券：给予学大教育增持评级，目标价位51.13元_股市要闻_市场_中金在线,http://sc.stock.cnfol.com/gushiyaowen/20241208/31053322.shtml,,2024-12-08,,56,,110
788,革新破局 强强联合︱柳工七识科技与北部湾产权交易所签署战略框架合作协议_企业_资讯_工程机械商贸网,https://news.21-sun.com/detail/2025/01/20250104092256620.shtml,,2025-01-04,,34,,111
789,党旗在基层一线高高飘扬｜林明智：用党员担当延伸柳工科技创新之路-新华网,http://www.news.cn/politics/20241206/4b80e8e58454459ca870fdac49c287a7/c.html,,2024-12-06,,34,,111
790,由柳工牵头组建的广西高端工程装备实验室入选自治区实验室_企业_资讯_工程机械商贸网,https://news.21-sun.com/detail/2025/01/20250102091406369.shtml,,2025-01-02,,34,,111
791,柳工荣登工信部《机电产品再制造行业规范企业名单》_企业_资讯_工程机械商贸网,https://news.21-sun.com/detail/2025/01/20250106180442724.shtml,,2025-01-06,,34,,111
792,《人民日报》头版头条关注 | 柳工科技创新助力广西做好强产业文章_企业_资讯_工程机械商贸网,https://news.21-sun.com/detail/2024/12/20241216150634134.shtml,,2024-12-16,,34,,111
793,柳工6款产品入选《低噪声施工设备指导名录（2024年版）》_企业_资讯_工程机械商贸网,https://news.21-sun.com/detail/2024/12/20241221084257935.shtml,,2024-12-21,,34,,111
794,延伸人类力量 共绘美好未来 | 柳工东部研发制造基地成立15周年大会举行_企业_资讯_工程机械商贸网,https://news.21-sun.com/detail/2024/12/20241227104108215.shtml,,2024-12-27,,34,,111
795,柳工：公司近几月的装载机销售情况优于行业 _ 东方财富网,https://finance.eastmoney.com/a/202412273281181145.html,,2024-12-27,,34,,111
796,智慧·绿色·延伸人类力量 | 柳工首届生态大会举行！_企业_资讯_工程机械商贸网,https://news.21-sun.com/detail/2024/12/20241225115648064.shtml,,2024-12-25,,34,,111
797,冰山冷热：已完成出售所持国泰君安全部股份 对公司2024年度净利润贡献约5138万元,https://www.yicai.com/news/102415490.html,,2024-12-24,,57,,113
798,冰山冷热(000530):2024年度以简易程序向特定对象发行A股股票预案- CFi.CN 中财网,http://www.cfi.net.cn/p20241219003252.html,,2024-12-19,,57,,113
799,冰山冷热(000530):2024年度以简易程序向特定对象发行A股股票募集资金使用可行性分析报告- CFi.CN 中财网,http://www.cfi.net.cn/p20241219003240.html,,2024-12-19,,57,,113
800,[风险]冰山冷热(000530):2024年度以简易程序向特定对象发行A股股票摊薄即期回报的风险提示及填补回报措施和相关主体承诺- CFi.CN 中财网,http://www.cfi.net.cn/p20241219003242.html,,2024-12-19,,57,,113
801,冰山冷热(000530):监事会关于以简易程序向特定对象发行A股股票的书面审核意见- CFi.CN 中财网,http://www.cfi.net.cn/p20241219003248.html,,2024-12-19,,57,,113
802,冰山冷热(000530):2024年度以简易程序向特定对象发行A股股票方案论证分析报告- CFi.CN 中财网,http://www.cfi.net.cn/p20241219003251.html,,2024-12-19,,57,,113
803,冰山冷热拟定增募资不超1.96亿元 公司股价跌逾4%,http://www.stcn.com/article/detail/1461944.html,,2024-12-20,,57,,113
804,冰山冷热拟定增募不超1.96亿元 股价跌6.85%_股市聚焦_市场_中金在线,http://sc.stock.cnfol.com/gushijujiao/20241220/31073876.shtml,,2024-12-20,,57,,113
805,_穗恒运A(000531)股吧_东方财富网股吧,"http://guba.eastmoney.com/o/news,000531,1506154938.html",,2025-01-06,,16,,114
