1,1,银行,看涨,新闻标题提到平安银行是科技金融的长期主义践行者，这表明该银行在科技金融领域有长期的投资和布局，且强调金融为民，显示出其服务理念符合当前金融科技发展趋势，有利于吸引更多客户和投资者，从而推动股价上涨。,正面
2,2,银行,看涨,新闻内容主要涉及平安银行零售风控负责人张慎的离职，这一变动可能对平安银行的零售风控部门产生一定影响，但具体影响程度尚不明确。离职事件本身并不直接关联到银行的业绩表现或市场趋势，因此对股价的影响难以判断，暂时视为中性。,中性
3,3,银行,看涨,新闻标题提到平安银行从传统的商业银行向智能化零售银行转型，这表明银行正在积极采用新技术和创新策略来提升服务质量和效率，这通常会被市场视为积极的信号，可能吸引更多投资者关注和投资，从而推动股价上涨。,正面
4,4,银行,看涨,新闻中提到平安银行发布了数智政务平台，这表明平安银行在金融科技领域的创新能力和服务范围正在扩大。这种创新通常能够提升银行的竞争力和市场份额，从而对其股价产生正面影响。,正面
5,5,银行,看涨,新闻中提到平安银行信用卡推出'多倍积分'新玩法，直击信用卡存量经营'痛点'，这表明平安银行正在通过创新策略来增强其信用卡业务的竞争力，吸引更多用户使用其信用卡，从而可能增加银行的收入和市场份额。,正面
6,6,银行,看涨,新闻标题提到平安银行的2024年度账单和进击的超级入口，这表明平安银行在金融科技领域有新的进展或突破，可能会吸引更多的用户和投资者，从而推动股价上涨。,正面
7,7,银行,看涨,新闻内容提到平安银行2024年度账单，展示了其在记录生活消费百态方面的努力，以及践行金融为民责任。这表明银行在积极履行社会责任，同时通过记录消费数据可能提升其服务质量和客户满意度，从而可能吸引更多客户，增加业务量，对股价产生正面影响。,正面
8,8,银行,看涨,平安银行北京分行成功举办颐年艺术节暨反诈宣传季活动，显示出银行在社区服务和客户关系管理方面的积极投入，有助于提升品牌形象和客户满意度，从而可能吸引更多客户和业务增长。,正面
9,9,银行,看涨,该新闻提到平安银行北京分行成功举办了颐年艺术节暨反诈宣传季活动，显示了银行在社区服务和金融教育方面的积极投入，这有助于提升银行品牌形象和客户信任度，对银行股价有正面影响。,正面
10,10,银行,看跌,平安银行零售风控负责人的离职可能会对银行的零售业务风险管理造成短期影响，导致市场对平安银行的风险管理能力产生担忧，从而影响其股价。,负面
11,11,银行,看涨,新闻标题提到平安银行长春分行通过'五部曲'谱写金融教育'新篇章'，这表明该银行在金融教育方面采取了积极的措施，有助于提升公众的金融知识和银行的品牌形象，从而可能吸引更多客户和业务，对银行的业绩有正面影响。,正面
12,12,银行,看跌,平安银行发布新年第一期个贷不良资产转让，起拍价低于0.5折，这表明银行正在处理不良资产，可能是为了清理资产负债表。这种情况通常被视为银行面临财务压力的信号，可能会对银行的股价产生负面影响。,负面
13,13,银行,看跌,平安银行无锡分行因多项违规行为被罚款260万元，这表明该分行存在一定的管理和运营问题，可能会影响投资者对该银行及其股票的信任和评价，从而导致股价下跌。,负面
14,14,银行,看跌,平安银行无锡分行因多项违规行为被罚款260万元，这表明该分行在合规管理方面存在严重问题，可能会影响投资者对该银行的信心，进而对其股价产生负面影响。,负面
15,15,银行,看涨,新闻标题提到南京银行有重要动作，同时列举了其他几家银行，如平安银行、招商银行、兴业银行、北京银行，这表明银行业可能有积极的动态或政策支持，从而可能带动整个板块的上涨。,正面
16,16,银行,看涨,新闻中提到平安银行通过艺术活动加强颐年消保，显示出银行在积极创新和提升服务质量，这通常会对银行的品牌形象和市场表现产生正面影响。,正面
17,17,银行,看涨,平安银行成功举办助力央企和战略客户财务公司高质量发展主题研讨会，这表明平安银行在加强与央企和战略客户的合作，有助于提升其业务发展和市场份额，从而对股价产生正面影响。,正面
18,18,银行,看涨,平安银行开展'千企万户大走访'活动，直接针对民营经济和小微企业提供支持，这表明银行正在积极采取措施促进这些关键经济领域的发展。这种直接的支持和关注通常会增加市场对这些企业的信心，从而可能推动相关股票和板块的上涨。,正面
19,19,银行,看涨,平安银行推出2024年度账单，全面盘点省心省时又省钱的金融生活，这表明平安银行在提升客户体验和金融产品创新方面做出了努力，有助于增强客户粘性和吸引新客户，从而可能对银行的业绩产生积极影响。,正面
20,20,银行,看涨,新闻中提到平安银行信用卡积分加倍至高享3倍积分，这表明平安银行正在通过增加积分奖励来吸引更多客户使用其信用卡，这通常会增加银行的信用卡使用量和客户粘性，从而对银行的业绩产生正面影响。,正面
21,21,银行,看涨,平安银行信用卡推出港澳游支付优惠，通过'三省'金融服务促进粤港澳消费融合，这一举措有助于提升银行信用卡的使用率和品牌影响力，进而可能增加银行的收入。此外，促进粤港澳消费融合也有利于区域经济的发展，对银行及其相关业务板块是正面影响。,正面
22,22,银行,看涨,新闻标题提到平安银行信用卡年终大促真实惠，这表明平安银行正在通过促销活动吸引更多客户，这通常会增加银行的信用卡使用量和客户基础，从而对银行的业绩产生积极影响。,正面
23,23,银行,看涨,平安银行采取四大举措破解小微企业融资难题，这表明银行正在积极采取措施支持小微企业的发展，有助于提升银行的业务量和市场形象，从而可能带动股价上涨。,正面
24,24,银行,看跌,新闻中提到平安银行大连分行因'对公贷款贷后管理不到位'遭到处罚，这表明该银行在风险管理方面存在缺陷，可能会影响投资者对该银行乃至整个银行板块的信心。此外，年内多家银行被点名，显示出监管机构正在加强对银行业的监管力度，这可能会增加银行的合规成本，对银行的短期业绩产生负面影响。,负面
25,25,其他商业,看涨,新闻标题中提到越秀地产以全新好产品理念引领行业高质量发展新潮流，这表明公司正在通过创新和高质量的产品来推动自身及行业的发展，通常这种积极的创新和高质量发展策略会吸引投资者的关注，从而可能推动股价上涨。,正面
26,26,运输设备,看涨,新闻标题提到机器人产业风生水起，并且有海外机构密集调研72只概念股，这表明机器人产业受到市场的关注和看好，海外机构的密集调研通常意味着该行业或相关公司具有较高的投资价值和增长潜力。,正面
27,27,运输设备,看涨,新闻标题提到神州高铁可能成为蛇年的'大妖股'，并指出其在万亿轨交风口上具有10倍潜力股的特征。这表明市场对神州高铁及其所在板块的轨道交通行业持乐观态度，预期其股价有较大上涨空间。,正面
28,28,运输设备,看涨,该新闻主要报道了神州高铁为其子公司提供担保事项的进展，这属于公司内部财务操作，对公司的基本面影响较小，因此对股价的直接影响有限。,中性
29,29,运输设备,看涨,新闻标题中提到'神州高铁剑指10倍大妖股'，暗示该股票有巨大的增长潜力，且'蛇年科技大蛇妖已就位'表明科技板块在蛇年可能会有突出表现。,正面
30,30,运输设备,看涨,新闻标题中提到的'蛇年科技大蛇妖已就位'和'神州高铁剑指10倍大妖股'暗示了科技板块中的某些股票，特别是神州高铁，有较大的上涨潜力。这种表述通常用于形容股票即将迎来大幅上涨的情况。,正面
31,31,建筑工程,看涨,新闻内容涉及长江生态廊道的构建，表明政府或相关机构在环保和生态保护方面的投入和重视，这通常会对环保板块产生积极影响，推动相关企业的发展和股价上涨。,正面
32,32,建筑工程,看跌,新闻中提到持股5%以上股东所持股份新增轮候冻结，这通常意味着股东可能面临财务问题，可能会影响公司的股价和市场信心。此外，股东股份的冻结可能会限制公司未来的融资能力，进一步影响公司的运营和发展。,负面
33,33,建筑工程,看涨,新闻内容提到万州正在构建长江生态廊道，这表明地方政府在积极推动生态保护和环境治理，这通常会对环保板块产生正面影响，因为相关政策和项目的实施会增加环保企业的业务机会和市场需求。,正面
34,34,家用电器,看涨,深康佳A在半导体领域的进一步扩展表明公司对该行业的重视和投资增加，这通常被视为积极的信号，可能会吸引更多投资者的关注和资金流入，从而推动股价上涨。,正面
35,35,家用电器,看涨,深康佳A在半导体领域的重要布局和扩展，显示出公司对该行业的强烈信心和长期投入，这通常被视为积极信号，可能吸引更多投资者关注和投资，从而推动股价上涨。,正面
36,36,家用电器,看涨,深康佳A拟购买宏晶微电子控股权，这一动作表明公司正在积极扩展其在电子科技领域的业务和市场份额。通过收购，深康佳A能够增强自身的技术实力和市场竞争力，从而可能带来业绩的提升。此外，停牌通常意味着公司有重大事项即将公布，市场对此类消息往往持积极态度。,正面
37,37,家用电器,看涨,,正面
38,38,元器件,看涨,维太创科拟收购上海深其深科技不少于9%的股权，这一行为表明维太创科对上海深其深科技未来发展前景的看好，同时也可能增强维太创科在科技领域的竞争力和市场份额。收购行为通常被市场解读为积极信号，可能对维太创科的股价产生正面影响。,正面
39,39,元器件,看涨,该新闻主要报道了安信中证深圳科技创新主题指数型证券投资基金(LOF)在2024年香港圣诞节非港股通交易日暂停申购、赎回及定期定额投资业务的情况。这属于基金运营管理方面的常规公告，不直接反映市场走势或基金业绩，因此对市场情绪和基金表现的影响为中性。,中性
40,40,元器件,看涨,新闻标题提到智库型VC Fusion Fund如何布局AI和深科技投资，这表明有资金和资源正在积极投入到AI和深科技领域，这通常预示着这些领域将迎来增长和发展。,正面
41,41,元器件,看涨,简式权益变动报告书通常涉及公司股东权益的变动，这可能意味着公司内部有积极的资本运作或重组活动，这些活动往往被市场解读为正面信号，可能推动股价上涨。,正面
42,42,元器件,看涨,新闻标题提到'杭港深科技与金融创新论坛'在EIC圆满召开，这表明科技与金融领域的创新活动正在积极进行，通常这类活动会促进相关领域的发展，因此对科技与金融板块是利好消息。,正面
43,43,元器件,中性,新闻内容主要涉及鹏华中证沪港深科技龙头指数证券投资基金（LOF）在特定时间暂停申购、赎回和定期定额投资业务，这属于基金管理操作调整，不直接反映市场对科技板块的看涨或看跌情绪。因此，对科技板块的走势影响为中性。,中性
44,44,火力发电,中性,新闻内容主要涉及鹏华深圳能源REIT更换评估机构的事项，这一变动属于基金管理中的常规操作，不直接反映基金或相关板块的业绩变化。因此，对板块的走势影响为中性。,中性
45,45,火力发电,看涨,深圳能源通过公开挂牌方式实施增资扩股引进战略投资者，这一举措通常意味着公司寻求扩大业务规模或增强资本实力，以支持其环保项目的发展。引进战略投资者不仅可以为公司带来资金支持，还可能带来技术、市场等方面的资源，有助于提升公司的竞争力和市场地位。因此，这一消息对深圳能源的股价走势是积极的。,正面
46,46,火力发电,看涨,该新闻仅通知了深圳能源将召开2025年第一次临时股东大会，没有提供关于公司业绩、市场动态或其他可能影响股价的具体信息。因此，无法从该新闻中直接推断出股价的走势。,中性
47,47,火力发电,看涨,深圳能源环保公司拟引进战略投资者，且100%股份价值超110亿元，这表明公司可能获得新的资金注入和战略支持，有助于公司扩大业务规模、提升技术水平和市场竞争力，从而对股价产生积极影响。,正面
48,48,汽车配件,看涨,新闻内容主要涉及公司高层人事变动，即聘任公司总经理。此类新闻通常不会直接影响公司短期内的股价走势，因此对股价的影响较为中性。人事变动可能带来公司战略或管理上的变化，但具体影响需观察新任总经理的后续表现和公司业绩变化。,中性
49,49,汽车配件,中性,新闻标题提到的是富奥股份的监事会决议，这类新闻通常涉及公司内部管理和决策，不直接反映公司业绩或市场趋势的变化，因此对股价的直接影响有限。,中性
50,50,汽车配件,看涨,富奥股份作为汽车零部件行业的公司，其董事会决议可能涉及公司战略调整、业务扩展或财务优化等积极措施，这些通常被视为公司未来发展的正面信号，可能对股价产生积极影响。,正面
51,51,汽车配件,中性,该新闻是关于富奥股份召开2025年第一次临时股东大会的通知，属于公司内部事务的公告，不直接涉及公司业绩或市场动态，因此对股价走势的影响为中性。,中性
52,52,汽车配件,看涨,天奇股份与富奥股份联手成立新能源科技公司，共同开展电池材料再生利用业务，这一合作将加强两家公司在新能源领域的竞争力，特别是在电池材料再生利用这一细分市场。随着全球对可持续发展和环保的重视，新能源及电池材料再生利用业务具有广阔的市场前景。此次合作有望提升公司的市场份额和盈利能力，因此对股价走势持看涨态度。,正面
53,53,汽车配件,看涨,富奥股份汽车热管理系统项目落户武汉经开区，这一消息表明公司在汽车热管理系统领域的进一步扩展和投资，有助于提升公司的市场竞争力和技术实力。同时，武汉经开区作为国家级经济技术开发区，具有较好的产业基础和政策支持，有利于项目的顺利实施和未来发展。因此，该新闻对富奥股份及其相关板块的股票走势具有正面影响。,正面
54,54,全国地产,看涨,静安大悦城举办14周年庆生活动，此类活动通常能吸引大量顾客，增加商场的人流量和销售额，对零售与消费板块有正面影响。,正面
55,55,全国地产,看涨,新闻中提到多家首店入驻北京海淀大悦城，这表明该商业地产项目吸引了大量知名品牌，预计将吸引更多消费者，增加客流量和销售额，从而对商业地产板块产生正面影响。,正面
56,56,全国地产,看涨,新闻中提到静安大悦城通过'轻改造'和'泛二次元'策略带动复合消费，这表明该商业体正在通过创新和特色经营策略吸引更多消费者，从而可能提升其业绩和市场表现。,正面
57,57,全国地产,看涨,海淀大悦城的开业预示着该地区商业地产的进一步发展和繁荣，可能会吸引更多的消费者和商家，从而推动周边房地产市场的活跃度和价值提升。,正面
58,58,全国地产,看涨,海淀大悦城的即将亮相预示着该地区商业地产的进一步发展和增值，对于提升周边房地产价值和商业活力有积极作用。,正面
59,59,全国地产,看涨,新闻内容提到的是FARMER BOB绒冬假日全国首展登陆厦门大悦城，这是一个文化娱乐活动，能够吸引大量游客和消费者，对当地的文化娱乐板块有正面影响，因此看涨。,正面
60,60,全国地产,看涨,新闻中提到新商场扎堆开业和老项目新装亮相，表明北京市商业地产市场活跃，商业项目更新换代，吸引消费者和投资者关注，预计将带动商业地产板块的增长。,正面
61,61,全国地产,看涨,新闻标题提到'主城人才聚集地'和'现房生活是王道'，这表明该房地产项目位于城市中心，吸引人才聚集，且强调现房销售，这些因素通常对房地产市场有正面影响，预示着该区域房地产需求可能增加，从而推动房价上涨。,正面
62,62,全国地产,看涨,新闻中提到北京海淀大悦城开门迎客，同时海淀区同步启动跨年迎春活动，这表明该地区的商业活动正在增加，可能会吸引更多的消费者和投资者关注该地区的房地产市场，从而推动房价和租金上涨。,正面
63,63,全国地产,看涨,北京第四座大悦城的开业标志着海淀区商业布局的进一步完善，特别是在中关村和城北区这样的高科技和人口密集区域，这将吸引更多的消费者和商家，促进区域经济发展。,正面
64,64,全国地产,看涨,新闻标题提到了越秀大悦城·天悦海湾项目，强调了其地理位置的优势和现房生活的便利性，这些都是房地产项目吸引买家的关键因素。此外，提到'不负主城贵地'，暗示了项目的高价值和潜在的投资回报，这些因素通常会导致房地产板块的看涨。,正面
65,65,全国地产,看涨,新闻标题提到海淀大悦城开业倒计时，这表明一个新的商业地产项目即将开业，通常新商业地产的开业会吸引大量人流，增加周边商业活动，对商业地产板块是正面消息。,正面
66,66,全国地产,看涨,新闻中提到北京第四座大悦城即将开业，这表明房地产开发商在大悦城品牌下的持续扩张和投资。新商场的开业通常会带动周边地区的经济发展，增加就业机会，提高区域吸引力，从而对房地产板块产生正面影响。,正面
67,67,全国地产,看涨,海淀大悦城开门迎客，特别是打造故宫元素购物中心，这一独特的文化融合策略可能会吸引大量游客和消费者，增加人流量和销售额，从而对商业地产板块产生积极影响。,正面
68,68,全国地产,看涨,新闻中提到北京第四座大悦城正式开业，这标志着国潮消费的加强，预计将吸引更多消费者，增加销售额，对零售与消费板块产生正面影响。,正面
69,69,全国地产,看涨,新闻中提到北京海淀大悦城开门迎客，并且特别提到打造故宫元素购物中心，这表明该项目具有独特的文化特色和吸引力，有望吸引更多游客和消费者，从而提升商业地产的价值和收益。,正面
70,70,全国地产,看涨,新闻中提到'重磅IP FARMER BOB绒冬假日全国首展落地厦门大悦城'，这表明一个重要的文化娱乐活动将在厦门大悦城举行，预计会吸引大量游客和消费者，从而提升该地区的文化娱乐板块的活跃度和经济效益。,正面
71,71,全国地产,看涨,新闻标题提到'大悦城控股为城市打开高质量发展新空间'，这表明大悦城控股在推动城市高质量发展方面有所作为，可能意味着公司正在实施或计划实施一些能够提升其市场竞争力和盈利能力的项目或策略。此外，提到'街区'可能暗示公司正在关注或投资于城市更新、商业地产等领域，这些都是房地产行业中增长潜力较大的领域。因此，从新闻标题来看，大悦城控股的发展前景看好，预计其股价可能会上涨。,正面
72,72,全国地产,看涨,新闻中提到北京第四座大悦城即将开业，这表明房地产开发商在大悦城品牌下的扩展和投资增加，通常这类消息会提升投资者对房地产板块的信心，从而可能推动该板块股票价格上涨。,正面
73,73,软件服务,看涨,新闻中提到人工智能尚处在落地早期，这表明该领域有较大的发展潜力和成长空间。同时，提到需要耐心资本加持，暗示了未来可能会有更多的投资进入该领域，从而推动板块的进一步发展。,正面
74,74,软件服务,中性,新闻内容主要涉及神州数码集团股份有限公司全资子公司向合营公司提供财务资助的关联交易，这种内部资金流动通常不会直接影响公司的市场表现或股价走势。因此，对板块和个股的走势影响较为中性。,中性
75,75,软件服务,中性,该新闻标题提到神州数码召开2024年第四次临时股东大会的通知，这属于公司内部管理活动，通常不会直接影响公司股价的短期走势。因此，对股价的影响被视为中性。,中性
76,76,软件服务,中性,神州数码为关联公司提供财务资助，这一行为属于公司内部资金调配，对公司的整体财务状况和业务运营影响有限。此类关联交易通常需要遵循相关法律法规，确保交易的公平性和透明度。因此，此新闻对神州数码的股价走势影响较为中性。,中性
77,77,软件服务,看跌,神州数码副总裁韩智敏辞职可能引发市场对公司未来发展方向和稳定性的担忧，尤其是在科技行业，高层管理人员的变动往往会对公司股价产生负面影响。,负面
78,78,软件服务,波动上升,新闻标题提到'大模型幻灭低谷or波动上升'，这表明虽然存在一定的市场不确定性或挑战（幻灭低谷），但整体趋势被描述为波动上升，暗示着尽管有波动，但总体上呈现上升趋势。,中性
79,79,软件服务,看涨,神州数码在数字化转型方面获得殊荣，显示出公司在全栈实力上的领先地位，这通常意味着公司在技术创新和市场竞争力方面具有优势，可能会吸引更多的投资者关注和投资，从而推动股价上涨。,正面
80,80,软件服务,看跌,神州数码副总裁韩智敏辞职可能引起公司内部管理层的变动，影响公司短期内的运营稳定性和市场信心，从而导致股价下跌。,负面
81,81,软件服务,看跌,新闻中提到神州数码第二大股东折价转让套现10亿元，这通常被视为股东对公司未来前景的不看好。同时，前三季度扣非净利润仅增长2.1%，为近9年新低，这表明公司盈利能力下降，进一步支持了看跌的观点。,负面
82,82,软件服务,看涨,新闻中提到神州数码联席董事长王冰峰认为人工智能尚处在落地早期，这表明人工智能领域还有很大的发展空间和潜力。同时，提到需要耐心资本加持，意味着未来可能会有更多的投资进入该领域，推动技术进步和市场扩展。,正面
83,83,软件服务,看涨,新闻中提到神州数码联席董事长王冰峰认为人工智能尚处在落地早期，这表明人工智能领域仍有巨大的发展潜力和成长空间。同时，提到需要耐心资本加持，这暗示了未来可能会有更多的投资和资源投入到人工智能领域，从而推动该领域的快速发展。,正面
84,84,环境保护,看涨,新闻标题提到了2024年中国生物质能发电产业供应链十大创新代表性企业，这表明该行业正在经历创新和发展，且被提及的企业如迪森股份、中国天楹等，都是行业的领军企业，预示着行业的积极发展前景。,正面
85,85,环境保护,看涨,中国天楹作为环保行业的公司，此次临时股东大会增加临时提案可能涉及公司未来发展战略或重大项目，通常这类消息会被市场解读为积极信号，表明公司正在积极寻求增长机会，从而可能推动股价上涨。,正面
86,86,环境保护,中性,该新闻涉及中国天楹为其子公司提供担保，这通常被视为公司内部财务操作的一部分，对市场影响有限。担保行为本身不直接表明公司业绩的好坏，也不直接关联到股价的涨跌，因此走势判断为中性。,中性
87,87,环境保护,中性,新闻内容主要涉及中国天楹召开2025年第一次临时股东大会的通知，这属于公司内部管理事务，与公司业务发展、市场表现无直接关联。因此，无法直接推断出对公司股价的正面或负面影响。,中性
88,88,环境保护,看涨,中国天楹作为环保行业的领军企业，其董事会会议的决议可能涉及公司未来发展战略、重大项目投资等，这些通常对公司股价有正面影响。特别是在当前环保政策趋严的背景下，公司的任何积极动向都可能被市场解读为利好。,正面
89,89,全国地产,中性,该新闻为华联控股关于召开2024年第二次临时股东大会的提示性公告，主要内容涉及公司治理和股东会议安排，不直接涉及公司业绩或市场动态，因此对股价走势影响为中性。,中性
90,90,全国地产,看涨,新闻内容主要涉及华联控股的投资者关系活动记录，没有直接提及公司业绩变化或重大利好消息，也没有负面信息，因此对股价的影响较为中性。,中性
91,91,火力发电,看涨,新闻中提到深圳市2024年度土地整备计划中包括公司下属南山热电厂土地收储及相关内容，这表明公司可能会从土地收储中获得一定的经济补偿或资源重新配置的机会，有利于公司未来的发展。,正面
92,92,火力发电,看涨,深南电A通过受让卓致基金持有的中圣科技5.6%股份，并注销卓致基金，这一举措可能意味着深南电A将进一步加强对中圣科技的控制，从而在能源领域获得更多的市场份额和技术优势。这种战略投资通常被市场解读为对公司未来增长潜力的信心，因此可能对股价产生正面影响。,正面
93,93,火力发电,看涨,深南电A通过受让卓致基金持有的中圣科技5.6%股份并注销卓致基金，这一行为可能意味着深南电A将进一步加强对中圣科技的控制，从而在能源领域获得更多的市场份额和技术优势。这种资本运作通常被视为公司对未来发展前景的积极预期，因此对股价走势持看涨态度。,正面
94,94,运输设备,看涨,小米提前公示SUV车型YU 7，显示出公司在汽车领域的积极进展和扩张意图，这通常被视为公司增长潜力的积极信号。中集集团首个海南全程冷链示范项目投产，标志着公司在冷链物流领域的技术创新和市场扩展，有助于提升公司的市场竞争力和盈利能力。,正面
95,95,运输设备,看涨,小米提前公示SUV车型YU 7，显示出公司在汽车领域的积极布局和扩张，这通常被视为公司增长潜力的积极信号。中集集团首个海南全程冷链示范项目投产，表明公司在冷链物流领域的创新和扩展，这对于提升公司服务能力和市场份额具有正面影响。,正面
96,96,新型电力,看跌,新闻中提到ST旭蓝的收盘价首次低于1元，触及了所谓的'红线'，并且公司发布了退市风险提示。这表明公司面临严重的财务或运营问题，可能导致股票被退市，因此市场对该股票的预期是负面的。,负面
97,97,新型电力,看跌,新闻中提到ST旭蓝的收盘价首次低于1元，触及了退市风险提示的'红线'。这表明公司股票面临被退市的风险，通常会导致投资者信心下降，股价进一步下跌。,负面
98,98,新型电力,看跌,该公告提到控股股东非经营性资金占用进展情况，并且股票交易可能被实施退市风险警示，这通常意味着公司存在较大的财务风险，可能会影响公司的正常运营和股票的市场表现。,负面
99,99,新型电力,看跌,新闻中提到ST旭蓝因资金占用责令整改无法按时完成面临停牌，这表明公司存在严重的财务问题，且未能及时解决，增加了退市的风险。这种情况通常会导致投资者信心下降，股价下跌。,负面
100,100,全国地产,看跌,新闻中提到中洲控股的股价在12月18日收盘时下跌了0.56%，这表明市场对该股票的需求减少，可能是由于市场对该行业或该公司未来表现的担忧。,负面
101,101,电气设备,看涨,德赛电池参加2024年度深圳辖区上市公司集体接待日活动，显示出公司积极参与市场交流，增强投资者信心，有利于提升公司品牌形象和市场认可度。此类活动通常被视为公司透明度高、管理良好的标志，有助于吸引更多投资者的关注和投资。,正面
102,102,元器件,看涨,新闻标题提到深天马A与苹果库克有关联，暗示了深天马A可能在苹果供应链中扮演重要角色。苹果作为全球领先的科技公司，其供应链中的企业通常受益于苹果的成功和增长。因此，深天马A的股价可能会因为与苹果的关联而看涨。,正面
103,103,其他建材,看涨,海南航空加入辽宁方大集团三周年，表明公司有稳定的合作伙伴和持续的发展动力。砥砺前行创新篇的标题也暗示了公司正在积极寻求创新和发展，这通常对公司的股价有正面影响。,正面
104,104,其他建材,看涨,方大集团的全资子公司签约多个地铁屏蔽门项目，合计金额约6亿元，这表明公司在基础设施建设领域获得了重要的合同，有助于公司业绩的提升。,正面
105,105,其他建材,看涨,方大集团签约多个地铁屏蔽门项目，合计金额约6亿元，这表明公司在基础设施建设领域获得了重要的合同，预计将对其业绩产生积极影响，从而推动股价上涨。,正面
106,106,其他建材,看涨,新闻标题提到海南航空加入辽宁方大集团三周年，砥砺前行创新篇，这表明公司正在积极发展和创新，通常这种积极的发展动态会对公司的股价产生正面影响。,正面
107,107,其他建材,看涨,新闻中提到新海航加入辽宁方大集团三周年，并且锚定高质量发展目标，这表明公司有明确的长期发展计划和目标，通常这种积极的发展规划会增强投资者信心，推动股价上涨。,正面
108,108,其他商业,看涨,皇庭国际旗下瑞豪新能源成都项目首个充电站的开业，标志着公司在新能源领域的转型取得了新成效。这一事件不仅展示了公司在该领域的积极进展，也预示着未来可能带来的增长潜力。充电站作为新能源汽车产业链的重要环节，其开业有助于推动当地新能源汽车的普及，进而带动整个新能源板块的发展。,正面
109,109,其他商业,看涨,皇庭国际旗下瑞豪新能源成都项目首个充电站盛大开业，标志着公司在新能源领域的转型取得新成效。充电站的开业不仅能够为公司带来新的收入来源，还能够提升公司在新能源行业的品牌影响力和市场份额。随着全球对新能源的重视和需求的增加，新能源板块具有较大的发展潜力。,正面
110,110,其他商业,看涨,皇庭国际转型提速，瑞豪新能源成都充电项目开业，表明公司正在积极布局新能源领域，特别是充电基础设施的建设，这符合当前全球对新能源和可持续发展的重视。随着新能源汽车市场的快速增长，充电桩等基础设施的需求也将大幅增加，因此，该新闻对皇庭国际及其新能源业务板块是积极的信号，预示着公司未来在这一领域的发展潜力。,正面
111,111,商品城,看跌,新闻中提到的高楼晃动事件可能导致公众对建筑安全性的担忧，进而影响深赛格及其相关房地产项目的市场信心和销售。此外，此类事件可能引发监管机构的严格审查，增加公司的合规成本。,负面
112,112,商品城,中性,该新闻内容涉及深赛格2024年第四次临时股东大会的法律意见书，主要关注的是公司治理和法律合规方面的问题。这类新闻通常不会直接对股价产生正面或负面的影响，除非法律意见书中包含有重大违规或合规风险的信息。因此，走势判断为中性。,中性
113,113,商品城,看跌,新闻中提到的高楼晃动事件可能导致公众对建筑安全的担忧，进而影响深赛格及其相关房地产项目的市场信心和销售。此外，5500万的直接经济损失也会对公司的财务状况造成负面影响。,负面
114,114,商品城,看涨,深赛格拟投资5628.27万元建设屋顶分布式光伏发电站，这一举措表明公司正在积极布局新能源领域，特别是光伏发电。随着全球对可再生能源需求的增加和政策的支持，光伏产业前景广阔。此举不仅有助于公司多元化发展，还能提升公司的绿色能源形象，吸引更多关注环保和可持续发展的投资者。,正面
115,115,商品城,看涨,深赛格拟投资建设屋顶分布式光伏发电站，这一举措符合当前全球对可再生能源的重视和需求增长趋势。光伏发电作为清洁能源的重要组成部分，其发展前景广阔。公司此举不仅能够提升自身在新能源领域的竞争力，还可能获得政府的政策支持和补贴，从而对公司业绩产生积极影响。,正面
116,116,商品城,看涨,深赛格子公司拟投建农产品物流园屋顶分布式光伏发电站，这一举措表明公司正在积极布局新能源领域，特别是光伏发电。随着全球对可再生能源需求的增加，以及中国政府对新能源产业的支持政策，该项目的实施有望为公司带来新的增长点，从而推动股价上涨。,正面
117,117,商品城,看跌,新闻中提到的高楼晃动事件可能导致公众对建筑安全性的担忧，进而影响深赛格及其相关房地产项目的市场信心和销售。此外，5500万的直接经济损失也会对公司的财务状况造成负面影响。,负面
118,118,石油加工,中性,该新闻仅涉及华锦股份召开临时股东大会的通知，未提及具体业务发展、财务数据或市场动态，因此无法直接判断其对公司股价的正面或负面影响。,中性
119,119,石油加工,看涨,新闻内容主要涉及华锦股份拟聘任会计师事务所，这一行为属于公司治理的常规操作，不直接关联公司业绩或市场表现，因此对股价影响为中性。,中性
120,120,农业综合,看涨,新闻标题提到的是温州市民丰农产品有限公司，这是一家农产品企业，直接关联到农业板块。由于新闻内容未提供具体信息，但考虑到农产品是基本生活需求，且随着人口增长和生活水平提高，对农产品的需求持续增长，因此判断为看涨。,中性
121,121,农业综合,看涨,新闻提到巴南地区有15个'国字号'农产品，这表明该地区农产品质量和品牌影响力得到了国家级的认可，有助于提升该地区农产品的市场竞争力和销售价格，从而对农业板块产生积极影响。,正面
122,122,农业综合,看涨,新闻标题提到吉林跑出现代农业发展的'加速度'，表明吉林在农业现代化方面取得了显著进展，特别是提到了农产品、舒兰和玉米，这些都是吉林农业的重要组成部分。现代化农业的发展通常会提高生产效率，增加产量，从而对相关农产品的市场供应和价格产生积极影响。因此，可以预期吉林的农业板块将呈现看涨趋势。,正面
123,123,农业综合,看涨,地利集团入选人民网'2024乡村振兴创新案例'，这表明其在乡村振兴方面的努力和成就得到了认可。这种认可通常会增加公司的品牌价值和市场信心，从而可能对其股价产生积极影响。,正面
124,124,农业综合,看涨,新闻中提到2024年赣州市'赣品入沪'农产品产销对接会在上海举办，这表明赣州市的农产品将有机会进入上海市场，增加销售渠道和市场份额，有利于提升农产品的品牌影响力和销售业绩，因此对农业板块是利好消息。,正面
125,125,农业综合,看涨,新闻中提到大学生返乡当村支书并通过抖音平台为全村带货农产品，这表明利用新媒体平台推广农产品，有助于提升农产品的知名度和销量，对农业板块产生积极影响。,正面
126,126,农业综合,看涨,新闻标题提到固原正在实施特色农产品产业品牌化战略，这表明该地区正在加强其农产品的品牌建设和市场推广，有助于提升产品的市场竞争力和知名度，从而可能带动相关农产品的销售和价格上涨。,正面
127,127,农业综合,看涨,新闻中提到长治特色农产品品牌打造推广项目在京成功举办，这表明地方政府和企业正在积极推动农产品品牌的建设和市场推广，有助于提升农产品的市场竞争力和知名度，从而可能带动相关农业板块的增长。,正面
128,128,农业综合,看涨,中共中央国务院发布的关于加快推进农业科技创新的政策，表明政府将加大对农业科技的支持力度，这通常会导致农业板块的股票和相关投资产品价格上涨。政策的实施将增强农产品供给保障能力，提高农业生产效率，从而对农业板块产生积极影响。,正面
129,129,农业综合,看涨,国务院发布的关于加快推进农业科技创新的意见，表明政府将加大对农业科技的支持力度，这通常会导致农业板块的股票和相关投资产品受到正面影响，因为科技创新能够提高农产品供给保障能力，增强农业生产的效率和可持续性。,正面
130,130,农业综合,看涨,新闻标题提到物理农业技术，这是一种创新的农业技术，旨在提高农产品的质量和环保性。随着全球对可持续发展和环保意识的增强，此类技术有望得到更广泛的应用和推广，从而推动相关板块的增长。,正面
131,131,农业综合,看涨,新闻中提到全国农产品批发市场猪肉平均价格比节前上升0.6%，这表明猪肉价格在上涨，通常价格上涨会带动相关板块的股票或投资产品看涨。,正面
132,132,农业综合,看涨,新闻中提到米脂小米通过电商平台销售，这有助于扩大销售渠道，提高产品知名度和销量，对农产品板块是正面影响。,正面
133,133,农业综合,看涨,新闻标题提到第21届全国优质农产品（上海）采购交易会圆满落幕，并且参展商盛赞有加，这表明农业产品的市场表现良好，参展商的积极反馈可能预示着农业板块的增长潜力。,正面
134,134,农业综合,看涨,新闻标题提到了'上饶品牌强农新路径：产销融合助力农产品提质增效'，这表明通过产销融合的方式，农产品的质量和效率得到了提升，这对于农业板块是一个积极的信号，预示着该板块有增长潜力。,正面
135,135,农业综合,看涨,新闻中提到石阡农产品在2025年铜仁市巾帼年货场走俏，表明农产品市场需求旺盛，预计将带动相关农产品板块的股价上涨。,正面
136,136,农业综合,看涨,新闻标题提到全国农产品稳产保供有力，市场购销两旺，这表明农产品供应稳定且市场需求旺盛，有利于农业板块的股票表现。,正面
137,137,农业综合,看涨,新闻内容涉及无公害农产品生产技术规程，这表明农业领域正在推进更环保、更健康的生产方式，有助于提升农产品的市场竞争力和消费者信任度，从而可能带动相关农业企业的股价上涨。,正面
138,138,农业综合,看涨,该新闻提到了无公害农产品生产推荐的农药品种和植保机械名单，这表明农业部门正在推动更环保、更健康的农业生产方式。这种政策的实施通常会提高农产品的质量和安全性，从而增加市场需求，对农业板块产生正面影响。,正面
139,139,农业综合,看涨,新闻内容涉及无公害农产品生产推荐农药品种和植保机械名单，这表明对农业生产的支持和促进，有利于提高农产品的质量和产量，从而对农业板块产生正面影响。,正面
140,140,农业综合,看涨,国务院办公厅发布的通知旨在加强鲜活农产品的运输和销售工作，这将直接促进农业板块的发展。政策的支持通常能够提升相关行业的市场表现，因此预计农业板块将受益于这一政策，呈现看涨趋势。,正面
141,141,农业综合,看涨,新闻中提到湖南优质农产品在农交会上集中亮相，并且展区现场人气火爆，这表明湖南农产品受到了广泛关注和欢迎，可能会带动相关农产品的销售和价格上涨。,正面
142,142,农业综合,看涨,新闻中提到河北特色农产品，特别是青县蔬菜在京津地区热销，这表明该地区的农产品市场需求旺盛，有利于推动相关农业板块的增长。,正面
143,143,农业综合,看涨,湖南省优质农产品品牌推介活动的举行，有助于提升湖南省农产品的品牌知名度和市场竞争力，从而可能带动相关农产品企业的业绩增长，对整个农业板块产生积极影响。,正面
144,144,农业综合,看涨,新闻内容提到宁波市通过执法力量推动农产品承诺达标合格证的'亮证'行动，这表明政府正在加强对食品安全的监管力度，有助于提升消费者对农产品的信任度，从而可能带动相关企业的业绩增长。,正面
145,145,农业综合,看涨,怀化国际陆港开行中越铁路冷链农产品出口专列，这一举措将显著提升该地区的物流能力和对外贸易水平，特别是对农产品的出口将产生积极影响。这不仅能够促进当地经济的发展，还能增强与越南等国家的贸易联系，因此对物流与运输板块是利好消息。,正面
146,146,农业综合,看涨,新闻标题提到'广东军创'优质农产品开启走向世界新篇章，表明该地区的农产品质量和品牌影响力得到国际市场的认可，预示着出口量和国际市场份额可能增加，对农业板块是正面影响。,正面
147,147,农业综合,看涨,新闻标题提到'护航本土农产品更好走出去'，这表明政府或相关机构正在采取措施支持本土农产品的发展和国际市场的拓展，这通常会对农业板块产生积极影响，促进相关企业的增长和股价上涨。,正面
148,148,农业综合,看涨,新闻中提到淄博农产品在第二十一届中国国际农产品交易会上受到热捧，这表明淄博农产品受到了市场的广泛关注和认可，可能会带动相关农产品的销售和价格上涨。,正面
149,149,农业综合,看涨,新闻提到'新春集中行动'农产品展销年货大集即将亮相海南冬交会，这表明农产品销售活动将增加，有助于提升农业板块的市场活跃度和销售额，从而对农业板块产生正面影响。,正面
150,150,农业综合,看涨,新闻内容涉及院士专家对特色农产品的关注和展销活动的举行，这表明对农业板块特别是特色农产品的重视和支持，有助于提升相关产品的知名度和销量，从而对农业板块产生正面影响。,正面
151,151,农业综合,看涨,新闻中提到张名位定制个性化营养食品，引领农产品高值利用，这表明农业科技领域在个性化营养食品方面有新的发展和应用，有助于提升农产品的附加值，对农业科技板块是积极信号。,正面
152,152,农业综合,看涨,新闻标题提到青县蔬菜热销京津，表明河北特色农产品在市场上受到欢迎，显示出该地区农产品的竞争力和市场需求。这种积极的市场表现通常会导致相关农业板块的股票或投资产品看涨。,正面
153,153,农业综合,看涨,联合国粮农组织发布的报告通常会对全球农产品市场状况进行详细分析，包括供需关系、价格趋势等。如果报告指出2024年农产品市场状况良好，需求增加或供应减少，这通常会导致农产品价格上涨，因此对农业板块是看涨的。,正面
154,154,农业综合,看涨,新闻中提到'井冈山'农产品成为海外抢手货，这表明该地区的农产品在国际市场上具有较高的需求和竞争力，预计会带动相关农业板块的增长。,正面
155,155,农业综合,看涨,新闻中提到'井冈山'农产品成为海外抢手货，这表明该地区的农产品在国际市场上具有较高的需求和竞争力，预计会带动相关农产品的销售和价格上涨。,正面
156,156,农业综合,看涨,新闻标题提到的是第六届江西'生态鄱阳湖 绿色农产品'博览会暨江西电商年货节新闻发布会，这表明了农业产品和电商平台的结合，特别是在年货节这样的消费高峰期，预计会促进农产品的销售和电商平台的活跃度，从而对相关板块产生正面影响。,正面
157,157,农业综合,看涨,新闻中提到广东向长三角推荐农产品（年鱼、年菜），这表明广东的农产品正在扩大其市场影响力，尤其是在长三角地区。这种市场扩展通常会增加对农产品的需求，从而可能推动相关农产品的价格上涨。此外，推荐活动也可能提高这些农产品的品牌知名度和消费者偏好，进一步支持价格上涨。,正面
158,158,农业综合,看涨,新闻提到第六届江西'生态鄱阳湖 绿色农产品'博览会暨江西电商年货节将在南昌举行，这表明对绿色农产品和电商的关注度增加，有利于推动相关产品的销售和品牌建设，从而对农业板块产生正面影响。,正面
159,159,农业综合,看涨,新闻中提到奇台特色农产品外销平台在福州持续上新，这表明奇台特色农产品在福州市场的需求持续增长，有利于推动相关农产品的销售和品牌影响力，从而对农业板块产生积极影响。,正面
160,160,农业综合,看涨,新闻中提到辣媳妇获得了'重庆名牌农产品认证'，这表明其产品质量和市场认可度得到了官方认证，有助于提升品牌形象和市场竞争力，从而可能带动销售和股价上涨。,正面
161,161,农业综合,看涨,中共中央国务院发布的关于加快推进农业科技创新的意见，表明政府将加大对农业科技的支持力度，这有助于提高农产品供给保障能力，推动农业现代化发展，从而对农业板块产生积极影响。,正面
162,162,农业综合,看涨,新闻中提到前11个月我市外贸进出口总值超6300亿元，且农产品'出海'势头强劲，这表明外贸活动活跃，特别是农产品出口表现良好，预示着该板块的增长潜力。,正面
163,163,农业综合,看涨,新闻标题提到'站上1.4万亿斤新台阶，建设更高水平'大国粮仓''，这表明中国在粮食生产方面取得了显著成就，并且有进一步发展的计划。这通常意味着农业板块将受益于政策支持和产量增加，从而推动相关企业的业绩增长。,正面
164,164,农业综合,看涨,新闻内容提到河北品牌农产品万里行（上海站）暨邯郸品牌农产品宣传推介活动成功举办，这表明河北和邯郸的农产品品牌得到了有效的宣传和推广，有助于提升品牌知名度和市场竞争力，从而可能带动相关农产品的销售增长。,正面
165,165,农业综合,看涨,新闻标题提到国内外农产品保鲜新技术的研究动态与发展趋势，这表明该领域正在经历技术进步和创新，通常技术进步会带动相关板块的增长。,正面
166,166,农业综合,看涨,新闻内容涉及无公害农产品生产技术规程，这表明农业领域在提高产品质量和安全性方面取得进展，有助于提升农产品的市场竞争力和消费者信任度，从而可能带动相关农业技术板块的增长。,正面
167,167,农业综合,看涨,新闻中提到闽清举办橄榄活力充能嘉年华，并且名优农产品在海峡国际会展中心亮相，这表明当地农业产品得到了展示和推广的机会，有助于提升品牌知名度和销售，因此对农业板块是利好消息。,正面
168,168,农业综合,看涨,新闻标题提到永登七山羊特色农产品助力乡村振兴，这表明该地区的特色农产品正在积极推动当地经济发展，特别是乡村振兴战略的实施。这种积极的发展态势通常会对相关农业板块产生正面影响，因此预计该板块将呈现看涨趋势。,正面
169,169,农业综合,看涨,新闻中提到优质农产品通过'云端'和'小屏幕'打开'大市场'，这表明农产品销售渠道的扩展和数字化转型，有助于提高农产品的市场覆盖率和销售额，对农业板块是积极的影响。,正面
170,170,农业综合,看涨,新闻标题提到中山市十大标志农产品公布，这表明当地政府正在推动农业品牌化，提升农产品的知名度和市场竞争力。这种政府支持和品牌推广通常会对相关农业板块产生积极影响，因此预计该板块将看涨。,正面
171,171,农业综合,看涨,新闻标题提到'践行大食物观构建多元化食物供给体系'和'更高水平保障农产品质量安全'，这表明政府或相关机构正在采取措施提高农产品的质量和供给的多样性，这通常会对农业板块产生积极影响，推动相关企业的增长和股价上涨。,正面
172,172,农业综合,看涨,新闻标题提到的是国内外农产品保鲜新技术的研究动态与发展趋势，这表明该领域正在经历技术进步和创新，通常技术进步会带动相关板块的增长。,正面
173,173,农业综合,看涨,新闻中提到技术培训助力大理漾濞农产品实现绿色高效发展，这表明通过技术培训提高了农产品的生产效率和质量，有助于推动农业板块的发展，因此看涨。,正面
174,174,农业综合,看涨,新闻提到了广州低空新鲜农产品物流运输项目的首次测试运营，这表明物流与运输行业在探索新的运输方式和技术，有助于提高效率和降低成本，对行业未来发展有积极影响。,正面
175,175,农业综合,看涨,新闻中提到首衡应急中转站的启动，这将有助于京津冀地区农产品的快速供应，提高物流效率，对农业与食品供应板块是利好消息。,正面
176,176,农业综合,看涨,新闻内容涉及行业协会商会联合推介湖北省优质农产品，这表明对湖北省农产品的推广力度加大，有助于提升该地区农产品的市场知名度和销量，从而对农业板块产生积极影响。,正面
177,177,农业综合,看涨,新闻提到首届全国农产品质量安全科普大赛圆满落幕，这表明国家对农产品质量安全的重视程度提高，可能会推动相关政策和投资的增加，从而对农业板块产生积极影响。,正面
178,178,农业综合,看涨,新闻中提到北京平谷的'博士农场'农产品成功扎根湖北郧西，这表明农业科技创新和区域合作的成功案例，有助于提升相关农产品的市场竞争力和品牌价值，从而对农业板块产生积极影响。,正面
179,179,农业综合,看涨,中共中央国务院发布的关于加快推进农业科技创新的政策，旨在持续增强农产品供给保障能力。这一政策将直接促进农业科技的发展，提高农业生产效率，增强农产品的市场竞争力，从而对农业板块产生积极影响，预计将推动相关股票价格上涨。,正面
180,180,农业综合,看涨,国务院办公厅发布的通知旨在加强鲜活农产品的运输和销售工作，这表明政府将加大对农业领域的支持力度，可能会带来农业板块的积极发展。政策的实施有助于提高农产品的流通效率，降低运输成本，从而可能增加农产品的销售量和农民的收入，对农业板块构成利好。,正面
181,181,农业综合,看涨,国务院办公厅发布关于进一步加强鲜活农产品运输和销售工作的通知，这表明政府将加大对农业特别是鲜活农产品运输和销售的支持力度。这样的政策通常能够促进农业板块的发展，提高相关企业的运营效率和盈利能力，从而对农业板块产生正面影响。,正面
182,182,农业综合,看涨,新闻内容提到大连的智慧冷库技术让农产品更好地保鲜，这有助于提高农产品的市场竞争力，增加农产品的销售量和价值。这种技术的应用和推广对农业科技板块是一个积极的信号，预示着该板块有增长潜力。,正面
183,183,农业综合,看涨,国务院发布的关于加快推进农业科技创新的意见，表明政府将加大对农业科技的支持力度，这有助于提高农产品的生产效率和质量，增强农产品的供给保障能力。政策的支持通常会对相关板块产生积极影响，因此预计农业板块将受益于这一政策，呈现看涨趋势。,正面
184,184,农业综合,看涨,新闻标题提到的是深圳市农产品股份有限公司，这表明新闻内容可能与农业相关。由于是农产品公司，且新闻来源为农博数据中心，这可能意味着公司有积极的发展动态或市场表现，因此预测为看涨。,正面
185,185,农业综合,看涨,新闻标题提到构建多元化食物供给体系和增强重要农产品供给保障能力，这表明政府或相关机构将加大对农业领域的投入和支持，从而可能带动农业板块的增长。,正面
186,186,农业综合,看涨,,正面
187,187,农业综合,看涨,中共中央国务院发布的关于加快推进农业科技创新的政策，旨在增强农产品供给保障能力。这一政策将直接推动农业科技的发展，提高农业生产效率，增强农产品的市场竞争力，从而对农业板块产生积极影响，预计将带动相关股票和投资产品的价格上涨。,正面
188,188,农业综合,看涨,新闻标题提到了国内外农产品保鲜新技术的研究动态与发展趋势，这表明该领域正处于积极的研究和发展阶段，新技术的应用有望提高农产品的保鲜效果，从而增加农产品的市场价值和竞争力，对整个农业科技板块产生正面影响。,正面
189,189,农业综合,看涨,新闻标题提到构建多元化食物供给体系和增强重要农产品供给保障能力，这表明政府或相关机构将加大对农业的支持和投资，有利于农业板块的发展。,正面
190,190,农业综合,看涨,新闻提到闽侯雪峰村农产品交易中心将在春节前完工，这表明农产品交易将得到促进，有利于农业板块的发展。,正面
191,191,农业综合,看涨,新闻内容讲述了'闽侯芳姐'通过拍摄短视频为家乡的山区农产品进行推销，这种创新的营销方式能够有效提升农产品的知名度和销量，对农业板块产生积极影响。,正面
192,192,农业综合,看涨,新闻中提到100克'太空种子'将交付海口龙华区，涉及四个农产品品种。这表明农业科技领域有新的进展，可能会提高农产品的产量和质量，从而对农业板块产生积极影响。,正面
193,193,农业综合,看涨,中山市公布十大标志农产品，这表明地方政府对农业发展的重视和支持，有助于提升当地农产品的品牌价值和市场竞争力，从而可能带动相关农业企业的业绩增长。,正面
194,194,农业综合,看跌,新闻中提到全国农产品批发市场猪肉均价比昨天降1.2%，这表明猪肉价格在下降，可能会影响到农业板块中与猪肉生产相关的公司，导致其股价下跌。,负面
195,195,农业综合,看涨,新闻标题提到的是廊坊市神鹰农产品有限责任公司，这是一家农产品公司，属于农业板块。由于新闻内容未提供具体信息，但基于公司名称和所属行业，可以推测公司可能受益于农业政策的支持或农产品市场的需求增长，因此走势看涨。,中性
196,196,农业综合,看涨,该新闻提到了无公害农产品生产推荐农药品种和植保机械名单，这表明政府对农业生产的支持力度加大，有助于提高农产品的质量和产量，从而对农业板块产生积极影响。,正面
197,197,农业综合,看涨,中共中央国务院发布的关于加快推进农业科技创新的意见，表明政府将加大对农业科技的支持力度，这有助于提高农业生产效率和农产品供给保障能力，从而对农业板块产生积极影响。,正面
198,198,农业综合,看涨,新闻标题提到'好品山东'品牌农产品北上解锁新'京'喜，表明山东的农产品品牌正在扩展市场，特别是进入北京市场，这通常意味着品牌影响力和销售渠道的扩大，对农业板块是积极信号。,正面
199,199,农业综合,看涨,新闻标题提到'农业科技兴'和'全面推进乡村振兴'，这表明政府或相关机构正在加大对农业科技和乡村振兴的投入，这通常会促进农业板块的增长。同时，提到的'水稻'、'农产品'、'蔬菜'等关键词也直接关联到农业板块，进一步支持看涨的观点。,正面
200,200,农业综合,看涨,新闻中提到无公害农产品生产推荐农药品种和植保机械名单，这表明政府或相关机构在推动无公害农产品生产，可能会增加对相关农药和植保机械的需求，从而推动相关企业的业绩增长。,正面
201,201,农业综合,看涨,黔西南州18个农产品获得国家级认证，这表明该地区的农产品质量和品牌影响力得到了国家的认可，有助于提升产品的市场竞争力和销售价格，从而对农业板块产生积极影响。,正面
202,202,农业综合,看涨,新闻中提到胶州大白菜通过电商直播热卖，溯源直播助力农产品畅销全国，这表明通过电商平台和直播销售的方式有效促进了农产品的销售，对农业板块尤其是相关农产品的销售和品牌推广有积极影响，因此看涨。,正面
203,203,农业综合,看涨,新闻标题提到'三农'这个压舱石如何稳，暗示农业领域的重要性及其稳定性。同时，提到'来看一组数据→'，可能意味着有积极的数据支持农业领域的稳定或增长。因此，可以推测农业板块可能会看涨。,正面
204,204,农业综合,看涨,泰国农业部与泰国商品交易所合作打造数字农业新生态，这一举措将推动泰国农产品走向全球市场，有助于提高农产品的流通效率和市场竞争力，从而对农业板块产生积极影响。,正面
205,205,农业综合,中性,新闻标题提到的是温州市民丰农产品有限公司，这是一家农产品企业，因此归类于农业板块。由于新闻内容未提供具体的市场动态、财务数据或行业趋势，无法判断其看涨或看跌。因此，走势评估为中性。,中性
206,206,农业综合,看涨,国务院办公厅发布的通知旨在加强鲜活农产品的运输和销售工作，这将直接促进农业板块的发展，提高农产品的流通效率，增加农民收入，对农业板块构成利好。,正面
207,207,农业综合,看涨,新闻标题提到了食品农产品的真空冷冻干燥技术，这是一种提高农产品附加值和延长保质期的先进技术。随着消费者对高品质、健康食品需求的增加，此类技术的应用将推动农业科技板块的发展，因此看涨。,正面
208,208,农业综合,看涨,新闻标题提到甘肃省特色优质农产品参展第二十一届中国国际农产品交易会，这表明甘肃省的农产品得到了更广泛的展示和认可，有助于提升其市场知名度和销量，从而对农业板块产生积极影响。,正面
209,209,农业综合,看涨,新闻标题提到'农产品转化增值实现丰收到手'，这表明农产品通过转化增值，实现了丰收，意味着农业板块的生产效率和经济效益有所提升，因此对农业板块的走势持看涨态度。,正面
210,210,农业综合,看涨,新闻中提到南北携手'吉字号'供销特色农产品亮相三亚，这表明吉林省的特色农产品正在扩大其市场影响力，特别是在三亚这样的旅游热点地区。这种跨区域的合作和市场扩展通常会对相关农业板块产生积极影响，增加产品的知名度和销售额，从而推动板块的看涨走势。,正面
211,211,农业综合,看涨,新闻提到第27届冬交会在海南闭幕，展示了近百款特色农产品，特别是强调了'湘'味浓，这表明湖南特色农产品受到了关注和推广，有助于提升当地农产品的知名度和销量，对农业板块是正面影响。,正面
212,212,农业综合,看涨,新闻中提到2024全球高端食品及优质农产品（深圳）博览会清远农产品产销对接活动成功举办，这表明农产品市场活跃，产销对接成功有助于提升农产品的市场表现和价格，因此看涨。,正面
213,213,农业综合,看涨,新闻中提到安顺加大农产品品牌培育力度，这表明地方政府正在积极推动农业品牌的发展，有助于提升农产品的市场竞争力和附加值，从而对农业板块产生积极影响。,正面
214,214,农业综合,看涨,新闻标题提到'农产品转化增值实现丰收到手'，这表明农产品通过转化增值实现了丰收，意味着农业板块的生产效率和经济效益有所提升，因此对该板块的走势持看涨态度。,正面
215,215,农业综合,看涨,国务院发布的关于加快推进农业科技创新的意见，表明政府将加大对农业科技的支持力度，这有助于提高农产品供给保障能力，从而推动农业板块的发展。,正面
216,216,农业综合,看涨,新闻中提到中国制造的电动三轮车在海外热销，同时农产品出口也表现强劲，这表明中国制造业和农业在国际市场上具有较强的竞争力，预计将带动相关板块的增长。,正面
217,217,农业综合,看涨,新闻中提到中国制造的电动三轮车在海外热销，以及农产品出口稳步增长，这表明中国制造业和农业出口市场表现强劲，市场需求增加，预示着相关板块的股票可能会受到正面影响。,正面
218,218,农业综合,看涨,新闻中提到六盘山冷凉蔬菜和固原特色地标农产品亮相京城，这表明这些农产品得到了更广泛的认可和市场接受度，有助于提升品牌影响力和销售潜力，从而对农业板块产生正面影响。,正面
219,219,农业综合,看涨,新闻中提到中国制造的电动三轮车与农产品在海外市场受到热捧，这表明中国制造业的产品在国际市场上具有竞争力，能够吸引海外消费者的关注和购买，从而带动相关企业的业绩增长。,正面
220,220,农业综合,看涨,新闻中提到中国制造的电动三轮车在海外热销，以及农产品出口持续增长，这表明中国制造业和农业在国际市场上的竞争力增强，预计将带动相关板块的增长。,正面
221,221,农业综合,看涨,新闻中提到中国制造的电动三轮车在海外市场走红，以及农产品出口势头强劲，这表明中国制造业和农业在国际市场上的竞争力增强，预计将带动相关板块的增长。,正面
222,222,农业综合,看涨,国务院办公厅发布的通知旨在加强鲜活农产品的运输和销售工作，这通常意味着政府将提供更多的支持和便利措施，如减少运输成本、提高销售效率等，从而有利于农业板块的发展。,正面
223,223,农业综合,看涨,新闻标题提到的是温州市民丰农产品有限公司，这是一家农产品企业，直接关联到农业板块。由于新闻内容未提供具体信息，但考虑到农产品是基本生活需求，且公司名称中带有'民丰'，可能暗示着丰收或丰富，因此推测该企业可能有良好的发展前景，对农业板块产生正面影响。,中性
224,224,农业综合,看涨,新闻标题提到农产品转化增值实现'丰收到手'，这表明农产品通过转化增值，实现了丰收，这通常意味着农业板块的盈利能力增强，市场前景看好。,正面
225,225,农业综合,看涨,新闻标题提到的是上海大宗农产品市场经营管理有限公司，这表明新闻内容与农业市场相关。由于是经营管理公司的信息，通常这类新闻会展示公司的正面发展或市场机会，因此预测该板块看涨。,正面
226,226,农业综合,看涨,新闻中提到三亚崖州区的2个农产品入选'国字号'荣誉榜，这表明该地区的农产品质量得到了国家的认可，有助于提升该地区农产品的品牌价值和市场竞争力，从而可能带动相关农业板块的股票价格上涨。,正面
227,227,农业综合,看涨,国务院发布的关于加快推进农业科技创新的意见，表明政府将加大对农业科技的支持力度，这有助于提高农产品的生产效率和质量，增强农产品的供给保障能力。政策的支持通常会对相关板块产生积极影响，因此预计农业板块将受益于这一政策，呈现看涨趋势。,正面
228,228,农业综合,看涨,新闻中提到山西省总工会举办的'助农惠工·晋情消费'活动助力古交农产品展销，这表明政府和社会组织在积极推动农产品的销售，有助于提升农产品的市场知名度和销售量，对农业板块是正面影响。,正面
229,229,农业综合,看涨,国务院办公厅发布的通知旨在加强鲜活农产品的运输和销售工作，这将直接促进农业板块的发展，提高农产品的流通效率，增加农民收入，对农业板块构成利好。,正面
230,230,农业综合,看涨,新闻中提到一亩田农产品交易优势突显，为农业产业振兴注入新动力，这表明农业产业正在获得新的发展动力，有利于提升农业板块的整体表现。,正面
231,231,农业综合,看涨,新闻标题提到的是温州市民丰农产品有限公司，这是一家农产品企业，且链接来源为农博数据中心，这表明新闻内容可能与农业相关。由于没有具体的新闻内容，我们假设该企业有积极的发展动态或市场表现，因此判断为看涨。,正面
232,232,农业综合,看涨,新闻中提到湖南绿色优质农产品数量达到4033个，显示出该地区农业产品的质量和多样性在提升，这有助于提高农产品的市场竞争力和消费者认可度，从而可能带动相关农业企业的业绩增长。,正面
233,233,农业综合,看涨,农业部和财政部启动农产品产地初加工惠民工程，这一政策将直接利好农业板块，尤其是与农产品初加工相关的企业。政策的实施将提高农产品的附加值，促进农业产业链的延伸和升级，从而带动相关企业的业绩增长。,正面
234,234,农业综合,看涨,农产品质量安全例行监测合格率首次达到98%，表明农产品质量安全水平显著提升，这将增强消费者对农产品的信心，促进农产品销售，对农业板块产生积极影响。,正面
235,235,农业综合,看涨,中共中央国务院发布的关于加快推进农业科技创新的政策，旨在持续增强农产品供给保障能力。这一政策将直接促进农业科技的发展，提高农业生产效率，增强农产品的市场竞争力，从而对农业板块产生正面影响，预计将推动相关股票价格上涨。,正面
236,236,农业综合,看涨,新闻中提到农业农村部发布的农产品质量安全例行监测合格率首次达到98%，这表明农产品质量安全水平提升，有助于增强消费者信心，促进农产品销售，对农业板块是正面影响。,正面
237,237,农业综合,看涨,新闻内容涉及安全农产品用肥用药技术，这表明农业领域在技术进步和安全生产方面有所进展，有助于提高农产品的质量和安全性，从而可能增加市场需求和消费者信任，推动农业板块的看涨。,正面
238,238,农业综合,看涨,新闻中提到绥化规上农产品加工业营收突破400亿元，这表明该地区的农产品加工业发展迅速，营收增长显著，通常营收的增长会带动股价上涨。,正面
239,239,农业综合,看涨,新闻标题提到甘肃省农产品'三品一标'工作推进会举行，这表明政府或相关机构正在推动农产品质量提升和标准化工作，这通常会对农业板块产生积极影响，提高农产品的市场竞争力和品牌价值，从而可能带动相关企业的股价上涨。,正面
240,240,农业综合,看涨,新闻中提到重庆的'土特产'和'老字号'在中国农产品加工业投资贸易洽谈会上亮相，这表明重庆的农产品加工业正在积极拓展市场和提升品牌影响力，有助于吸引投资和增加贸易机会，从而推动该板块的增长。,正面
241,241,农业综合,看涨,新闻中提到小蜜蜂中百签购销合同，本地特色农产品进超市，这表明本地农产品有了更广泛的销售渠道，有助于提升农产品的销量和知名度，对农业板块是利好消息。,正面
242,242,农业综合,看涨,西安特色农产品线上直播活动的举办，有助于提升农产品的知名度和销售量，促进农业板块的发展。,正面
243,243,农业综合,看涨,新闻中提到推动特色农产品走出去，弋阳主官拿出好法子，这表明地方政府在积极推动农业发展，提升农产品的市场竞争力，有利于农业板块的增长。,正面
244,244,农业综合,看涨,新闻标题提到全国农产品优质货在杭州博览会上展示，这表明农业产品在杭州有集中展示和推广的机会，有助于提升农产品的知名度和销售，对农业板块是利好消息。,正面
245,245,农业综合,看涨,新闻标题提到推动特色农产品走出去，这表明地方政府正在采取措施促进农产品的销售和市场拓展，这通常会对农业板块产生积极影响，增加农产品的销售量和市场竞争力，从而推动相关企业的股价上涨。,正面
246,246,农业综合,看涨,中山市公布十大标志农产品，这表明当地政府对农业的重视和支持，可能会带动相关农产品的品牌效应和市场认可度，从而促进农业板块的增长。,正面
247,247,农业综合,看涨,该新闻提到农产品公司拟向控股股东转让小贷公司100%股权，这一举措可能意味着公司将更加专注于其核心业务——农业产品的生产和销售，从而可能提高公司的运营效率和盈利能力。此外，这种资产重组可能会被市场解读为积极的信号，表明公司正在优化其业务结构，以增强其市场竞争力。,正面
248,248,农业综合,看涨,新闻标题提到的是国内外农产品保鲜新技术的研究动态与发展趋势，这表明农业科技领域正在经历技术进步和创新，这通常会对相关板块产生积极影响，推动板块增长。,正面
249,249,农业综合,看涨,新闻中提到井冈山农产品销售额超过120亿元，显示出该地区农产品市场的强劲表现和增长潜力。此外，提到吉安这场攻坚战成效显著，表明当地政府或相关机构在推动农业发展方面取得了积极成果，这通常会进一步促进该板块的增长。,正面
250,250,农业综合,看跌,农产品公司拟以1.68亿元向控股股东转让小贷公司100%股权，这一行为可能表明公司正在调整其业务结构，减少对非核心业务的投资，以集中资源发展主营业务。短期内，这种资产剥离可能会对公司的财务表现产生负面影响，因为小贷公司可能是一个盈利的部门。此外，这种交易可能会引起市场对公司未来战略方向的担忧，从而对股价产生压力。,负面
251,251,农业综合,看涨,新闻中提到重庆农企在第26届中洽会上闪耀，展示了百余款精品农产品，引领农业新风尚。这表明重庆农企在农业领域具有较强的创新能力和市场竞争力，能够引领行业趋势，因此对农业板块的走势持看涨态度。,正面
252,252,农业综合,看涨,新闻标题提到业内专家共话大宗农产品交易市场发展新路径，这表明市场参与者正在积极探讨和寻找新的发展机会和路径，通常这种积极的讨论和探索预示着市场有增长和创新的潜力，因此对市场走势持看涨态度。,正面
253,253,农业综合,看涨,新闻中提到海口有120余种热带优质农产品通过会议等方式获得更多关注，这表明这些产品有较高的市场需求和潜力，有助于推动相关农业板块的增长。,正面
254,254,农业综合,看涨,新闻标题提到农交会清远农产品推介活动成功举办，这表明清远农产品在市场上得到了积极的推广和认可，有助于提升清远农产品的品牌知名度和市场份额，从而对农业板块产生正面影响。,正面
255,255,农业综合,看涨,新闻标题提到了温州市民丰农产品有限公司，这直接关联到农业板块。然而，新闻内容未提供足够的信息来判断该公司或农业板块的未来走势，因此判断为中性。,中性
256,256,农业综合,看涨,新闻中提到江苏省召开了'互联网+'农产品出村进城交流培训会，这表明政府和企业正在积极推动农产品与互联网的结合，有助于提升农产品的销售渠道和效率，对农业板块是利好消息。,正面
257,257,农业综合,看涨,国务院办公厅发布关于进一步加强鲜活农产品运输和销售工作的通知，这表明政府将加大对农业特别是鲜活农产品运输和销售的支持力度。政策的支持通常会促进相关行业的发展，提高市场对农业板块的信心，从而推动板块走势看涨。,正面
258,258,农业综合,看涨,中共中央国务院发布的关于加快推进农业科技创新的政策，旨在增强农产品供给保障能力。这一政策将直接促进农业科技的发展，提高农业生产效率，增强农产品的市场竞争力，从而对农业板块产生积极影响，预计将推动相关股票价格上涨。,正面
259,259,农业综合,看涨,新闻标题提到物理农业使农产品既'快乐'又'环保'，这表明该技术对提高农产品质量和环境保护有积极作用，可能会吸引更多投资和政策支持，从而推动该板块的增长。,正面
260,260,农业综合,看涨,该新闻涉及到Python、大模型、农产品推荐系统、爬虫、大数据分析、PySpark和Hadoop等技术，这些都是当前科技领域的热门话题。特别是大模型和大数据分析技术的应用，显示出该领域的技术进步和创新潜力，预示着相关技术和服务的发展前景良好。,正面
261,261,农业综合,看涨,新闻标题提到物理农业让农产品既'快乐'又'环保'，这表明该技术能够提高农产品的质量和生产效率，同时减少对环境的影响。这种创新技术可能会吸引更多的投资和关注，从而推动相关板块的增长。,正面
262,262,农业综合,看涨,中央企业前10个月采购脱贫地区农产品超60亿元，显示出国家对农业特别是脱贫地区农产品的大力支持，这将促进农业板块的发展，提高相关企业的收入和利润，因此对该板块持看涨态度。,正面
263,263,农业综合,看涨,中央企业前10个月采购脱贫地区农产品超60亿元，显示出对农业产品的高需求和支持，这可能会促进农业板块的增长。,正面
264,264,农业综合,看涨,中央企业前10个月采购脱贫地区农产品超60亿元，显示出对农业产品的高需求和支持，这可能会促进农业板块的增长。,正面
265,265,农业综合,看涨,该新闻提到'儋州有味'特色农产品品牌推介活动在冬交会期间举办，这表明地方政府和企业在积极推广本地特色农产品，有助于提升品牌知名度和销售额，对农业板块是正面影响。,正面
266,266,农业综合,看涨,郑商所副总经理王晓明提到推动上市葵花籽油期货，并稳步推进鸡肉、大蒜、马铃薯等农产品期货的研发，这表明农产品期货市场将得到进一步的发展和丰富，有助于提升市场的活跃度和投资者的参与度，从而对农产品期货板块产生正面影响。,正面
267,267,农业综合,看涨,郑商所副总经理王晓明提到推动上市葵花籽油期货，并稳步推进鸡肉、大蒜、马铃薯等农产品期货的研发，这表明农产品期货市场将迎来新的发展机遇，增加市场参与者的投资选择，有助于提升市场活跃度和投资者信心，因此对农产品期货板块持看涨态度。,正面
268,268,农业综合,看涨,新闻中提到海南12大农产品品牌集体亮相，这表明海南农产品品牌正在积极推广和市场拓展，有助于提升品牌知名度和市场份额，对农业板块是积极信号。,正面
269,269,农业综合,看涨,新闻提到海南农产品省外市场精准对接活动在海口举办，这表明海南农产品正在积极拓展省外市场，有助于提升农产品的销售量和知名度，从而对农业板块产生积极影响。,正面
270,270,农业综合,看涨,新闻中提到临高农产品新品牌在冬交会上受到关注，这表明该品牌或相关农产品获得了市场的认可和关注，可能会带动相关农产品的销售和品牌价值的提升，从而对农业板块产生积极影响。,正面
271,271,农业综合,看涨,国务院发布的关于加快推进农业科技创新的意见，表明政府将加大对农业科技的支持力度，这有助于提高农产品的生产效率和质量，增强农产品的供给保障能力。政策的支持通常会对相关板块产生积极影响，因此预计农业板块将受益于这一政策，呈现看涨走势。,正面
272,272,农业综合,看涨,新闻中提到文昌百余款特色农产品亮相冬交会，以及文昌鸡陆空联运生鲜专线的开通，这些都是促进当地农业发展和农产品销售的重要举措，有助于提升农产品的市场竞争力，预计将带动相关农产品销量和价格的上涨。,正面
273,273,农业综合,看涨,新闻中提到万宁特色农产品在冬交会受热捧，几百个和乐粽子仅半天售罄，这表明万宁特色农产品市场需求旺盛，消费者对其有很高的接受度和购买意愿，预计将带动相关农产品的销售和价格上涨。,正面
274,274,农业综合,看涨,新闻中提到海口美兰区'美兰好品'农产品公用品牌推介会成功举办，并且签约额达到1.31亿元，这表明该地区的农产品品牌得到了市场的认可和接受，预计将带动相关农业板块的增长。,正面
275,275,农业综合,看涨,新闻标题提到了温州市民丰农产品有限公司，这是一家农产品企业，表明新闻内容可能与农业板块相关。由于新闻来源为农博数据中心，这可能意味着该公司在农业领域有一定的数据支持或技术优势，从而可能对公司的未来发展产生积极影响，因此判断为看涨。,中性
276,276,农业综合,看涨,该新闻标题提到'无公害农产品生产技术规程'，这表明农业领域正在推进更加环保和健康的生产技术，这通常会增加产品的市场吸引力和竞争力，从而可能带动相关农业企业的股价上涨。,正面
277,277,农业综合,看涨,国务院办公厅发布关于进一步加强鲜活农产品运输和销售工作的通知，这表明政府将加大对农业特别是鲜活农产品运输和销售的支持力度。政策的支持通常会促进相关行业的发展，提高市场对农产品的需求，从而可能带动农业板块的股价上涨。,正面
278,278,农业综合,看涨,新闻标题提到'农业更高效 乡村更美好'，表明农业领域正在经历积极的变化和改进，这通常会导致该板块的股票或相关投资产品价格上涨。,正面
279,279,农业综合,看涨,新闻中提到我市有10个农产品入选国家级名单，这表明该地区的农产品质量得到了国家的认可，可能会吸引更多的投资和消费者关注，从而推动相关农业板块的增长。,正面
280,280,农业综合,看涨,新闻中提到2024年'桂字号'农产品南宁市马山县产销对接（郑州）活动成功举办，这表明农产品产销对接活动成功，有助于提升农产品的市场知名度和销量，对农业板块是正面影响。,正面
281,281,农业综合,看涨,新闻标题提到海南绿色优质农产品蓬勃发展，表明该地区农产品质量和产量都有所提升，这通常意味着该地区的农业板块将受益，因此看涨。,正面
282,282,农业综合,看涨,新闻标题提到了助农品牌巧农赞对溧阳当地农产品行业发展的带动，这表明该品牌对当地农业有积极影响，可能会促进农产品行业的发展，从而带动相关股票或投资产品的上涨。,正面
283,283,农业综合,看涨,国务院办公厅发布的通知旨在加强鲜活农产品的运输和销售工作，这表明政府将加大对农业领域的支持力度，预计将促进农业板块的发展，因此对该板块持看涨态度。,正面
284,284,农业综合,看涨,新闻内容提到全国农产品质量安全科普大赛圆满落幕，这表明对农产品质量安全的重视程度提高，有助于提升消费者对农产品的信任度，从而可能增加农产品的销量和市场份额。,正面
285,285,农业综合,看涨,新闻中提到'乡村振兴号'海南农产品冷链班列出岛，这表明海南农产品通过冷链物流的方式扩大了销售范围，有助于提升农产品的市场竞争力，增加农民收入，对农业板块是利好消息。,正面
286,286,农业综合,看涨,国务院办公厅发布的通知旨在加强鲜活农产品的运输和销售工作，这通常意味着政府将提供更多的支持和便利措施给农业板块，从而可能促进该板块的增长。,正面
287,287,农业综合,看涨,新闻中提到'乡村振兴号'海南农产品冷链班列出岛，这表明海南农产品通过冷链物流的方式出岛，有助于提升农产品的销售范围和效率，对农业板块是一个积极信号。,正面
288,288,农业综合,看涨,新闻标题提到'告别提篮小卖'和'让甜蜜走向世界'，表明农产品销售模式正在从传统的小规模、低效率向现代化、规模化、国际化转变。这种转变有助于提高农产品的市场竞争力，增加农民收入，从而对整个农业板块产生积极影响。,正面
289,289,农业综合,看涨,新闻中提到海南举办了'新春集中行动'农产品展销大集品鉴对接专场，这表明地方政府在积极推动农产品的销售和市场对接，有助于提升农产品的知名度和销售量，对农业板块是正面影响。,正面
290,290,农业综合,看涨,新闻中提到'寻味山河行'助力盐中甜酱菜推广，开辟云南特色农产品产业新路径，这表明云南特色农产品产业将得到进一步的发展和推广，有利于提升相关农产品的知名度和销量，从而对农业板块产生积极影响。,正面
291,291,农业综合,看涨,新闻标题提到从'国人粮仓'到'世人餐桌'，'中原粮仓'底气足，这表明中国农产品质量和产量都有显著提升，能够满足国内外需求，预示着农产品板块的增长潜力。,正面
292,292,农业综合,看涨,新闻标题提到从'国人粮仓'到'世人餐桌'，'中原粮仓'底气足，表明河南省在农产品方面的创新和发展，增强了其作为粮食生产基地的地位，预示着农业板块的增长潜力。,正面
293,293,农业综合,看涨,新闻中提到'寻味山河行'助力盐中甜酱菜推广，开辟云南特色农产品产业新路，这表明云南特色农产品产业正在得到推广和支持，有利于该产业的发展，因此对该板块的走势持看涨态度。,正面
294,294,农业综合,看涨,新闻中提到'2025金牌年菜出海活动正式启动'，这表明农产品出口活动将增加，有助于提升相关企业的业绩和市场表现。,正面
295,295,农业综合,看涨,新闻中提到琼中多款特色农产品亮相冬交会，这表明当地农产品得到了展示和推广的机会，有助于提升品牌知名度和销售，对农业板块是正面影响。,正面
296,296,农业综合,看涨,新闻中提到白沙17家企业携30余款特色农产品亮相冬交会，这表明当地农业企业正在积极推广其产品，增加市场曝光度，有助于提升品牌知名度和销售额，从而对农业板块产生正面影响。,正面
297,297,农业综合,看涨,新闻中提到三亚有150余种'新奇特优'农产品亮相冬交会，这表明农业产品多样性和创新性增强，有助于提升市场吸引力和竞争力，从而可能带动相关农业板块的股价上涨。,正面
298,298,农业综合,看涨,新闻中提到屯昌12家企业携130余款特色农产品亮相冬交会，这表明当地农业企业正在积极拓展市场，增加产品的曝光率和销售机会。这种积极的营销策略和产品展示有助于提升企业的品牌知名度和市场份额，从而对农业板块产生正面影响。,正面
299,299,农业综合,看涨,浙江省计划用5年时间打造农村电商'全国新高地'，这表明政府将大力支持农村电商的发展，预计将出台一系列扶持政策，促进农产品电商化，从而推动电商板块的增长。,正面
300,300,农业综合,看涨,新闻标题提到第27届中国（海南）国际热带农产品冬季交易会开幕，这表明农业板块特别是热带农产品相关企业可能会受到正面影响，因为交易会的开幕通常会促进相关产品的销售和市场关注度，从而可能带动股价上涨。,正面
301,301,农业综合,看涨,第27届中国（海南）国际热带农产品冬季交易会的开幕，标志着农业领域特别是热带农产品市场的活跃度提升。此类大型交易会通常能够促进农产品的销售和品牌推广，增强市场对热带农产品的需求，从而对农业板块产生正面影响。,正面
302,302,农业综合,看涨,新闻标题提到'抓牢农产品稳产保供'，这表明政府对于农业生产的重视，旨在确保农产品的稳定供应，这通常会对农业板块产生积极影响，推动相关股票或投资产品的价格上涨。,正面
303,303,农业综合,看涨,定安仙沟牛肉上榜2024年第三批全国名特优新农产品，这表明该产品获得了国家级别的认可，有助于提升其品牌影响力和市场竞争力，从而可能带动相关农业板块的增长。,正面
304,304,农业综合,看涨,澄迈新增三个'国字号'农产品，这表明该地区在农产品质量和品牌建设方面取得了显著成就，有助于提升当地农产品的市场竞争力和知名度，从而可能带动相关农业企业的业绩增长。,正面
305,305,农业综合,看涨,新闻标题提到湘味农产品在粤港澳大湾区成功举办产业大会，这表明湘味农产品在大湾区市场受到欢迎，有助于提升湘味农产品的品牌影响力和市场份额，从而对相关农业与食品板块产生正面影响。,正面
306,306,农业综合,看涨,中山市公布十大标志农产品，这通常意味着这些农产品将获得更多的市场关注和政府支持，有助于提升其品牌价值和市场竞争力，从而可能带动相关农业板块的增长。,正面
307,307,农业综合,看涨,新闻标题提到甘肃省农产品'三品一标'工作推进会在天水召开，这表明政府或相关机构正在推进农产品的标准化、品牌化工作，这通常有助于提升农产品的市场竞争力和附加值，对农业板块是利好消息。,正面
308,308,农业综合,看涨,新闻标题提到全球农产品价格普遍上涨，这通常会导致国内农产品价格跟随上涨，从而拉动国内市场企稳回升。,正面
309,309,农业综合,看涨,国务院办公厅发布关于进一步加强鲜活农产品运输和销售工作的通知，这表明政府将加大对农业特别是鲜活农产品运输和销售的支持力度。政策的支持通常会促进相关行业的发展，提高市场对农业板块的预期，从而可能带动相关股票价格上涨。,正面
310,310,农业综合,看涨,新闻标题提到广东农产品在长三角地区受到欢迎，表明广东农产品在长三角市场的竞争力增强，可能会带动相关农业企业的业绩增长。,正面
311,311,农业综合,看涨,宁波市开展元旦前农产品质量安全大检查，显示出政府对农产品质量安全的高度重视，这有助于提升消费者对农产品的信心，从而可能增加农产品的市场需求和价格。,正面
312,312,农业综合,看涨,新闻标题提到赣州市农产品安全形势持续向好，这表明农产品行业在安全方面取得了积极进展，可能会增强消费者信心，从而推动农产品需求和价格的上涨。,正面
313,313,农业综合,看涨,新闻聚焦于河南长葛的农产品冷链物流体系建设，这表明该地区正在加强农产品的储存和运输能力，有助于提高农产品的质量和市场竞争力。随着冷链物流体系的完善，预计将促进农产品销售，增加农民收入，对整个农产品冷链物流板块产生积极影响。,正面
314,314,农业综合,看涨,新闻内容涉及食品农产品的真空冷冻干燥技术，这是一种提高农产品附加值和延长保质期的先进技术。随着消费者对高质量、长保质期食品需求的增加，此类技术的应用有望推动农业科技板块的增长。,正面
315,315,农业综合,看涨,新闻内容涉及无公害农产品生产推荐农药品种和植保机械名单，这表明政府对农业生产的支持和对农产品质量的重视，可能会促进农业板块的发展，提高相关企业的业绩。,正面
316,316,农业综合,看涨,国务院发布的关于加快推进农业科技创新的意见，表明政府将加大对农业科技的支持力度，这有助于提高农产品的生产效率和质量，增强农产品的供给保障能力。政策的支持通常会对相关板块产生积极影响，因此预计农业板块将受益于这一政策，呈现看涨趋势。,正面
317,317,农业综合,看涨,新闻标题提到'站上1.4万亿斤新台阶'，表明我国粮食产量达到了一个新的高度，这对于农业板块是一个积极的信号。同时，'建设更高水平大国粮仓'的提法，预示着国家将继续加大对农业的支持力度，提升粮食生产和储备能力，这对农业相关企业的发展是一个正面推动。,正面
318,318,农业综合,看涨,新闻标题提到物理农业技术，这是一种新兴的农业技术，旨在提高农产品的质量和环保性。随着全球对可持续发展和环保农业的关注增加，这类技术的应用和推广有望得到加强，从而推动相关板块的增长。,正面
319,319,农业综合,看涨,国务院办公厅发布的通知旨在加强鲜活农产品的运输和销售，这将直接促进农业板块的发展，提高农产品的流通效率和市场竞争力，从而对农业板块产生正面影响。,正面
320,320,农业综合,看涨,国务院办公厅发布的通知旨在加强鲜活农产品的运输和销售工作，这将直接利好农业板块，特别是与鲜活农产品生产、运输和销售相关的企业。政策的支持通常会带来行业的积极发展，因此预计相关企业的业绩和股价将受到正面影响。,正面
321,321,农业综合,看涨,新闻中提到助力农产品出村进城，以及名优特产品体验馆的开馆，这表明对农产品的推广和销售有积极的支持措施，有助于提升农产品的市场表现。,正面
322,322,农业综合,看涨,新闻标题提到越南将充分发挥国内农产品消费市场优势，这表明越南农业市场有增长潜力，可能会带动相关农产品板块的上涨。,正面
323,323,农业综合,看涨,新闻内容涉及安全农产品用肥用药技术，这表明农业领域在技术进步和安全生产方面有所进展，有助于提高农产品的质量和安全，从而可能增加市场需求和消费者信心，推动农业板块的上涨。,正面
324,324,农业综合,看涨,光大银行积极做好春耕备耕和重要农产品供给的金融服务工作，这表明银行在支持农业和农产品供应链方面采取了积极措施，有助于提升农业生产的效率和农产品的市场供应，从而对银行的业务发展和农业板块产生正面影响。,正面
325,325,农业综合,看涨,天水市现代农产品物流园的开业将促进当地农产品流通效率，提高农产品市场竞争力，有利于农业板块的发展。,正面
326,326,农业综合,看跌,新闻中提到全国农产品批发市场猪肉平均价格比昨天下降0.6%，这表明猪肉价格在下降，可能影响到相关农产品板块的走势。,负面
327,327,农业综合,看涨,新闻标题提到全国农产品稳产保供有力，市场购销两旺，这表明农产品供应稳定，市场需求旺盛，有利于农业板块的股票表现。,正面
328,328,农业综合,看涨,新闻标题提到全国农产品稳产保供有力，市场购销两旺，这表明农产品供应稳定，市场需求旺盛，有利于农业板块的增长。,正面
329,329,农业综合,看涨,新闻中提到上饶农产品通过电商平台实现了销售增长，这表明农产品电商化趋势正在加强，有助于提升农产品的市场覆盖率和销售效率，从而对农业板块产生积极影响。,正面
330,330,农业综合,看涨,台东县长饶庆铃访问大陆讨论扩大农产品输陆事宜，这表明两岸农业合作有望加强，对于农业板块来说是一个积极的信号，可能会带动相关农产品的出口增长，从而对农业板块产生正面影响。,正面
331,331,农业综合,看涨,新闻标题提到全国农产品稳产保供有力，市场购销两旺，这表明农产品供应稳定，市场需求旺盛，有利于农业板块的股票表现。,正面
332,332,农业综合,看涨,新闻标题提到全国农产品稳产保供有力，市场购销两旺，这表明农产品供应稳定且市场需求旺盛，有利于农业板块的股票表现。,正面
333,333,农业综合,看涨,新闻标题提到全国农产品稳产保供有力，市场购销两旺，这表明农产品供应稳定，市场需求旺盛，有利于农业板块的股票表现。,正面
334,334,农业综合,看跌,新闻标题提到'事关农产品质量安全'和'海南公布10起典型案例'，这表明可能存在农产品质量问题，可能会影响消费者对农产品的信心，从而对农产品板块产生负面影响。,负面
335,335,农业综合,看涨,新闻标题提到'小村建大厂：解码农产品精深加工之路'，这表明农产品加工行业正在通过建设大型工厂和深化加工技术来提升产品质量和附加值，这通常意味着行业增长潜力和市场需求的增加，因此对该板块的走势持看涨态度。,正面
336,336,农业综合,看涨,新闻标题提到'小村建大厂：解码农产品精深加工之路'，这表明农产品加工行业正在向高质量发展转型，通过精深加工提升产品附加值，有助于提高农业板块的整体盈利能力和市场竞争力。,正面
337,337,农业综合,看涨,新闻标题提到'小村建大厂：解码农产品精深加工之路'，这表明农产品加工行业正在通过建设大型工厂和深化加工技术来提升产品质量和效率，这通常会导致行业增长和投资增加。,正面
338,338,农业综合,看涨,新闻标题提到'小村建大厂：解码农产品精深加工之路'，这表明农产品加工行业正在向高质量发展转型，通过精深加工提升产品附加值，有助于提高农业板块的整体盈利能力和市场竞争力。,正面
339,339,农业综合,看涨,新闻标题提到'小村建大厂：解码农产品精深加工之路'，这表明农产品加工行业正在通过建设大型工厂和精深加工技术来提升产业价值，这种发展趋势通常预示着行业的增长潜力。,正面
340,340,元器件,看涨,深圳华强为全资子公司提供担保，显示了公司对子公司的支持力度，增强了子公司的信用和融资能力，有利于子公司业务的扩展和公司整体业绩的提升。这种内部支持通常被市场视为积极的信号，可能会吸引投资者的关注和投资，从而推动股价上涨。,正面
341,341,元器件,看涨,新闻中提到深圳华强接受了包括华金证券、先锋基金在内的多家机构的调研，这表明市场对该公司的关注度增加，可能预示着公司未来有积极的发展计划或业绩改善，从而吸引投资者的兴趣，推动股价上涨。,正面
342,342,元器件,看涨,新闻提到顶佳医疗在深圳华强北赛格市场落地全国首家智慧养老产品集合店，这表明公司在智慧养老领域的布局和扩张，智慧养老作为医疗健康领域的一个重要分支，随着人口老龄化的加剧，市场需求预计将持续增长。因此，该新闻对顶佳医疗及其所在板块的走势具有正面影响。,正面
343,343,元器件,看涨,新闻标题提到深圳华强北出现高燃一幕，多人围观，这可能意味着有新的科技产品或消费电子产品发布或展示，吸引了大量人群的关注。这种情况通常会带动相关板块的股票或市场情绪上涨，因为新产品的发布往往预示着行业的新动态和增长潜力。,正面
344,344,通信设备,看跌,新闻中提到联想在海外起诉中兴通讯，涉及专利问题。这种法律纠纷通常会对涉及的公司的股价产生负面影响，因为它可能导致法律费用增加、市场信心下降以及潜在的业务中断。,负面
345,345,通信设备,看涨,新闻中提到总台携手北京移动、中兴通讯推出的5G-A赋能春晚无线直播项目荣获第七届'绽放杯'全国总决赛一等奖，这表明5G技术在直播领域的应用得到了高度认可，预示着5G技术及其相关应用的发展前景广阔，对科技板块尤其是5G相关企业是利好消息。,正面
346,346,通信设备,看涨,新闻中提到总台携手北京移动、中兴通讯推出的5G-A赋能春晚无线直播项目荣获第七届'绽放杯'全国总决赛一等奖，这表明中兴通讯在5G技术应用方面取得了显著成就，有助于提升公司品牌形象和市场竞争力，从而可能推动股价上涨。,正面
347,347,通信设备,看涨,中兴通讯与长江委水文局的合作，特别是在发布九派大模型和推进水文数智化建设方面，显示了中兴通讯在科技领域的进一步发展和创新能力的提升。这种合作可能会增强中兴通讯的市场竞争力，提高其品牌价值，从而对其股价产生正面影响。,正面
348,348,通信设备,,中兴通讯作为中国领先的通信解决方案提供商，其战略峰会的举行通常意味着公司将在未来一段时间内推出新的战略规划或技术突破，这有助于提升公司的市场竞争力和品牌影响力，从而对股价产生正面影响。,正面
349,349,通信设备,看涨,中兴通讯作为通信行业的领军企业，亮相2024数字科技生态大会并展示创新AI终端，表明公司在AI和智慧生活领域的技术进步和市场布局。这通常会被市场解读为公司未来增长潜力的积极信号，从而对股价产生正面影响。,正面
350,350,通信设备,看涨,中兴通讯在2024中国电信展上展示系列终端，并与合作伙伴共同建设AI生态新格局，显示出公司在科技创新和产业合作方面的积极进展，这通常会对公司股价产生正面影响。,正面
351,351,通信设备,看涨,中兴通讯作为通信设备领域的龙头企业，其系列终端在2024中国电信展上亮相，展示了公司在AI生态建设方面的最新进展和合作成果。这不仅体现了中兴通讯在技术创新和产品研发上的实力，也预示着公司在未来AI领域的发展潜力。此外，与电信行业的深度合作，有助于推动公司业务的进一步扩展和市场份额的提升，因此对中兴通讯的股价走势持看涨态度。,正面
352,352,通信设备,看涨,中兴通讯作为通信行业的领军企业，亮相2024数字科技生态大会并展示创新AI终端，表明公司在AI和智慧生活领域的技术创新和布局。这通常被视为公司技术实力和市场前景的积极信号，有助于提升投资者信心，推动股价上涨。,正面
353,353,通信设备,看涨,中兴通讯与中国电信的合作，特别是在AI终端领域的展示，预示着双方在人工智能和数字生态建设方面的深入合作。这种合作通常能够推动相关技术的快速发展和应用，从而带动整个板块的增长。,正面
354,354,通信设备,看涨,新闻中提到中兴通讯在2024数字科技生态大会上推出了AI终端新品，这表明公司在人工智能领域持续创新并推出新产品，有助于提升公司的市场竞争力和品牌影响力，从而可能带动股价上涨。,正面
355,355,通信设备,看涨,中兴通讯与中国联通合作升级5G专网能力，这将增强中兴通讯在5G领域的技术实力和市场竞争力，有助于推动产业数智转型，因此对中兴通讯及其相关板块是利好消息。,正面
356,356,通信设备,看涨,湖南电信与中兴通讯合作完成5G AI保障方案端到端价值经营商用验证，显示了5G技术在通信行业的进一步成熟和应用，预示着通信行业特别是5G相关企业的发展前景看好。,正面
357,357,通信设备,看涨,中兴通讯的'空天地'智慧应急体系入选2024年度公共关系示范案例，这表明该公司在智慧应急领域的技术和解决方案得到了行业的高度认可，有助于提升公司的品牌形象和市场竞争力，从而可能带动公司股价上涨。,正面
358,358,通信设备,看涨,中兴通讯的'空天地'智慧应急体系入选2024年度公共关系示范案例，这表明其在技术创新和行业应用方面获得了认可，有助于提升公司品牌形象和市场竞争力，从而可能对股价产生正面影响。,正面
359,359,通信设备,看涨,中兴通讯的'空天地'智慧应急体系入选2024年度公共关系示范案例，这表明中兴通讯在智慧应急领域的技术和解决方案得到了行业的认可，有助于提升公司的品牌形象和市场竞争力，从而可能对公司的股价产生正面影响。,正面
360,360,通信设备,看跌,新闻标题'从来就没有股神'暗示了市场的不确定性和风险，可能反映了对中兴通讯未来表现的不确定性。此外，股吧讨论通常包含个人观点，可能偏向悲观，影响市场情绪。,负面
361,361,通信设备,看涨,中兴通讯作为通信设备行业的领军企业，其股吧讨论活跃，显示出市场对其关注度高。东方财富网作为知名的财经信息平台，其股吧的讨论往往能反映出投资者的情绪和预期。从链接中的时间戳来看，该新闻发布于2017年8月20日，考虑到中兴通讯在5G等通信技术领域的布局和进展，以及当时市场对5G技术前景的乐观预期，可以推测该新闻可能涉及公司正面进展或市场对其未来发展的积极预期，因此判断为看涨。,正面
362,362,通信设备,看涨,新闻标题提到'AI浪潮高涨'，表明人工智能领域正处于快速发展阶段，这对于科技板块尤其是涉及AI技术的公司来说是一个积极的信号。中兴通讯作为科技板块中的重要企业，其价值重估可能意味着市场对其未来发展前景持乐观态度。,正面
363,363,通信设备,看涨,中兴通讯CDO崔丽受邀出席2024年《财富》MPW女性峰会，这表明中兴通讯在行业内的地位和影响力得到了认可，有助于提升公司形象和品牌价值，可能对股价产生正面影响。,正面
364,364,通信设备,看涨,中兴通讯作为科技行业的领军企业，其首席数据官崔丽受邀出席2024年《财富》MPW女性峰会，显示了公司在行业内的领导地位和对女性领导力的支持。这种正面的曝光有助于提升公司品牌形象，可能吸引更多投资者关注，从而对股价产生积极影响。,正面
365,365,通信设备,看涨,新闻中提到中兴通讯一度涨停，并且机构分析指出有两大逻辑支持其股价上涨。这表明市场对中兴通讯的看好情绪强烈，机构的正向分析进一步增强了投资者的信心。,正面
366,366,通信设备,看涨,中兴通讯在5G-A保障总台春晚直播项目中获得'绽放杯'全国总决赛一等奖，这表明中兴通讯在5G技术应用方面取得了显著成就，增强了市场对其技术实力和未来发展的信心。,正面
367,367,通信设备,看涨,新闻标题提到'放量大涨'和'成交第一'，这表明中兴通讯的股票在市场上表现非常活跃，成交量大幅增加，通常这是股票价格上涨的信号。,正面
368,368,通信设备,看跌,新闻标题中的'突发'通常暗示着不利的消息或事件，这可能对中兴通讯的股价产生负面影响。,负面
369,369,通信设备,看涨,中兴通讯突然涨停，通常意味着市场对其有积极的预期或有利好消息刺激。这可能包括公司业绩的显著提升、获得重要合同、技术突破或政策支持等因素。涨停表明市场对该股票的强烈买入意愿，短期内股价有上涨趋势。,正面
370,370,通信设备,看涨,新闻标题提到中兴通讯，这是一家知名的通信设备制造商，同时提到了概念股、运营商和设备商，这些关键词通常与通信行业相关，表明新闻可能与通信行业的正面发展或中兴通讯的积极动态有关，因此判断为看涨。,正面
371,371,通信设备,看跌,新闻中提到中兴通讯股价再次下跌超过3%，且字节跳动辟谣与努比亚合作开发AI手机的消息，这可能会影响市场对中兴通讯未来发展的预期，从而导致股价下跌。,负面
372,372,通信设备,看涨,中兴通讯与广东移动的合作，特别是在打造高质量低空智联网方面，显示了通信技术的创新和进步。这种合作不仅能够推动通信技术的发展，还能促进相关产业链的增长，因此对通信板块是利好消息。,正面
373,373,通信设备,看涨,高盛上调中兴通讯港股目标价，表明对该公司的未来发展持乐观态度，通常这类消息会提升市场对该股票的信心，从而可能推动股价上涨。,正面
374,374,通信设备,看涨,中原证券给予中兴通讯买入评级，表明专业机构对中兴通讯未来发展持乐观态度，通常这类评级会吸引更多投资者关注和投资，从而可能推动股价上涨。,正面
375,375,通信设备,看涨,中兴通讯与广东移动的合作共建高质量低空智联网，显示了通信行业在新技术应用方面的积极进展，预计将推动相关企业的技术发展和市场竞争力，从而对股价产生正面影响。,正面
376,376,通信设备,看涨,中兴通讯联合合作伙伴成立开放智算产业联盟，这一行动将加速AI及大模型行业的落地，预示着公司在人工智能和大数据领域的进一步深耕和扩展。这种合作通常能够带来技术创新和市场扩展，从而推动公司股价上涨。,正面
377,377,通信设备,看涨,中兴通讯联合合作伙伴成立开放智算产业联盟，这一举措将加速AI及大模型行业的落地。通过联盟的形式，可以集中资源、共享技术，推动AI技术的快速发展和应用，对整个科技板块尤其是AI相关企业将产生积极影响。,正面
378,378,通信设备,看涨,新闻标题提到中兴通讯总裁徐子阳谈论算网进阶和共绘数字时代新篇章，这表明中兴通讯在数字时代的技术发展和应用方面有积极的进展和规划，通常这类新闻会提升投资者对公司未来发展的信心，从而可能推动股价上涨。,正面
379,379,通信设备,看涨,中兴通讯助力中国电信成功发布国内首个IoT NTN运营级商用网络，这表明中兴通讯在通信技术领域取得了重要进展，能够提升公司的市场竞争力和品牌影响力，从而可能带动公司股价上涨。,正面
380,380,通信设备,看涨,湖南电信与中兴通讯合作完成5G AI保障方案端到端价值经营商用验证，显示了5G技术在通信行业的进一步成熟和应用，预示着相关企业将受益于5G技术的推广和应用，从而推动股价上涨。,正面
381,381,通信设备,看涨,湖南电信与中兴通讯合作完成5G AI保障方案端到端价值经营商用验证，显示了5G技术在商业应用中的进一步成熟和推广，预示着通信行业特别是5G相关企业将迎来新的增长机会。,正面
382,382,通信设备,看涨,中兴通讯助力中国电信成功发布国内首个IoT NTN运营级商用网络，这一成就标志着中国在物联网领域的重要进展，预计将推动相关产业链的发展，增强中兴通讯及中国电信的市场竞争力。,正面
383,383,通信设备,看涨,新闻中提到中兴通讯的刘爽讨论了5G-A与AI技术的结合，共绘立体数智经济新蓝图。这表明5G和AI技术的融合将推动数智经济的发展，预示着相关技术和产业将迎来新的增长机遇。,正面
384,384,通信设备,看涨,新闻中提到铜缆高速连接概念逆势走强，且中兴通讯主力资金净流入达61.98亿元，显示出市场对该板块的强烈关注和资金的大量流入，这些都是看涨的信号。,正面
385,385,通信设备,看涨,中兴通讯举办'筑路低空'主题体验交流活动，显示出公司对低空经济领域的重视和投入，这可能会推动公司在无人机等低空经济相关技术的发展和应用，从而带动公司业绩增长。,正面
386,386,通信设备,看涨,中兴通讯第十一次荣获中国专利金奖，显示了公司在5G核心场景应用创新方面的领先地位和持续创新能力。这一成就不仅增强了公司的品牌价值和市场竞争力，还可能吸引更多的合作伙伴和客户，从而推动公司业绩的增长。,正面
387,387,通信设备,看涨,中兴通讯第十一次荣获中国专利金奖，显示了公司在5G核心场景应用创新方面的领先地位和持续创新能力。这一成就不仅增强了公司的品牌影响力，还可能带来更多的商业机会和合作伙伴，从而推动公司股价上涨。,正面
388,388,通信设备,看涨,中兴通讯第十一次荣获中国专利金奖，显示了公司在5G核心场景应用创新方面的领先地位和持续创新能力。这一成就不仅增强了公司的品牌形象，还可能吸引更多的合作伙伴和客户，从而推动公司的业务增长和股价上涨。,正面
389,389,通信设备,看涨,中兴通讯荣获中国专利金奖，特别是在5G核心场景应用创新方面，显示了公司在5G技术领域的领先地位和创新能力。这一成就可能会增强投资者对公司未来增长潜力的信心，从而推动股价上涨。,正面
390,390,通信设备,看涨,中兴通讯第十一次荣获中国专利金奖，显示了公司在5G核心场景应用创新方面的领先地位和持续创新能力。这一成就不仅增强了公司的品牌形象，还可能吸引更多的合作伙伴和客户，从而推动公司的业务增长和股价上涨。,正面
391,391,通信设备,看涨,新闻中提到中兴通讯的崔亦军讨论了政策、应用、技术对低空经济发展的驱动作用，这表明公司正在积极利用政策和技术进步来推动业务增长，尤其是在低空经济这一新兴领域。这种积极的业务扩展和技术创新通常会对公司的股价产生正面影响。,正面
392,392,通信设备,看涨,中兴通讯作为通信设备行业的领军企业，其股吧讨论热度高，显示出市场对其关注度高。东方财富网股吧作为投资者交流的重要平台，新闻链接的存在表明有新的讨论或信息更新，这通常与公司正面动态相关，可能推动股价上涨。,正面
393,393,通信设备,中性,新闻内容主要涉及字节跳动和中兴通讯之间关于成立新品牌可能性的否认，没有直接提及市场走势或业务发展的具体信息，因此对市场走势的影响为中性。,中性
394,394,通信设备,看涨,福建联通与中兴通讯合作的柒牌5G智慧工厂获得第七届'绽放杯'5G应用征集大赛全国总决赛一等奖，这表明5G技术在工业应用方面的成功案例得到了高度认可，预计将推动5G技术在更多行业的应用，从而带动相关企业的增长。,正面
395,395,通信设备,看涨,中兴通讯单日成交额超过200亿，显示出市场对该股票的高度关注和积极买入情绪。同时，A股三个行业获得超百亿资金抄底，表明投资者对这些行业的未来发展持乐观态度，尤其是通信设备行业。这种大规模的成交和资金流入通常预示着市场对该板块的看好，可能会推动股价上涨。,正面
396,396,通信设备,看涨,中兴通讯首次单日成交超200亿，显示出市场对该股票的高度关注和资金的积极流入。A股三行业获超百亿资金抄底，表明市场对这些行业的看好，预计将带动相关板块的股价上涨。,正面
397,397,通信设备,中性,新闻中提到中兴通讯未发现可能或已经对公司股票交易价格产生较大影响的未公开重大信息，这表明公司目前没有重大利好或利空消息，预计股票价格将保持稳定。,中性
398,398,通信设备,中性,中兴通讯发布的公告表明，公司未发现可能或已经对公司股票交易价格产生较大影响的未公开重大信息。这种声明通常意味着公司目前没有重大利好或利空消息，因此对股价的影响预计是中性的。,中性
399,399,通信设备,看涨,新闻中提到千亿元巨头两次涨停，以及中兴通讯连续大涨，显示出市场对AI相关企业的强烈兴趣和投资热情。这些信息表明科技板块，特别是AI相关企业，目前受到市场的积极追捧。,正面
400,400,通信设备,看涨,新闻标题中提到'大涨'，通常意味着相关公司的股价有显著上涨，这可能是因为公司发布了积极的财务报告、获得了重要的合同或合作伙伴关系、或者市场对其未来发展持乐观态度。虽然标题中也提到了'紧急提示风险'，但这可能是对投资者的一种提醒，而不是对股价走势的直接负面预测。,正面
401,401,通信设备,看涨,新闻中提到中兴通讯股价暴涨，且涉及游资和北向资金的活跃参与，以及字节跳动合作的传言，这些因素通常会对股价产生积极影响，尤其是在科技板块。尽管合作传言真假难辨，但市场对此类消息通常持乐观态度，从而推动股价上涨。,正面
402,402,通信设备,看涨,新闻中提到中兴通讯连续3天成交额破百亿，显示出市场对该股票的高度关注和活跃交易。同时，游资和北向资金的参与进一步推动了股价的大涨，这表明有大量资金流入该股票，通常这是股价上涨的信号。,正面
403,403,通信设备,看涨,新闻中提到中兴通讯连续3天成交额破百亿，显示出市场对该股票的高度关注和活跃交易。同时，游资和北向资金的参与进一步推动了股价的大涨，这表明有大量的资金流入，通常与股价上涨相关联。,正面
404,404,通信设备,看涨,新闻中提到中兴通讯在低空经济领域的发展，特别是打造数字'天路'，这表明公司在无人机和通信技术方面有新的进展和投资，通常这类技术进步和投资会推动公司股价上涨。,正面
405,405,通信设备,看涨,中兴通讯与中兴新云的合作，共筑数智财务新篇章，显示出公司在数字化转型和财务智能化方面的积极进展。这种合作通常被视为公司未来增长潜力的积极信号，尤其是在科技板块，数字化转型是当前和未来的主要趋势。,正面
406,406,通信设备,看涨,新闻标题提到中兴通讯的出海征程，表明公司正在积极拓展国际市场，这通常被视为公司增长和扩张的积极信号。此外，'一封家书'的表述可能暗示公司内部有积极的沟通和战略规划，这些都是对公司未来发展有利的因素。,正面
407,407,通信设备,看涨,中兴通讯董事长李自学在新年致辞中提到了接续奋斗和勇于突破，这表明公司有积极的发展计划和创新动力，通常这种正面的领导层表态会被市场解读为公司未来发展的积极信号，从而对股价产生正面影响。,正面
408,408,通信设备,看涨,新闻中提到中兴通讯股价再涨超5%，并且提到算力产业迎来多重催化，机构看好公司把握算力产业机遇。这表明市场对中兴通讯在算力产业的未来发展持乐观态度，预计其股价将继续上涨。,正面
409,409,通信设备,看涨,新闻标题提到科技股走强，且中兴通讯成交额全A股第一名，表明市场对科技股特别是中兴通讯的关注度和投资热情高，通常成交额领先的股票会受到更多投资者的青睐，从而推动股价上涨。,正面
410,410,通信设备,看涨,中兴通讯董事长李自学在新年致辞中强调了接续奋斗和勇于突破的重要性，并提到了加快开创新局面。这表明公司对未来发展持积极态度，有明确的增长计划和创新方向，通常这种积极的公司动态会增强投资者信心，推动股价上涨。,正面
411,411,通信设备,看涨,新闻中提到中兴通讯的崔亦军强调了政策、应用、技术一体化运作对于驱动低空经济加速发展的重要性。这表明中兴通讯在低空经济领域有积极的布局和投入，且预期政策支持将促进该领域的发展，从而对中兴通讯及其相关板块产生正面影响。,正面
412,412,通信设备,看涨,高盛上调中兴通讯目标价至25.2港元，并预期第四季纯利同比增长52%，这表明市场对中兴通讯的业绩持乐观态度，预期其未来表现良好。,正面
413,413,通信设备,看涨,中兴通讯董事长的新年致辞中提到了'接续奋斗，勇于突破，加快开创新局面'，这表明公司有积极的发展计划和目标，预计将推动公司业绩和股价的上涨。,正面
414,414,通信设备,看涨,新闻中提到中兴通讯的崔亦军强调了政策、应用、技术一体化运作对驱动低空经济加速发展的重要性。这表明中兴通讯在低空经济领域有深入布局和规划，且有望获得政策支持，从而推动公司业务增长。,正面
415,415,通信设备,看涨,中兴通讯作为通信设备行业的龙头企业，其股吧讨论活跃，显示出市场对该股票的高度关注。东方财富网股吧作为中国领先的财经信息平台，其用户讨论通常能反映出市场情绪和预期。考虑到中兴通讯在5G、物联网等前沿技术领域的布局和进展，以及全球通信设备市场的增长潜力，市场对其未来发展持乐观态度。,正面
416,416,通信设备,看涨,新闻中提到中兴通讯获主力青睐，显示出市场对该公司的积极态度，通常主力资金的流入是股价上涨的信号。此外，8连板牛股周涨61.30%也反映出市场对科技板块的热情和看好。,正面
417,417,通信设备,看涨,新闻标题提到'低空经济狂飙'，暗示了低空经济领域的快速发展，而中兴通讯作为科技领域的龙头企业，有望从中受益。此外，标题中的'能做什么？'可能暗示中兴通讯在该领域有新的布局或突破，这通常对股价是正面影响。,正面
418,418,通信设备,看涨,天翼数字生活公司与中兴通讯联合发布家庭智脑极光版，这表明两家公司在智能家居领域的合作加深，有助于推动相关技术的发展和应用。中兴通讯作为通信设备领域的领先企业，其技术实力和市场影响力能够为天翼数字生活公司带来更多的市场机会和竞争优势。此外，智能家居市场正处于快速增长期，此次合作有望进一步提升两家公司在智能家居市场的份额，因此对两家公司的股价走势持看涨态度。,正面
419,419,通信设备,看涨,中兴通讯智能运维服务荣获Telecom Review Excellence Awards'最佳数字化转型奖'，这表明中兴通讯在数字化转型方面取得了显著成就，可能会增强市场对其技术实力和未来增长潜力的信心，从而推动股价上涨。,正面
420,420,通信设备,看涨,中兴通讯业绩连续四年稳定增长，显示出公司的经营状况良好。研发投入上百亿，表明公司重视技术创新和未来发展，这通常预示着公司有较强的竞争力和增长潜力。股价长期处于低位，现在价值发现，意味着市场可能低估了公司的价值，存在上涨空间。,正面
421,421,通信设备,看涨,新闻中提到中兴通讯因与'豆包'合作传闻导致股价创年内新高，这表明市场对该合作持积极态度，预期合作将带来正面影响。,正面
422,422,通信设备,看涨,商务部加快出台推进首发经济的政策文件，这将直接利好科技与消费板块，尤其是像字节跳动和中兴通讯这样的科技公司。政策的支持通常会带来行业增长和市场信心的提升，从而推动股价上涨。,正面
423,423,通信设备,看涨,中兴通讯业绩连续四年稳定增长，显示出公司的良好经营状况和市场竞争力。研发投入上百亿，表明公司重视技术创新和产品研发，有助于提升未来竞争力。这些因素通常会对股价产生正面影响。,正面
424,424,通信设备,看涨,中兴通讯作为通信设备行业的领军企业，其股吧讨论活跃，显示出市场对该股票的高度关注。东方财富网股吧作为中国领先的财经信息平台，其用户讨论往往能反映出市场的情绪和预期。考虑到中兴通讯在5G、云计算等前沿技术的布局和进展，以及全球通信设备市场的增长潜力，市场对其未来发展持乐观态度。,正面
425,425,通信设备,看涨,新闻中提到中兴通讯因与'豆包'合作传闻导致股价创年内新高，这表明市场对该合作持积极态度，预期将带来正面影响。尽管公司提示风险，但短期内市场情绪偏向乐观。,正面
426,426,通信设备,看涨,新闻中提到中兴通讯与'豆包'（假设为字节跳动旗下产品）的合作传闻导致其股价创年内新高，这表明市场对中兴通讯与字节跳动合作的预期非常积极，认为这将为公司带来新的增长点。,正面
427,427,通信设备,看涨,中兴通讯作为通信设备行业的领军企业，其股票在股吧中的讨论热度较高，且链接指向的新闻可能包含正面信息，如公司业绩增长、技术创新或市场扩展等，这些因素通常会对股价产生积极影响。,正面
428,428,通信设备,看涨,新闻标题中多次强调'太强了'，显示出对中兴通讯的强烈正面评价，可能意味着公司近期有重大利好消息或业绩表现优异，从而可能推动股价上涨。,正面
429,429,通信设备,看涨,新闻中提到与'豆包'合作传闻导致中兴通讯股价创年内新高，这表明市场对该合作持积极态度，预期将带来正面影响。,正面
430,430,通信设备,看涨,中兴通讯联合合作伙伴成立开放智算产业联盟，这一举措将加速AI及大模型行业的落地，预示着该领域将迎来新的发展机遇。联盟的成立有助于资源共享、技术交流，从而推动整个行业的技术进步和市场扩展，对中兴通讯及其合作伙伴的股价有正面影响。,正面
431,431,通信设备,看涨,中兴通讯联合合作伙伴成立开放智算产业联盟，这一行动表明公司正在积极推动AI及大模型技术的行业应用，这通常被视为公司未来增长潜力的积极信号。此外，加速AI及大模型行业落地有助于提升公司在科技领域的竞争力和市场份额，从而可能带动股价上涨。,正面
432,432,通信设备,看涨,新闻中提到中兴通讯的胡俊劼强调了全光筑基和AI赋能的重要性，这表明公司正在积极布局未来技术，特别是在智慧家庭领域。这种前瞻性的技术布局和战略规划通常会对公司的长期发展产生积极影响，因此对股价走势持看涨态度。,正面
433,433,通信设备,看涨,新闻中提到中兴通讯的胡俊劼讨论了全光筑基和AI赋能，这些都是科技领域的前沿技术，特别是AI赋能，预示着公司在智慧家庭领域的创新和发展潜力。这些技术的应用和推广可能会推动公司业绩增长，因此对股价走势持看涨态度。,正面
434,434,通信设备,看涨,新闻内容提到了中兴通讯副总裁陆平关于5G革新生产方式的观点，表明5G技术在制造业中的应用将推动生产效率的提升和产业升级，这对于科技板块尤其是5G相关企业是一个积极的信号。,正面
435,435,通信设备,看涨,新闻内容提到中兴通讯副总裁陆平表示5G革新了生产方式，这表明5G技术在制造业中的应用正在推动生产方式的变革，预示着5G相关技术和应用的发展前景广阔，对科技板块尤其是5G相关企业是利好消息。,正面
436,436,建筑工程,看涨,中国北方国际油气中心主体已完工，预计2025年上半年交付。这一消息表明中国在能源基础设施方面的投资和建设正在加速，预示着未来能源供应能力的增强，对能源板块是利好消息。,正面
437,437,IT设备,看涨,金科股份引入中国长城资产作为重整投资人，且与长城资本合计投资约3.97亿元，这表明公司获得了重要的资金支持，有助于改善公司的财务状况和增强市场信心。此外，长城资产的参与可能带来更多的资源和管理经验，有利于公司的长期发展。,正面
438,438,IT设备,看涨,金科股份新增产业投资人中国长城资产携约3.97亿元入局，这一动作显示了市场对金科股份的信心增强，同时也为公司带来了新的资金支持，有助于公司未来的发展和扩张。,正面
439,439,IT设备,看涨,金科股份新增中国长城资产为重整投资人，这一消息表明公司正在积极寻求资金支持和业务重整，有助于改善公司的财务状况和增强市场信心。中国长城资产的参与可能会带来更多的资源和策略支持，对金科股份的未来发展是一个积极的信号。,正面
440,440,IT设备,看涨,新闻内容涉及美国参议员珀杜删除在中国长城拍摄的照片，这一行为可能反映了中美关系中的某些紧张或敏感点。然而，新闻并未提供足够的信息来判断这一事件对中美关系的具体影响，因此无法明确判断是看涨还是看跌。,中性
441,441,IT设备,看涨,新闻中提到中国长城科技集团股份有限公司使用部分闲置募集资金进行现金管理以及募集资金余额以协定存款方式存放，这表明公司有良好的资金管理策略，能够有效利用闲置资金，提高资金使用效率，对公司的财务状况有正面影响，因此看涨。,正面
442,442,IT设备,看涨,金科股份新增中国长城资产为重整投资人，这表明公司正在积极寻求资金支持和业务重整，有助于改善公司的财务状况和业务前景。中国长城资产的加入可能会带来更多的资源和机会，增强市场对金科股份未来发展的信心。,正面
443,443,IT设备,看涨,金科股份作为房地产企业，新增产业投资人中国长城资产携约3.97亿元入局，这一动作显示了外部资本对金科股份未来发展潜力的认可，预计将增强公司的资金实力和市场竞争力，对股价有正面影响。,正面
444,444,IT设备,看涨,新闻中提到央企中国长城资产携3.97亿强势入局A股房企金科，这表明有强大的资本支持，通常会对公司的股价产生积极影响，因此预计该板块将看涨。,正面
445,445,IT设备,看涨,金科股份作为一家房地产公司，中国长城资产和长城资本合计投资约3.97亿元成为其重整投资人，这一行为表明了对金科股份未来发展前景的看好，预计将增强公司的资金实力和市场信心，从而对股价产生正面影响。,正面
446,446,IT设备,看涨,新闻中提到金科重整利好不断，并且央企中国长城资产携资入场，这表明有强大的资金支持和政策利好，对金科的发展是一个积极的信号，因此预计该板块将看涨。,正面
447,447,IT设备,看涨,金科股份作为房地产企业，通过引入中国长城资产作为产业投资人，增加了约3.97亿元的资金支持。这种资金注入通常被视为对公司未来发展的积极信号，有助于改善公司的财务状况，增强市场信心，从而可能推动股价上涨。,正面
448,448,IT设备,看涨,新闻中提到金科重整新增产业投资人中国长城资产，这表明金科得到了强有力的资金支持，有助于其业务重整和发展，对金科及其相关板块（如房地产）是一个积极的信号。,正面
449,449,全国地产,中性,新闻内容主要涉及公司高层人事变动，即华侨城A副总裁袁静平因退休辞去职务。此类人事变动通常不会直接影响公司的基本面和股价走势，因此对板块走势的影响为中性。,中性
450,450,港口,看涨,新闻标题提到盐田港撑起广东超三分之一的外贸量，显示出该港口在区域经济中的重要地位和作用。这表明盐田港的业务量和影响力在增长，对相关板块（如交通运输）有正面影响。,正面
451,451,港口,看涨,新闻标题提到盐田港撑起广东超三分之一的外贸量，显示出该港口在区域经济中的重要地位和作用。这表明盐田港的运营效率和容量对广东乃至整个大湾区的对外贸易有着重要影响。随着大湾区经济的持续发展和对外贸易的增加，盐田港的业务量和重要性预计将进一步增强，从而带动相关板块的看涨。,正面
452,452,港口,看涨,新闻中提到盐田港LNG加注业务喜迎2025年'开门红'，表明该业务在新的一年取得了良好的开端，预示着该板块的增长潜力。同时，深圳综合改革经验的全国推广，可能会为盐田港带来更多的政策支持和业务机会，进一步推动其发展。,正面
453,453,机场,看涨,深圳机场计划开通与深圳产业关联度较高的国际客运航线，这将增加机场的客流量和收入，对机场的长期发展是积极的。此外，加强与产业关联城市的联系，有助于促进区域经济发展，提高深圳机场的竞争力。,正面
454,454,机场,看涨,深圳机场年旅客吞吐量突破6000万人次，显示出机场业务的强劲增长和旅客需求的增加，这通常预示着交通运输板块，特别是航空相关企业的业绩和股价有上涨的潜力。,正面
455,455,机场,看涨,新闻中提到深圳机场口岸去年出入境550万人次，显示出该机场的高流量和繁忙程度，这通常意味着机场运营效率高，能够吸引更多的旅客和航班，从而可能带来更高的收入和利润。此外，高流量也可能反映出该地区经济的活跃程度，对交通运输板块是一个积极的信号。,正面
456,456,机场,看涨,深圳机场口岸去年出入境人次创近五年新高，表明交通运输板块，特别是航空运输相关企业的业务量和收入有望增长。这一增长趋势可能会吸引更多投资者关注，从而推动股价上涨。,正面
457,457,机场,看涨,深圳机场口岸去年出入境人次同比增长100.3%，显示出该机场的客流量大幅增加，这通常意味着航空运输及相关服务需求的增长，对交通运输板块是一个积极的信号。,正面
458,458,机场,看涨,新闻中提到2024年经深圳机场口岸出入境人员超550万人次，创近五年来新高，这表明深圳机场的客流量大幅增加，反映出交通运输行业的活跃度提升，对相关企业的业绩有正面影响。,正面
459,459,机场,看涨,新闻中提到香港2024年楼宇成交量增长17.1%，显示出房地产市场的活跃度增加，通常成交量增长是市场看涨的信号。同时，深圳机场口岸去年出入境人数翻倍，表明交通和旅游业的复苏，对相关板块也是正面影响。,正面
460,460,机场,看涨,新闻中提到空客'大白鲸'首次抵达深圳，并且多方保障顺畅通关，这表明深圳机场的运营能力和国际航空物流能力得到提升，有利于航空板块的发展。,正面
461,461,机场,看涨,新闻中提到深圳机场口岸通关总量突破500万人次，再创新高，这表明深圳机场的客流量大幅增加，反映出交通运输行业的活跃度提升，对相关企业的业绩有正面影响。,正面
462,462,机场,看涨,深圳机场口岸通关总量突破500万人次，显示出该地区交通运输活动的增加，这通常意味着经济增长和旅游业的繁荣，对相关股票和板块有正面影响。,正面
463,463,机场,看涨,新闻中提到南沙深圳机场快线将新增中途站，并计划推出月票，这表明交通服务的改进和便利性的增加，可能会吸引更多的乘客使用该服务，从而增加运营收入。,正面
464,464,机场,看涨,深圳机场年旅客吞吐量突破6000万人次，显示出深圳机场的运营能力和吸引力在增强，预示着航空运输及相关服务需求的增长，对交通运输板块是正面影响。,正面
465,465,机场,看涨,深圳机场年旅客吞吐量突破6000万人次，显示出深圳机场的运营能力和吸引力大幅提升，预示着航空运输及相关服务需求的增长，对交通运输板块是积极信号。,正面
466,466,机场,看涨,深圳机场今年旅客吞吐量破6000万，显示出航空运输需求的强劲增长，预示着航空运输板块的积极发展前景。,正面
467,467,机场,看涨,深圳机场今年旅客吞吐量破6000万，显示出航空运输需求的强劲增长，预示着航空运输板块的积极发展前景。,正面
468,468,建筑工程,看涨,新闻中提到天健集团的主体信用评级报告，通常这类报告会评估公司的财务健康状况和未来发展前景。如果报告内容积极，表明公司信用状况良好，未来增长潜力大，因此对股价有正面影响。,正面
469,469,建筑工程,看涨,天健集团公开发行可续期公司债券，表明公司有较强的融资能力和市场信心，通常这类行为会被市场解读为正面信号，有利于公司未来的发展和扩张。,正面
470,470,建筑工程,看涨,天健集团作为深圳市的一家知名房地产公司，此次面向专业投资者公开发行可续期公司债券，显示了公司对未来发展的信心和资金需求的满足。这种融资方式通常用于扩大业务或投资新项目，表明公司有扩张的计划，这对股价是一个积极的信号。,正面
471,471,建筑工程,中性,该新闻主要涉及天健集团公开发行可续期公司债券的更名公告，这属于公司财务操作的一部分，不直接反映公司业务的基本面变化。因此，对股价的直接影响有限，走势判断为中性。,中性
472,472,空运,看涨,新闻标题中提到'低空经济元年即将开启'，表明该板块即将迎来重要的发展机遇。同时，提到的公司如万丰奥威、卧龙电驱和中信海直被看好，有望达到历史新高，这进一步强化了该板块的看涨预期。,正面
473,473,元器件,看涨,新闻中提到面板价格趋稳，且京东方、TCL科技发力创新业务，这表明相关公司正在通过创新来增强竞争力，有利于股价上涨。,正面
474,474,元器件,看涨,该新闻主要涉及TCL科技的票面利率调整和投资者回售实施办法的提示性公告，这属于公司财务操作的一部分，不直接反映公司业务的基本面变化。因此，对股价的直接影响有限，市场反应可能较为中性。,中性
475,475,元器件,看涨,新闻标题提到的是TCL科技，这是一家知名的科技公司，通常科技板块的股票受到市场关注度高，且TCL科技作为行业内的领先企业，其股票走势往往受到正面影响。,正面
476,476,化学制药,看涨,丰原药业完成回购注销部分限制性股票，这一行为通常表明公司对自身未来发展持有信心，认为当前股价被低估，因此通过回购股票来支撑股价。此外，回购股票还能减少市场上的流通股数，从而可能提高每股收益，对股价有正面影响。,正面
477,477,新型电力,看涨,控股股东四川能投获得4亿元增持专项贷款，这表明控股股东对公司未来发展持乐观态度，增持行为通常被视为对公司前景的正面信号，可能会吸引更多投资者的关注和投资，从而推动股价上涨。,正面
478,478,新型电力,看涨,新闻中提到川能动力两连板、川投能源盘中涨逾9%，显示出市场对四川国资大整合和控股股东拟战略重组的积极反应，预期这将带来正面影响。,正面
479,479,新型电力,看涨,控股股东在最近三个交易日有增持行为，这通常被视为对公司未来发展前景的信心，可能会吸引更多投资者关注和投资，从而推动股价上涨。,正面
480,480,工程机械,看涨,中联重科在沙特举办大客户交流会，由詹纯新携高管团队参与，显示出公司对海外市场的重视和深化布局的决心。这种积极的海外扩展策略通常被视为公司增长潜力的积极信号，可能会吸引更多国际客户，从而推动公司业绩增长。,正面
481,481,工程机械,看涨,中联重科获得发明专利授权，显示出公司在技术创新和研发方面的实力，这有助于提升公司的市场竞争力和品牌价值。此外，新技术的应用可能会提高产品的性能和效率，从而吸引更多的客户，增加公司的收入。因此，这对公司股价是一个积极信号。,正面
482,482,工程机械,看涨,中联重科智能装备制造产业园的开园标志着公司在智能装备制造领域的进一步扩展和升级，这通常意味着公司在该领域的竞争力和市场份额将得到增强。此外，智能装备制造是当前工业发展的趋势，符合国家对于制造业升级的政策导向，因此对公司的长期发展前景持乐观态度。,正面
483,483,工程机械,看涨,中联重科智能装备制造产业园的开园标志着公司在智能装备制造领域的进一步扩展和深化，这通常意味着公司在该领域的投资增加，技术创新能力提升，以及市场竞争力增强。这些因素通常会对公司的股价产生正面影响，因此看涨。,正面
484,484,工程机械,看涨,中联重科智慧产业城光伏工程全容量并网发电，标志着公司在新能源领域的重要进展，显示出公司对绿色能源的投入和未来发展的信心。这不仅有助于提升公司的市场竞争力，也符合全球对可持续发展的追求，预计将吸引更多投资者的关注。,正面
485,485,工程机械,看涨,新闻中提到中联重科搅拌站助力厦门跨岛发展'新动脉'，这表明中联重科在工程机械领域有新的项目进展，有助于提升公司业绩和市场地位，因此对该板块的走势持看涨态度。,正面
486,486,工程机械,看涨,新闻中提到中联重科智慧产业城光伏工程全容量并网发电，这表明公司在新能源领域取得了重要进展，有助于提升公司的市场竞争力和盈利能力。光伏工程的成功并网发电，不仅展示了公司在新能源技术方面的实力，也预示着公司未来在新能源领域的发展潜力。,正面
487,487,工程机械,看涨,中联重科获得产品质量创新金奖银奖，这表明公司在产品质量和技术创新方面得到了行业的认可，有助于提升公司品牌形象和市场竞争力，从而可能吸引更多投资者和客户，推动股价上涨。,正面
488,488,工程机械,看涨,新闻中提到中联重科鼎力支持秘鲁钱凯港开港，这表明中联重科在国际市场上的影响力和竞争力增强，有助于提升公司的品牌形象和市场地位，从而可能带动股价上涨。,正面
489,489,工程机械,看涨,中联重科董事长、CEO詹纯新出席沙特市场大客户交流及技术发布活动，这表明公司正在积极拓展国际市场，特别是沙特这样的重要市场。这种高层参与的国际交流活动通常预示着公司对该市场的重视以及未来可能的业务增长，因此对公司的股价和板块走势有正面影响。,正面
490,490,工程机械,看涨,中联重科起重机在一天内成功完成田湾核电和漳州核电的关键模块吊装任务，显示了公司在核电工程领域的强大实力和高效执行力。这一成就不仅增强了市场对中联重科技术能力和项目执行力的信心，还可能吸引更多类似的高价值项目，从而推动公司业绩和股价的进一步增长。,正面
491,491,工程机械,看涨,中联重科在人工智能赋能新型工业化方面取得的成果获得工信部肯定，这表明公司在技术创新和产业升级方面处于行业领先地位，有助于提升公司品牌影响力和市场竞争力，从而对股价产生正面影响。,正面
492,492,工程机械,看跌,新闻中提到路畅科技存在*ST风险，实控人套现14亿离场，重组失败，这些信息表明公司面临严重的财务和经营问题，市场对其未来发展持悲观态度。,负面
493,493,工程机械,看涨,中联重科智慧产业城光伏工程全容量并网发电，标志着公司在新能源领域的重要进展，显示了公司对绿色能源的投入和未来发展的潜力，预计将吸引更多投资者关注，推动股价上涨。,正面
494,494,工程机械,看涨,中联重科作为工程机械行业的典型标杆，其人工智能赋能新型工业化的成果获得工信部的肯定，这表明公司在技术创新和产业升级方面取得了显著成效，有助于提升公司的市场竞争力和品牌影响力，从而对股价产生积极影响。,正面
495,495,工程机械,看涨,中联重科作为工程机械行业的典型标杆，其人工智能赋能新型工业化的成果获得工信部的肯定，这表明公司在技术创新和产业升级方面处于行业领先地位，有助于提升公司的市场竞争力和品牌影响力，从而对公司的股价产生积极影响。,正面
496,496,工程机械,看涨,新闻标题提到中联重科在美洲的技术深耕，这表明公司正在积极拓展国际市场，并致力于技术创新。这种积极的国际市场扩展和技术创新通常会对公司的股价产生正面影响，因此预计该板块的走势为看涨。,正面
497,497,工程机械,看涨,中联重科的新能源搅拌车批量交付广东，显示出公司在新能源领域的实力和市场接受度，这通常预示着公司在该领域的增长潜力和市场扩展能力。此外，新能源车辆的需求增长也反映了市场对环保和可持续发展的重视，这对相关企业是积极的信号。,正面
498,498,工程机械,看涨,土方机械有限公司入选国家级绿色工厂，显示出公司在环保和可持续发展方面的努力和成就，这通常会被市场视为积极信号，可能提升公司品牌形象和市场竞争力，从而对股价产生正面影响。,正面
499,499,工程机械,看涨,中联重科获得'国字号'荣誉，表明其在绿色制造方面的成就得到了国家层面的认可，这有助于提升企业品牌形象和市场竞争力，可能吸引更多投资者和客户的关注，从而对股价产生正面影响。,正面
500,500,软件服务,看跌,新闻中提到常山北明及相关责任人收到河北证监局的行政监管措施决定，这通常意味着公司或其管理层存在违规行为，可能会对公司的声誉和股价产生负面影响。,负面
501,501,软件服务,看跌,子公司股东一致行动关系到期终止可能导致公司治理结构发生变化，影响公司决策效率和稳定性，进而可能对公司业绩产生负面影响。,负面
502,502,证券,看涨,新闻标题提到资本市场走稳有三大关键因素，这表明有积极的因素支持资本市场的稳定和发展，通常这样的新闻会增强投资者信心，推动市场上涨。,正面
503,503,证券,看跌,新闻中提到天山电子股东拟减持，这通常意味着股东对公司未来前景不看好，或者需要资金，这可能会导致股价下跌。此外，提到2022年上市申万宏源保荐，这可能暗示公司上市后的表现未达预期，进一步影响投资者信心。,负面
504,504,证券,看跌,新闻中提到天山电子股东拟减持，这通常意味着股东对公司未来前景不看好，或者需要资金，这可能会导致股价下跌。此外，2022年上市并由申万宏源保荐，可能表明公司处于成长期，但股东减持可能会影响市场信心。,负面
505,505,证券,看跌,新闻中提到申万宏源、中信证券、招商证券等券商密集收罚单，这表明监管机构正在加强对金融行业的监管力度。严监管通常会导致行业内的公司面临更高的合规成本和潜在的罚款，这可能会对它们的财务状况和股价产生负面影响。因此，从这条新闻来看，金融板块的走势可能会受到负面影响。,负面
506,506,证券,看涨,新闻中提到的是浙江钱江摩托股份有限公司2025年度日常关联交易的预计，由申万宏源证券承销保荐有限责任公司进行核查。这表明公司正在进行内部调整和规划，以促进未来的业务发展。关联交易的预计和核查通常被视为公司积极管理和规划未来业务的一部分，这可能会增强投资者对公司未来表现的信心，从而对股价产生正面影响。,正面
507,507,证券,看跌,申万宏源证券因承销保荐业务收到警示函，这表明公司在承销保荐业务方面存在问题，可能会影响公司的声誉和业务发展，从而对股价产生负面影响。,负面
508,508,证券,看涨,新闻标题提到'核心资产或迎困境反转'，暗示在2025年可能会有积极的转变，这通常意味着市场对该板块的预期改善，从而可能推动股价上涨。,正面
509,509,证券,看涨,新闻标题提到'提振资本市场中长期信心'，这表明有积极的市场预期和信心增强，通常这种正面的预期会推动资本市场上涨。,正面
510,510,证券,看涨,新闻中提到'春季行情只是有机会的震荡市'，暗示市场存在波动但有机会，特别是'高股息有脉冲式机会'，表明高股息股票可能会有短期内的上涨机会。,正面
511,511,证券,看涨,新闻标题提到'春季行情只是有机会的震荡市'，暗示市场存在波动中的机会，而'高股息有脉冲式机会'则表明高股息股票可能会有短期内的上涨机会。整体来看，虽然市场可能处于震荡状态，但高股息股票的表现可能较为积极，因此对金融板块持看涨态度。,正面
512,512,证券,看涨,新闻中提到申万宏源的周海晨正在加速'三体'研究体系转型以应对行业变革，这表明公司正在积极适应市场变化，寻求创新和转型，这通常被视为积极的信号，可能带来公司业绩的提升。,正面
513,513,证券,看涨,多家知名证券机构如财信证券、申万宏源证券等对欧科亿进行调研，显示出市场对该公司的关注度较高，通常这种情况会提升投资者信心，对股价有正面影响。,正面
514,514,证券,看涨,广东弘景光电科技股份有限公司IPO注册生效，表明公司已经通过了监管机构的审核，即将进入资本市场。这通常被视为公司发展的重要里程碑，能够为公司带来资金支持，增强市场竞争力。保荐机构为申万宏源承销保荐，申万宏源作为知名的保荐机构，其参与通常会增加市场对该新股的信心。因此，预计该新闻会对公司股价产生正面影响，走势看涨。,正面
515,515,证券,看跌,新闻标题提到申万宏源投行业务一年内收到6张罚单，这表明该公司在投行业务方面存在较多问题，可能会影响其业务发展和市场声誉，从而导致股价下跌。,负面
516,516,证券,看涨,天禄科技进行路演，吸引了申万宏源证券、华宝基金等多家机构参与，这表明市场对该公司的关注度较高，机构投资者的参与通常被视为对公司未来发展前景的积极信号。,正面
517,517,证券,看涨,申万宏源作为知名的金融机构，其对市场的判断具有较高的参考价值。新闻中提到'短期节奏判断不变'和'12月市场仍能维持活跃'，这表明机构对当前市场的短期走势持乐观态度，认为市场活跃度能够持续，从而对金融板块产生正面影响。,正面
518,518,证券,看涨,新闻标题提到'2025年海外宏观经济展望'，表明该新闻内容涉及对未来宏观经济形势的预测和分析。通常，这类展望报告会基于当前的经济数据、政策导向、市场趋势等因素，对未来的经济走势进行预测。由于标题中使用了'战'为'纲'的表述，这可能意味着报告强调了在挑战中寻找机遇，对未来的经济形势持乐观态度。,正面
519,519,证券,看涨,新闻中提到常熟银行接受了包括申万宏源在内的多家机构的调研，这表明市场对该银行的关注度较高，机构投资者的参与通常意味着对该银行未来发展的积极预期。,正面
520,520,证券,看跌,申万宏源因'中泰化学债券承销业务'被警示，这表明公司在债券承销业务上存在违规行为，可能会影响公司的声誉和未来的业务发展，从而对股价产生负面影响。,负面
521,521,证券,看涨,爱朋医疗接受多家知名机构调研，包括申万宏源证券和远希私募基金等，这表明市场对该公司的关注度较高，可能预示着公司未来有积极的发展或利好消息。机构调研通常是投资决策的前奏，可能会吸引更多的投资者关注和资金流入，从而推动股价上涨。,正面
522,522,证券,看跌,新闻中提到热点'避实就虚'，暗示市场可能过于关注非实质性的热点，而忽视了基本面分析。申万宏源钱启敏的观点表明后市将回归基本面，这可能意味着当前市场存在一定的泡沫，未来可能会有调整。,负面
523,523,证券,看涨,新闻标题提到'牛市起手式的两波行情'，这表明申万宏源对2025年A股市场的预测是积极的，预计将有两波上涨行情。牛市通常指的是市场整体上升的趋势，因此可以判断为看涨。,正面
524,524,证券,看跌,申万宏源承销保荐因未履行审慎核查义务收到警示函，这可能会影响其市场声誉和客户信任度，进而影响其业务发展和股价表现。,负面
525,525,证券,看涨,新闻中提到申万宏源党委书记、董事长刘健认为资本市场体制机制改革为市场走强注入新活力，这表明市场改革措施被看好，预计将推动市场表现向好。,正面
526,526,证券,看涨,新闻中提到申万宏源预测2025年经济可能呈现弱'N型'走势，同时指出A股市场将有两波行情。这表明尽管经济可能面临一些波动，但A股市场仍有上涨的机会。,正面
527,527,证券,看涨,申万宏源的最新判断指出，明年下半年可能成为大级别行情的起点，这表明市场预期将出现积极的转变，从而推动股市上涨。,正面
528,528,证券,看涨,申万宏源预测2025年经济可能呈现弱'N型'走势，意味着经济在经历一段时间的调整后，将迎来复苏和增长。这种经济走势通常对股市有利，尤其是A股市场，预计将经历两波行情，表明市场有上涨的潜力。,正面
529,529,证券,看涨,申万宏源的最新研判提到主动管理可能迎来转机，暗示市场可能从低谷中反弹，因此对A股市场持看涨态度。,正面
530,530,证券,看涨,申万宏源作为知名的金融机构，其最新研判通常基于深入的市场分析和数据支持，对明年A股市场的布局持看涨态度，表明对市场未来发展的积极预期。,正面
531,531,证券,中性,新闻内容主要涉及上工申贝（集团）股份有限公司部分募集资金投资项目的延期，由申万宏源证券承销保荐有限责任公司进行核查。此消息本身并未直接表明对公司股价的正面或负面影响，更多的是对项目进展的更新，因此判断为中性。,中性
532,532,证券,看涨,新闻标题提到申万宏源的傅静涛预测2025年核心资产可能迎来困境反转，这表明金融板块的核心资产在未来可能会有积极的转变，因此看涨。,正面
533,533,证券,看涨,申万宏源证券有限公司成功公开发行短期公司债券，显示了市场对其信用和财务状况的认可，这通常被视为公司财务健康和业务前景良好的信号，可能会吸引更多投资者关注，从而推动股价上涨。,正面
534,534,证券,看涨,新闻中提到麦迪科技将部分募投项目节余资金用于新项目，这表明公司有新的投资和发展计划，通常这种资金重新配置被视为公司对未来发展的积极预期，可能会带来新的增长点。,正面
535,535,证券,看涨,新闻中提到苏州麦迪斯顿医疗科技股份有限公司将部分募投项目节余资金用于新项目，这表明公司有新的投资和发展计划，通常这是公司对未来发展前景看好的信号，可能会带动股价上涨。,正面
536,536,证券,N型,赵伟作为申万宏源首席经济学家，首次公开发声预测2025年全年经济走势将呈现'N型'，这意味着经济将经历上升、下降再上升的过程。这种预测通常基于对当前经济政策、市场趋势、以及全球经济环境等多方面因素的综合分析。,中性
537,537,证券,看跌,新闻中提到浙江豪声电子科技股份有限公司募集资金投资项目延期，这通常意味着公司面临资金使用效率低下或项目进展不顺利的问题，可能会对公司的短期业绩和投资者信心产生负面影响。,负面
538,538,证券,看跌,新闻中提到浙江豪声电子科技股份有限公司募集资金投资项目延期，这通常意味着公司面临资金使用效率低下或项目推进困难的问题，可能会影响公司的短期业绩和市场信心。,负面
539,539,证券,看涨,新闻中提到申万宏源张剑的观点，强调证券公司需要适应新质生产力的发展，并打造现代投行综合服务模式。这表明证券行业正在积极寻求创新和转型，以适应新的市场环境和技术发展，这通常被视为行业发展的积极信号，可能带动相关股票价格上涨。,正面
540,540,证券,看涨,新闻中提到货币政策可能通过更大力度降息来缓解私人部门的负债成本，这通常会降低企业和个人的借贷成本，刺激经济活动，从而对股市尤其是金融板块产生正面影响。此外，中央财政加杠杆的预期也表明政府可能会增加支出或减税，进一步刺激经济增长，对股市是利好消息。,正面
541,541,证券,看涨,新闻标题提到'春季震荡市中高股息有机会'，这表明在春季市场波动中，高股息股票可能表现较好。同时，'主题活跃唱戏'暗示市场中的某些主题或板块将非常活跃，可能带动相关股票上涨。,正面
542,542,证券,看涨,新闻标题提到'春季震荡市中的机会'和'高股息搭台 主题活跃唱戏'，这表明在春季市场波动中，高股息股票和特定主题股票将表现活跃，从而带动整个金融板块的上涨。,正面
543,543,证券,看涨,申万宏源的傅静涛认为，尽管A股盈利拐点可能推后至2026年，但当前市场仍处于牛市的初期阶段。这表明市场有潜在的上涨空间，尽管短期内可能面临一些挑战。,正面
544,544,证券,看涨,申万宏源傅静涛的观点认为，尽管A股盈利拐点可能推后至2026年，但当前市场仍处于牛市的初期阶段，即'起手式'。这表明市场有上涨的潜力和空间，尽管短期内可能面临一些挑战。,正面
545,545,证券,看涨,新闻中提到沪市ETF总市值突破2.7万亿，显示出ETF市场的整体增长趋势。尽管中国银河和申万宏源的市场份额有所下降，但整体市值的增长表明市场活跃度和投资者参与度在提高，这通常是一个积极的信号。,正面
546,546,证券,看涨,新闻标题提到的是赛恩斯环保股份有限公司2025年度日常关联交易预计的核查意见，这表明公司正在进行内部管理和财务透明度的提升，这通常被视为积极的信号，有助于增强投资者信心。此外，环保行业在当前全球范围内受到越来越多的关注和支持，政策利好和市场需求增长预期较高，因此对赛恩斯环保股份有限公司的未来发展持乐观态度。,正面
547,547,证券,看涨,新闻中提到赛恩斯环保股份有限公司使用部分暂时闲置募集资金进行现金管理，这表明公司有良好的资金管理策略，能够有效利用闲置资金，可能带来额外的收益，对公司的财务状况有正面影响。,正面
548,548,证券,看涨,新闻中提到申万宏源的赵伟认为动能正在加速修复，预计明年中国GDP增长5%，这表明对中国经济的积极预期，通常这样的预期会带动市场情绪向好，从而对相关板块产生正面影响。,正面
549,549,证券,中性,该新闻主要涉及*ST花王公司调整资本公积转增股本除权参考价格计算公式的专项意见，由申万宏源证券承销保荐有限责任公司提出。这类公告通常涉及公司内部财务调整，对市场影响较为中性，不直接表明公司业绩的改善或恶化，因此对股价的直接影响有限。,中性
550,550,证券,看涨,老凤祥组织现场参观活动，吸引了申万宏源上海分公司、申万宏源FICC事业部等多家机构参与，这表明市场对老凤祥的关注度较高，机构投资者的参与可能会带来更多的资金流入，从而推动股价上涨。,正面
551,551,证券,看涨,新闻标题提到日本经济'内循环'以及消费和投资的双轮驱动，这表明日本经济正在通过内部消费和投资来推动增长，这种策略通常被视为经济向好的信号。,正面
552,552,证券,看跌,新闻中提到宁夏晟晏实业集团有限公司的重要子公司被列入失信被执行人及被限制高消费，这通常意味着公司面临严重的财务或法律问题，可能会影响其信用评级和融资能力，从而对股价产生负面影响。,负面
553,553,证券,看涨,新闻中提到刘煜辉'杀回'券商，这可能意味着他对券商行业持乐观态度，认为该行业有增长潜力。同时，提到的经济学家和多家知名券商（广发证券、光大证券、申万宏源研究所）可能预示着行业内部有积极的动态或合作，这些因素都可能对券商板块产生正面影响。,正面
554,554,证券,看涨,新闻中提到华丰科技新增2024年度日常关联交易预计，这表明公司业务在扩展，预期未来收入增长，因此对股价有正面影响。,正面
555,555,证券,看涨,新闻中提到申万宏源证券的赵伟强调了宏观政策将更注重与稳就业、科技创新等重点领域的配合。这表明政策支持将有利于金融行业，尤其是证券行业，因为它们将直接受益于科技创新和就业稳定带来的经济增长。此外，政策支持通常会增加市场信心，从而推动股市上涨。,正面
556,556,证券,看跌,申万宏源证券因承销ST中泰公司债券违规收到警示函，这表明该公司在业务操作上存在不规范行为，可能会影响其市场声誉和客户信任度，短期内可能对其股价产生负面影响。,负面
557,557,证券,看涨,新闻中提到的是关于广东明阳电气股份有限公司部分首次公开发行前已发行股份解除限售并上市流通的核查意见，这通常意味着公司股份的流动性增加，可能会吸引更多投资者关注，从而推动股价上涨。,正面
558,558,证券,看涨,新闻提到惠通科技由申万宏源证券承销保荐有限责任公司进行首次公开发行股票并在创业板上市的保荐，这表明公司即将进入资本市场，通常这类新闻会对公司股价产生正面影响，因为上市可以增加公司的知名度和融资能力。,正面
559,559,证券,看涨,新闻中提到惠通科技由申万宏源证券承销保荐有限责任公司进行首次公开发行股票并在创业板上市的发行保荐，这表明公司正在通过公开发行股票来扩大资本，通常这是公司成长和扩张的信号，对股价有正面影响。,正面
560,560,证券,看跌,新闻中提到中泰化学债券承销违规，申万宏源、五矿证券双双收到监管警示函，这表明相关金融机构存在违规行为，可能会影响投资者对这些机构的信任度，进而影响其股价和市场表现。,负面
561,561,化纤,看跌,东方盛虹因高速扩张导致债务高达1444亿，财务费用达到36亿，同时公司亏损14亿，拟出售22亿资产以减轻压力。这些因素表明公司面临严重的财务压力，可能会影响其未来的经营和发展，因此对该公司的股票走势持看跌态度。,负面
562,562,化纤,看涨,浩通科技向东方盛虹子公司采购金银铂废催化剂的合同总金额超过18亿元，这一大额交易表明浩通科技在化工领域的业务扩展和增长潜力，同时也反映出东方盛虹在资源回收和利用方面的领先地位。这种合作可能会增强两家公司的市场竞争力，对化工板块产生积极影响。,正面
563,563,家用电器,看涨,美的集团荣膺怡安中国最佳ESG雇主，这表明公司在环境、社会和公司治理方面表现优异，有助于提升公司品牌形象和市场竞争力，从而可能吸引更多投资者和消费者，推动股价上涨。,正面
564,564,家用电器,看涨,美的集团将业务扩展到伊拉克，显示出公司的国际化战略和扩张能力，这通常被视为公司增长潜力的积极信号。,正面
565,565,家用电器,看涨,美的集团捉紧四大战略主轴，布局全球，显示出公司有明确的战略规划和扩张意图，这通常预示着公司未来增长潜力和市场占有率的提升。,正面
566,566,家用电器,看涨,美的集团董事长方洪波对蔚来ET9的高度评价，表明了对蔚来汽车技术和产品的认可，这可能会增强市场对蔚来汽车及其相关技术的信心，从而推动股价上涨。,正面
567,567,家用电器,看涨,美的集团荣获杰出全球ESG影响力大奖，这表明公司在环境、社会和公司治理方面的表现得到了国际认可，有助于提升公司品牌形象和市场竞争力，吸引更多投资者关注，从而可能推动股价上涨。,正面
568,568,家用电器,看涨,美的集团荣获杰出全球ESG影响力大奖，这表明公司在环境、社会和治理方面的表现得到了国际认可，有助于提升公司品牌形象和市场竞争力，从而可能吸引更多的投资者和消费者，推动股价上涨。,正面
569,569,家用电器,看涨,宁德时代作为A股市场的明星企业，拟赴港二次上市，这一行为通常被视为企业寻求更多资金支持和扩大国际影响力的表现。此外，美的、顺丰等知名企业也选择赴港上市，显示出港股市场对于A股企业的吸引力。这些因素都可能对A股市场产生正面影响，吸引更多投资者关注，从而推动股价上涨。,正面
570,570,家用电器,看涨,美的集团捉紧四大战略主轴，布局全球，显示出公司积极扩张和全球化的战略意图。这种积极的战略布局通常能够提升公司的市场竞争力和品牌影响力，从而带动股价上涨。,正面
571,571,家用电器,看涨,新闻标题提到石头科技是100家机构重仓的扫地机器人龙头，这表明市场对该公司的前景持乐观态度，且机构投资者的重仓通常意味着对公司未来发展的信心。此外，将其比作美的集团，美的集团是中国家电行业的领军企业，这种比较进一步强化了石头科技在行业中的地位和增长潜力。,正面
572,572,家用电器,看跌,新闻标题提到美的集团可能提前陷入'大公司陷阱'，这通常意味着公司可能面临增长放缓、创新力下降等问题。同时，提及格力及招股书，可能暗示行业竞争加剧或市场环境变化，这些因素可能导致投资者对美的集团的未来表现持悲观态度。,负面
573,573,家用电器,看涨,新闻内容提到长江商学院走进美的集团安得智联研修数智化供应链创新发展之道，这表明美的集团在数智化供应链方面的创新和发展受到了教育机构的关注和认可。这种正面的关注通常预示着公司在该领域的发展前景良好，可能会吸引更多的投资和合作机会，从而推动股价上涨。,正面
574,574,家用电器,看涨,新闻标题提到'234只金股折射券商布局思路'，表明券商对市场有积极的布局和预期，特别是在岁末迎接跨年行情的背景下，这通常意味着市场参与者对未来的市场表现持乐观态度。此外，提到'美的集团'，虽然主要讨论的是券商布局，但美的集团作为一只股票被提及，可能也反映出市场对其所在板块的看好。,正面
575,575,家用电器,看涨,新闻标题提到美的集团在智能制造的'内功'修炼，以及智能化、自动化、核心技术等关键词，表明美的集团在智能制造领域有深入的研究和布局，这通常意味着公司在该领域具有较强的竞争力和发展潜力，因此对板块走势持看涨态度。,正面
576,576,家用电器,看涨,新闻中提到家电以旧换新成为热点，表明家电行业有政策支持和市场需求增长的可能。同时，美的集团被券商评为最青睐的'金股'，显示出市场对该公司的看好，预期其股价有上涨空间。,正面
577,577,家用电器,看涨,新闻中提到美的集团的美云智数魏晓刚强调了AI驱动企业数字化转型的重要性，并提出了'速赢'和长效并举的方案。这表明美的集团在积极推动技术创新和数字化转型，这通常被视为企业增长和竞争力提升的积极信号，因此对股价有正面影响。,正面
578,578,家用电器,看涨,新闻中提到美的集团通过AI驱动企业数字化转型，这表明公司正在积极采用先进技术来提升效率和竞争力。AI技术的应用通常被视为企业增长和创新的重要驱动力，因此对公司的长期发展前景持乐观态度。,正面
579,579,家用电器,看涨,美的集团作为家电行业的龙头企业，其投资者关系活动记录表显示了公司对未来的积极展望和战略规划，这通常意味着公司内部对业务增长和市场份额的扩大持有信心。此外，投资者关系活动的频繁进行也表明公司重视与投资者的沟通，这有助于提升市场对公司的正面看法。,正面
580,580,汽车配件,看涨,潍柴动力发布全系列电池，这一举措可能会重新定义商用车的动力内核，表明公司在新能源领域的技术进步和市场布局，有助于提升其在智能汽车领域的竞争力和市场份额。,正面
581,581,汽车配件,看涨,新闻中提到TÜV南德赋能潍柴动力，这表明潍柴动力在智能制造和质量控制方面得到了国际认可，有助于提升其市场竞争力和品牌形象。此外，'智'与'质'的筑基，意味着公司在智能化和质量方面有进一步的提升，这对公司的长期发展是积极的。,正面
582,582,汽车配件,看涨,潍柴动力发布全系列电池，表明公司在新能源商用车领域的技术进步和市场布局，这可能会增强其在新能源商用车市场的竞争力，从而推动该板块的看涨趋势。,正面
583,583,汽车配件,看涨,潍柴动力获得发明专利授权，特别是关于混合动力车辆的热管理控制方法，这表明公司在新能源汽车技术领域取得了重要进展。这种技术创新有助于提升公司产品的竞争力，可能会吸引更多的投资者关注，从而推动股价上涨。,正面
584,584,汽车配件,看涨,潍柴动力作为行业内的领先企业，首次发布动力电池产品，覆盖商用车全领域，这一举措表明公司正在积极拓展新能源领域，符合当前全球对新能源和环保技术的重视和需求增长趋势。此举可能会增强公司的市场竞争力和未来的盈利能力。,正面
585,585,汽车配件,看涨,新闻中提到TÜV南德赋能潍柴动力，这表明潍柴动力在智能制造和质量控制方面得到了国际认证机构的支持，有助于提升其产品的市场竞争力和品牌形象。此外，'智'与'质'的提升通常意味着企业将实现更高效的生产和更高质量的产品，这对企业的长期发展是有利的。,正面
586,586,汽车配件,看涨,尽管潍柴动力高层发生变动，张泉辞任多项要职，但股价微涨表明市场对此变动持乐观态度，可能认为这将为公司带来新的发展机遇。,正面
587,587,电气设备,看涨,新闻中提到许继电气作为电力设备龙头地位稳固，且后续订单支撑强劲，这表明公司业务发展良好，市场需求大，有利于公司业绩增长。,正面
588,588,水泥,看跌,新闻中提到唐山冀东水泥股份有限公司的董事长及总经理辞职，这种高层管理人员的变动通常会引起市场对公司未来发展方向和稳定性的担忧，可能导致投资者信心下降，从而对股价产生负面影响。,负面
589,589,全国地产,看涨,新闻中提到'AI金融街'上线以及北京企业融资综合信用服务平台建设加快推进，这表明金融科技领域正在得到政策支持和市场关注，预计将促进该领域的快速发展。,正面
590,590,全国地产,看涨,新闻标题提到'企业融资就去AI金融街'，这表明AI技术在金融领域的应用正在增加，特别是企业融资方面。这种趋势可能会推动金融科技板块的增长，因为AI技术的应用可以提高融资效率，降低融资成本，从而吸引更多企业使用这些服务。,正面
591,591,全国地产,看涨,新闻中提到金融街物业和招商积余等物业企业加码进入房产中介市场，显示出物业企业对房地产市场的积极态度和扩张意图。这种加码行为通常预示着企业对该市场未来发展的乐观预期，因此可以判断为看涨。,正面
592,592,全国地产,看涨,新闻内容展示了北京西城金融街街道通过引入'智慧舞场'技术解决广场舞扰民问题，体现了社会管理和科技应用的进步，对提升居民生活质量和社区和谐有积极作用，因此对相关社会管理和科技应用板块产生正面影响。,正面
593,593,全国地产,看涨,新闻中提到信也科技分享海外业务本土化经验，这表明公司正在积极拓展国际市场并寻求本土化策略，这通常被视为公司增长和扩张的积极信号。,正面
594,594,全国地产,中性,新闻标题提到金融街物业等公司布局房产经纪业务，这表明房地产行业内部有新的业务扩展和竞争，但并未明确表示市场将因此看涨或看跌。因此，走势判断为中性。,中性
595,595,全国地产,看涨,新闻标题提到'便捷通勤路'和'金融街专线'，这表明新闻内容可能涉及交通基础设施的改善或新增，通常这类新闻会提升相关区域的交通便利性，从而可能带动周边房地产、商业等板块的发展，因此对交通板块是看涨的。,正面
596,596,全国地产,看涨,新闻中提到金融街物业等公司布局房产经纪业务，显示出房地产行业内部企业对于市场扩展和业务多元化的积极态度。这种积极的业务扩展通常预示着行业内的企业对于未来市场持乐观态度，可能会带动整个板块的看涨情绪。,正面
597,597,全国地产,看涨,金融街(000402.SZ)拟回购昌金公司股权并退出昌融公司，这一行动表明公司正在优化其资产结构，通过处置非核心资产来集中资源发展核心业务。这种策略通常被市场视为积极信号，因为它可能提高公司的运营效率和盈利能力。此外，资产处置还可能带来一次性收益，对短期财务表现有正面影响。,正面
598,598,全国地产,看涨,新闻中提到金融街物业和招商积余加码，物企抢滩房产中介市场，这表明房地产相关企业正在积极扩展业务，增加市场份额，这通常被视为行业活跃度提升的信号，可能带动板块整体上涨。,正面
599,599,全国地产,看涨,北京西城首家人社服务站落户金融街，这一消息表明政府正在加强公共服务设施的建设，特别是在金融街这样的重要经济区域。这种举措可能会提高该区域的服务水平，吸引更多的企业和人才，从而对区域经济产生积极影响。,正面
600,600,全国地产,看涨,新闻标题中的'植此青绿 拥抱未来'表明该新闻与环保、绿化相关，且标题积极正面，暗示着对环保板块的正面影响。,正面
601,601,家用电器,看涨,新闻标题提到长虹华意从濒临破产到全球第一，这表明公司经历了显著的转型和增长，国企改革的成功实施是推动这一转变的关键因素。这种积极的转变通常会增强投资者信心，推动股价上涨。,正面
602,602,家用电器,看涨,新闻标题提到长虹华意从濒临破产到全球第一，显示了企业的显著复苏和成长，这通常会对相关板块产生积极影响，预示着该板块的看涨趋势。,正面
603,603,家用电器,看涨,新闻标题提到长虹华意从濒临破产到全球第一，显示了公司经历了重大转型并取得了显著的成功。这种从困境中崛起的故事通常会对公司股价产生正面影响，因为它展示了公司的韧性和增长潜力。,正面
604,604,农药化肥,看涨,藏格矿业荣膺'新能源最具成长上市公司'，表明该公司在新能源领域具有较强的成长潜力和市场认可度，这通常预示着公司未来业绩的积极增长和市场表现的提升。,正面
605,605,软件服务,看涨,新闻中提到云鼎科技与华为云合作，共同推动化工行业的优化和智能化升级。这种合作通常意味着技术进步和市场扩展，对相关企业的未来发展有积极影响。,正面
606,606,机床制造,无,该新闻内容为律师事务所关于沈阳机床股份有限公司2024年度第三次临时股东大会的法律意见书，属于公司治理和合规性公告，不直接涉及公司业绩或市场动态，因此对股价影响为中性。,中性
607,607,医药商业,中性,新闻内容主要涉及英特集团与浙药集团及其一致行动人之间的日常关联交易预计，这类新闻通常对股价的直接影响较小，更多是公司内部管理和运营的常规披露。因此，对市场情绪的影响较为中性，不易引起股价的大幅波动。,中性
608,608,医药商业,看涨,新闻内容涉及英特集团的日常关联交易预计，这表明公司运营正常，且与关联方的交易有助于公司稳定发展。财通证券股份有限公司的核查意见也增加了信息的可信度，对投资者信心有正面影响。,正面
609,609,医药商业,看涨,新闻中提到英特集团进行回购注销2021年限制性股票激励计划首次授予部分限制性股票及调整首次授予部分回购价格，这通常表明公司对未来发展有信心，认为当前股价低于公司内在价值，因此进行回购。这种行为往往被市场解读为正面信号，可能推动股价上涨。,正面
610,610,医药商业,看涨,英特集团与华润医药商业的日常关联交易预计显示出公司业务的稳定性和增长潜力，华润医药作为强大的合作伙伴，有助于英特集团在医药商业领域的进一步扩展和市场份额的增加。,正面
611,611,医药商业,看涨,英特集团发布的2021年限制性股票激励计划首次授予部分第二个解除限售期解除限售条件成就，表明公司对未来的发展持乐观态度，且激励计划的实施有助于提高员工的工作积极性和公司的整体业绩，从而可能推动股价上涨。,正面
612,612,医药商业,看跌,新闻中提到英特集团调整2021年限制性股票激励计划首次授予部分回购价格，这通常意味着公司对未来的业绩预期不乐观，可能会影响投资者信心，从而导致股价下跌。,负面
613,613,医药商业,无,新闻内容主要涉及英特集团的监事会议决议，这类公司内部管理决策通常不会直接对股价产生即时影响。因此，基于此新闻内容，难以判断其对股价的直接影响，故评为中性。,中性
614,614,医药商业,中性,该新闻主要涉及英特集团监事会对公司十届五次监事会议相关事项的核查意见，内容偏向于公司内部管理和监督，不直接反映公司业务或市场表现的积极或消极变化。因此，对股价的直接影响有限，走势判断为中性。,中性
615,615,医药商业,看涨,新闻中提到英特集团2021年限制性股票激励计划首次授予部分第二个解除限售期解除限售条件成就，这表明公司内部对未来的发展持乐观态度，且激励计划的实施有助于提升员工的工作积极性和公司的整体业绩，因此对股价有正面影响。,正面
616,616,医药商业,中性,该新闻内容为英特集团召开2025年第一次临时股东大会的通知，属于公司内部事务公告，不直接涉及公司业绩变化或市场动态，因此对股价走势影响为中性。,中性
617,617,医药商业,看跌,英特集团回购注销限制性股票激励计划中的部分股票，这通常意味着公司可能面临内部管理或财务压力，试图通过减少流通股来支撑股价。这种行为可能会被市场解读为公司对未来业绩的不确定性，从而影响投资者信心，导致股价下跌。,负面
618,618,医药商业,中性,新闻内容主要涉及英特集团的董事会议决议，未直接提及对公司业绩或市场表现的直接影响，因此难以判断其对股价的直接影响。,中性
619,619,医药商业,看涨,浙药集团的揭牌以及康恩贝与英特集团的合作，显示了浙江生物医药产业的升级和整合，这通常意味着行业内的资源将得到更有效的配置，有利于提高整个行业的竞争力和创新能力。此外，这种合作往往能够带来技术、市场和资本的协同效应，从而推动相关企业的业绩增长。,正面
620,620,医药商业,看涨,英特集团在浙江石塘的医药产业园项目奠基仪式的顺利举行，表明公司在该领域的扩展和发展计划正在稳步推进。这一事件通常被视为公司未来增长潜力的积极信号，可能会吸引投资者的关注和信心，从而推动股价上涨。,正面
621,621,多元金融,中性,该新闻内容涉及渤海租赁股份有限公司2018年发行的公司债券的付息公告，属于公司财务活动的常规公告，不直接反映市场对公司未来业绩的预期变化。因此，对板块走势的影响为中性。,中性
622,622,多元金融,看涨,渤海租赁通过其全资子公司Avolon与Avianca Group International Limited开展飞机售后回租业务，这种业务模式通常能够为公司带来稳定的现金流和收益，有助于提升公司的财务表现和市场竞争力。此外，航空租赁行业受益于全球航空业的复苏和增长，预计未来需求将持续增加。,正面
623,623,多元金融,看涨,渤海租赁的子公司Avolon计划开展10架A320NEO系列飞机的售后回租业务，这表明公司正在扩大其飞机租赁业务，增加资产规模，有助于提高公司的盈利能力和市场竞争力。A320NEO系列飞机是市场上非常受欢迎的机型，具有较高的燃油效率和较低的运营成本，这将吸引更多的航空公司客户，从而为公司带来稳定的租金收入。,正面
624,624,百货,看涨,合百集团作为零售行业的公司，其投资者关系管理信息的发布通常意味着公司正在积极与投资者沟通，这可能是公司业绩向好或有利好消息即将发布的信号。此外，中财网作为财经信息平台，其报道通常具有一定的权威性，可能对投资者信心产生正面影响。,正面
625,625,百货,看跌,董事长辞职通常会引起市场对公司未来战略和稳定性的担忧，可能导致投资者信心下降，从而影响股价。,负面
626,626,百货,看涨,合百集团在1-11月期间超市业态新增品牌240个，更新率达到12.5%，显示出公司积极扩展和更新其品牌组合，这通常意味着公司正在寻求增长和市场份额的扩大。这种积极的扩张策略可能会吸引更多的消费者，增加销售额，从而对公司的股价产生正面影响。,正面
627,627,供气供热,看涨,南京公用收购南京能网新能源科技发展有限公司49%股权，这一行为表明公司正在积极扩展其在新能源领域的业务。新能源行业目前受到政府政策的大力支持，市场需求持续增长，因此此次收购有望增强公司的市场竞争力，提升其未来的盈利能力和成长潜力。,正面
628,628,供气供热,看跌,新闻标题提到南京公用并购宇谷科技面临多重风险，且股价异动引发内幕交易疑虑，这表明市场对该并购案持谨慎态度，可能影响投资者信心，导致股价下跌。,负面
629,629,供气供热,看跌,新闻中提到'换电第一股'宇谷科技IPO折戟后借道上市，以及收购方南京公用业绩承压，这表明宇谷科技面临上市困难，且收购方业绩不佳，可能影响宇谷科技的股价和市场表现。,负面
630,630,供气供热,看涨,吉华集团虽然表示未来宇树科技对公司直接影响较小，但南京公用拟购买宇谷科技约68%股权的消息显示出科技板块内的并购活动增加，这通常被视为市场对该板块未来发展前景的乐观预期。,正面
631,631,农药化肥,看涨,新闻标题提到的343亿新疆煤矿争夺战，涉及两大企业'宜化系'和'新湖系'的竞争，表明该煤矿项目具有较高的商业价值和潜力。这种大型投资和竞争通常预示着行业内的活跃度和增长潜力，因此对能源板块的走势持看涨态度。,中性
632,632,农药化肥,看涨,湖北宜化通过收购新疆宜化近四成股权，这一资本运作显示了公司扩展业务、增强市场竞争力的决心。此次收购有助于湖北宜化进一步整合资源，优化产业链，提高整体盈利能力。因此，预计该公司的股价将受到正面影响，呈现看涨趋势。,正面
633,633,农药化肥,看涨,新闻中提到湖北宜化计划回购6年前出售的资产，且标的资产状况良好，这表明公司对未来的发展持乐观态度，可能会对公司的股价产生正面影响。,正面
634,634,农药化肥,看涨,湖北宜化通过收购新疆宜化来拓展其化工版图，这一行为表明公司正在加强其产业链的整合和基础建设，有助于提升公司的市场竞争力和盈利能力。此外，收购通常被视为公司扩张和增长的一个积极信号，可能会对公司的股价产生正面影响。,正面
635,635,农药化肥,看涨,湖北宜化通过战略收购新疆宜化，进一步升级了其化工全产业链布局，这表明公司正在积极扩展其业务范围和市场份额，增强其在化工行业的竞争力。这种战略性的扩张通常被视为公司未来增长潜力的积极信号，因此对股价走势持看涨态度。,正面
636,636,农药化肥,看跌,新闻中提到湖北宜化进行32亿资产重组，标的6年前卖出如今加价回购，这种操作可能表明公司内部存在资金流动问题或资产价值评估不准确，可能对公司的财务状况和股价产生负面影响。,负面
637,637,农药化肥,看涨,湖北宜化拟现金购买控股股东旗下公司100%股权，构成重大资产重组。这一行为通常被视为公司扩展业务、增强市场竞争力的积极信号，可能会对公司的长期发展产生正面影响，从而推动股价上涨。,正面
638,638,农药化肥,看涨,湖北宜化宣布重大资产重组，这表明公司正在进行内部结构的优化和升级，旨在提升化工产业链的效率和竞争力。资产重组通常被视为公司未来发展潜力的积极信号，可能会吸引投资者的关注和信心，从而推动股价上涨。,正面
639,639,中成药,看涨,新闻标题提到'冬游齐鲁 乐享滋补'，表明东阿阿胶与旅游活动结合，利用冬季旅游推广其滋补产品，这有助于提升品牌知名度和产品销量。同时，'全面融入2025好客山东贺年会'显示公司积极参与地方大型活动，有助于加强与地方经济的联系，提升企业形象。,正面
640,640,中成药,看涨,新闻标题提到'双轮驱动'促文化与产业共进，东阿阿胶助力中医药振兴，这表明东阿阿胶在推动中医药文化发展和产业升级方面发挥着积极作用，有助于提升中医药行业的整体形象和市场竞争力，从而对中医药板块产生正面影响。,正面
641,641,中成药,看涨,新闻内容涉及老字号品牌东阿阿胶与山东航空的合作，展示了创新的营销策略，这种合作通常能够提升品牌影响力和市场份额，因此对相关板块的走势持看涨态度。,正面
642,642,中成药,看涨,新闻内容提到了东阿阿胶与山东航空的合作，展示了老字号品牌通过现象级营销玩法进行品牌推广和市场营销。这种合作通常能够提升品牌知名度和市场份额，因此对相关企业的市场表现持乐观态度。,正面
643,643,中成药,看涨,新闻中提到东阿阿胶与广州酒家品牌破圈联谊探索新路径，这表明两家公司正在寻求创新和合作，以应对行业挑战并抓住机遇。这种积极的合作态度和创新尝试通常被视为公司未来增长的积极信号，因此对股价走势持看涨态度。,正面
644,644,中成药,看涨,控股股东之一致行动人累计增持1%股份，显示出大股东对公司未来发展前景的信心，通常这种增持行为会被市场解读为正面信号，可能吸引更多投资者关注和买入，从而推动股价上涨。,正面
645,645,中成药,看涨,华润医药累计增持东阿阿胶股份达1%，显示出华润医药对东阿阿胶未来发展前景的信心。这种大股东的增持行为通常被市场解读为对公司未来业绩的正面预期，因此可能对东阿阿胶的股价产生积极影响。,正面
646,646,工程机械,看涨,徐工机械主导电动工程机械新国标发布，表明公司在新能源工程机械领域的技术领先地位和市场影响力。新能源装载机市占率行业第一，进一步证明了公司在新能源领域的竞争力和市场接受度。这些因素都可能对公司的股价产生正面影响，因此走势看涨。,正面
647,647,工程机械,看涨,新闻标题提到徐工机械的'一号产业'持续高质量发展，并且助力'徐州制造'加速走向世界，这表明公司在其核心业务领域表现强劲，有望进一步扩大其国际市场份额，从而对股价产生正面影响。,正面
648,648,工程机械,看涨,徐工机械主导电动工程机械新国标的发布，显示了公司在新能源工程机械领域的技术领先地位和市场影响力。新能源装载机市占率行业第一，进一步证明了公司在新能源领域的竞争力和市场接受度。这些因素都可能推动公司股价上涨。,正面
649,649,工程机械,看涨,徐工机械获得ESG金牛奖，表明其在环境、社会和公司治理方面的表现得到了认可，这通常会增加投资者对公司的信心，从而可能推动股价上涨。,正面
650,650,工程机械,看涨,徐工机械发布全球投资者回报计划，显示出公司对股东回报的重视，通过多措并举增强股东获得感，这通常会被市场解读为积极信号，有助于提升投资者信心，从而可能推动股价上涨。,正面
651,651,铅锌,中性,该新闻标题提到的是兴业银锡发布的通知债权人公告，这类公告通常是公司财务或法律事务的常规更新，不直接反映公司业绩或市场趋势的变化。因此，对股价的直接影响有限，走势判断为中性。,中性
652,652,铅锌,看涨,兴业银锡拟以23.88亿元收购宇邦矿业85%股权，这一重大投资行为表明兴业银锡对矿业板块的看好，预计将增强其在矿业领域的竞争力和市场份额，从而对兴业银锡的股价产生积极影响。,正面
653,653,铅锌,看涨,兴业银锡收购赤峰宇邦矿业有限公司85%股权，这一行为表明公司正在扩大其在矿业领域的业务规模和市场份额。这种扩张通常被视为公司对未来矿业市场前景的乐观预期，因此可能对公司的股价产生正面影响。,正面
654,654,铅锌,看涨,兴业银锡及其子公司为银漫矿业提供融资租赁业务担保，显示出公司对银漫矿业的支持力度，增强了市场对银漫矿业未来发展的信心。这种担保行为通常被视为对被担保方未来表现的积极预期，因此可能对兴业银锡及其相关板块产生正面影响。,正面
655,655,铅锌,中性,该新闻内容为兴业银锡召开2025年第一次临时股东大会的通知，属于公司内部事务公告，不直接反映公司业绩或市场趋势，因此对股价走势影响为中性。,中性
656,656,铅锌,中性,新闻内容主要涉及兴业银锡的监事会会议决议，这类新闻通常不会直接对股价产生重大影响，因此走势判断为中性。,中性
657,657,铅锌,看涨,兴业银锡拟以23.88亿元收购宇邦矿业85%股权，这一举措将显著增加兴业银锡的白银保有储量，使其占国内总储量的34.56%。这种规模的收购通常意味着公司对未来的市场前景持乐观态度，预期能够通过扩大资源储备来增强市场竞争力和盈利能力。因此，这一新闻对兴业银锡及其相关板块的股价走势具有正面影响。,正面
658,658,铅锌,看涨,新闻标题提到兴业银锡拿下了亚洲第一大银矿，这表明公司资源禀赋的持续释放和成长性。这种资源的获取通常意味着公司未来生产能力的增强和市场份额的扩大，从而可能带来股价的上涨。,正面
659,659,旅游景点,看涨,新闻标题提到张家界，这是一个著名的旅游景点，且标题中的'峰林深处起和声'暗示了积极的发展或活动，可能吸引更多游客，从而对旅游板块产生正面影响。,正面
660,660,旅游景点,看涨,新闻内容展示了张家界雪后初晴的美景，包括雾凇和金色天际线等自然景观，这些美景的展示有助于吸引更多游客前往张家界旅游，从而促进当地旅游业的发展。,正面
661,661,旅游景点,看涨,新闻内容展示了张家界雪后初晴的美景，包括雾凇和金色天际线等自然景观，这些美景的展示有助于吸引游客前往旅游，从而对旅游板块产生正面影响。,正面
662,662,旅游景点,看涨,新闻标题中提到'国际张'用实力证明国际范，暗示张家界作为旅游目的地的国际影响力和吸引力正在增强，这通常会带动相关旅游板块的股票上涨。,正面
663,663,旅游景点,看涨,新闻内容涉及军地合作，展现了积极的军民融合趋势，对相关板块有正面推动作用。,正面
664,664,旅游景点,看涨,新闻内容涉及张家界推动廉洁文化，这表明当地政府对于文化建设的重视，尤其是廉洁文化的推广，有助于提升地区形象和文化软实力，对文化板块是正面影响。,正面
665,665,旅游景点,看涨,新闻标题提到张家界武陵源智慧之路，向'新'向'智'，这表明该地区正在通过智慧旅游等新技术手段提升旅游体验和服务质量，有助于吸引更多游客，推动旅游板块的增长。,正面
666,666,旅游景点,看涨,新闻标题提到'240小时游湖南，不止长沙和张家界'，这表明湖南旅游资源的丰富性和多样性，可能吸引更多游客前往湖南旅游，从而推动旅游板块的增长。,正面
667,667,旅游景点,看涨,新闻标题提到2024年张家界市外贸工作亮点纷呈，表明该市的外贸工作取得了显著成绩，预计将对外贸板块产生积极影响。,正面
668,668,旅游景点,看涨,新闻中提到张家界移动总经理鲍民利上任半年，从岳阳移动副总升任，这表明公司内部有积极的人事变动和晋升，通常这类变动会被市场解读为公司内部管理优化和业务发展的积极信号，从而对股价产生正面影响。,正面
669,669,旅游景点,看涨,贵阳文旅赴张家界开展入境文旅推介，深化韩国客源合作，这表明贵阳正在积极拓展国际旅游市场，特别是针对韩国市场。这种国际合作有助于吸引更多的韩国游客到贵阳旅游，从而增加旅游收入，对旅游板块是利好消息。,正面
670,670,旅游景点,看涨,新闻中提到张家界市通过'三航'模式构筑零工平台新高地，这表明当地政府正在积极推动灵活就业和零工经济的发展。这种政策的实施通常能够促进就业市场的活跃度，提高人力资源配置的效率，从而对人力资源板块产生正面影响。,正面
671,671,旅游景点,看涨,新闻标题提到张家界，这是一个著名的旅游景点，且标题中的'空中有田园'可能暗示着新的旅游体验或景点的开发，这通常会吸引更多游客，对旅游板块是正面影响。,正面
672,672,旅游景点,看跌,新闻中提到张家界子公司拖欠千万元工程款，这表明公司可能存在财务问题，影响投资者信心，进而可能对股价产生负面影响。,负面
673,673,旅游景点,看涨,新闻内容涉及政府官员对安全生产和乡村振兴工作的调研督导，显示出政府对这两个领域的重视和投入，预计将带动相关政策和资金的支持，从而对公共管理与社会组织板块产生积极影响。,正面
674,674,旅游景点,看涨,新闻标题中提到的'张家界宝峰湖：冬日暖阳映仙境'，描绘了张家界宝峰湖在冬日暖阳下的美丽景色，这样的描述能够吸引游客的兴趣，增加旅游目的地的吸引力，从而可能带动旅游板块的增长。,正面
675,675,旅游景点,看涨,新闻内容描述了张家界天子山的美丽景色，吸引了游客，这有助于提升张家界的旅游吸引力，从而可能增加游客数量和旅游收入。,正面
676,676,旅游景点,看涨,新闻中提到国内冰雪旅游'热开花'，北京成为冰雪游最热客源地，这表明冰雪旅游市场正在快速增长，且北京作为客源地的重要性增加，预示着旅游板块特别是冰雪旅游相关企业的业绩有望增长。,正面
677,677,旅游景点,看涨,,正面
678,678,旅游景点,中性,该新闻内容涉及游客与猴子的冲突，属于社会新闻范畴。由于事件本身不涉及经济、政治等敏感领域，且内容较为中性，不带有明显的正面或负面倾向，因此判断其走势为中性。,中性
679,679,旅游景点,中性,该新闻主要报道了张家界市开展2024年'宪法宣传周'集中宣传活动，属于法律与政策板块。由于新闻内容主要是宣传活动，不涉及具体的经济指标或市场动态，因此对市场走势影响为中性。,正面
680,680,旅游景点,看涨,新闻标题提到'冬游张家界'，表明张家界冬季旅游的独特魅力，可能吸引更多游客前往，从而带动当地旅游业及相关产业的发展。,正面
681,681,旅游景点,看涨,新闻提到新加坡大型旅行团畅游张家界国家森林公园，这表明张家界作为旅游目的地的吸引力增强，可能会吸引更多国际游客，从而促进当地旅游业的发展。,正面
682,682,旅游景点,看涨,新闻标题和内容强调了张家界的积极进展和努力，这通常意味着该地区旅游业可能会有进一步的发展和增长。积极的宣传和推广活动有助于吸引更多游客，从而推动当地旅游业的繁荣。,正面
683,683,旅游景点,看跌,新闻中提到张家界公司涉及诉讼及分公司部分银行账户被冻结，这通常会对公司的运营和财务状况产生负面影响，进而影响投资者对该公司的信心，可能导致股价下跌。,负面
684,684,旅游景点,看涨,新闻中提到张家界天门山再次迎来降雪，冬日的浪漫景色吸引了游客拍照留念。这表明张家界作为旅游目的地的吸引力在冬季依然强劲，可能会吸引更多游客前往，从而对旅游板块产生正面影响。,正面
685,685,旅游景点,看涨,新闻中提到张家界领跑入境游，湖南2024前三季度接待入境游客218.5万人次，显示出旅游业的强劲复苏和增长潜力，特别是入境游的增长，预示着旅游板块的积极发展。,正面
686,686,旅游景点,看涨,长沙机场和张家界机场口岸实施十天过境免签政策，这将极大地方便国际旅客的过境和旅游，预计将吸引更多的国际游客前往湖南旅游，从而促进当地旅游业的发展。,正面
687,687,旅游景点,看涨,长沙机场和张家界机场口岸实施十天过境免签政策，这将极大地便利国际旅客，吸引更多的国际游客来湖南旅游，从而促进当地旅游业的发展，对旅游板块是利好消息。,正面
688,688,旅游景点,看跌,新闻标题提到张家界因古城投资失利走到重整边缘，这表明公司面临严重的财务问题，可能会影响其股票表现和投资者信心。,负面
689,689,旅游景点,看涨,新闻内容涉及韩国博主对中国朝鲜餐厅的兴趣，显示出文化交流和旅游业的潜在增长点，特别是对于特定文化体验的需求增加。,正面
690,690,旅游景点,看涨,新闻标题中提到的'奋楫扬帆 推动首善之区发展航船行稳致远'表明永定区正在积极推动区域发展，且目标是使其成为'首善之区'，这通常意味着政府或相关部门将投入更多资源和政策支持，从而带动该区域的经济发展和社会进步。因此，从新闻内容来看，该区域的发展前景看好，走势预期为看涨。,正面
691,691,旅游景点,看涨,《政府工作报告》通常包含政府未来的工作计划和政策方向，对于相关地区如慈利的发展具有积极影响，预示着政策支持和投资增加的可能性。,正面
692,692,旅游景点,看涨,新闻内容提到张家界航院2024年访企拓岗促就业专项行动圆满收官，这表明学校与企业之间的合作加强，有助于提高学生的就业率，对教育和就业板块是正面消息。,正面
693,693,旅游景点,看涨,新闻提到长沙机场和张家界机场口岸将实施10天过境免签政策，这将吸引更多外国旅客，从而促进当地旅游业的发展。,正面
694,694,旅游景点,看涨,新闻中提到'长张空中快线'将恢复，这将使得国内外游客前往张家界旅游更加便捷。交通的便利性通常会促进旅游业的增长，因此对旅游板块是利好消息。,正面
695,695,旅游景点,看涨,新闻内容展示了张家界风光与青花瓷艺术的结合，这种创新性的艺术表现形式可能会吸引更多的关注和投资，推动文化艺术板块的发展。,正面
696,696,旅游景点,看涨,该新闻讲述了一个人通过不懈努力，克服重重困难，最终成功攀登张家界天门山999阶天梯的故事。这种积极向上的故事能够激励人们追求目标，不畏艰难，具有很高的正面影响力，因此对体育板块的走势有积极的推动作用。,正面
697,697,旅游景点,看涨,新闻中提到张家界航空工业职业技术学院师生在人工智能大赛中获得国赛一等奖，这表明该校在人工智能领域的教育和研究水平得到了认可，可能会吸引更多的学生和资源，对该校及人工智能教育板块产生正面影响。,正面
698,698,旅游景点,看跌,新闻标题提到张家界因古城投资失利走到重整边缘，这表明该公司面临严重的财务困境，可能影响其股价和市场信心。,负面
699,699,旅游景点,看涨,新闻标题强调了张家界的真诚和国际范，这表明张家界作为旅游目的地的品牌形象和吸引力正在增强。正面报道通常会增加公众对旅游目的地的兴趣和好感，从而可能带来更多的游客和收入。,正面
700,700,旅游景点,看涨,新闻中提到张家界在免签新政下入境游热度大涨，表明政策利好对旅游板块有积极影响，预计将吸引更多游客，从而带动相关企业的业绩增长。,正面
701,701,旅游景点,看涨,新闻内容涉及张家界的砂石画，展示了地方文化和艺术特色，有助于提升地方文化的知名度和吸引力，对文化板块有正面影响。,正面
702,702,旅游景点,看涨,新闻中提到湖南张家界在免签新政下入境游热度大涨，这表明政策利好对旅游板块有正面影响，预计将吸引更多游客，从而推动相关股票上涨。,正面
703,703,旅游景点,看涨,新闻中提到张家界大峡谷景区去年接待入境游客50万人次，成为国际旅游'新宠'，这表明该景区的国际知名度和吸引力在增加，预计将吸引更多游客，对旅游板块和相关企业是正面影响。,正面
704,704,旅游景点,看涨,新闻内容涉及首届张家界新国潮艺术展的开展，展示了137件入围作品，这表明文化艺术活动在张家界地区得到了重视和发展，有利于提升当地文化产业的知名度和吸引力，从而带动相关板块的增长。,正面
705,705,旅游景点,看涨,新闻中提到张家界莓茶撬动了28亿元产业链，显示出该产业具有巨大的经济潜力和市场前景。此外，'一叶茶'变成'绿色银行'的描述表明该产业对当地经济和环境都有积极影响，预示着该板块有良好的增长潜力。,正面
706,706,旅游景点,看涨,新闻标题提到'立新规矩 创新成效'，表明张家界市在财政投资评审工作中采取了新的措施并取得了成效，这通常意味着该地区的财政投资环境正在改善，对相关板块是正面影响。,正面
707,707,旅游景点,看涨,新闻中提到张家界严查严处'温暖杀手'，为民'质'守暖冬，这表明政府正在采取积极措施解决公共安全问题，提高民众的生活质量，这通常会对相关板块产生正面影响。,正面
708,708,旅游景点,看涨,新闻内容展示了张家界雪后初晴的美景，包括雾凇和金色天际线等自然景观，这些内容能够吸引游客的兴趣，提升张家界作为旅游目的地的吸引力，从而可能增加游客数量，对旅游板块产生正面影响。,正面
709,709,旅游景点,看跌,该新闻主要报道了一起贩卖、运输毒品案件的判决结果，属于社会新闻范畴。新闻内容主要涉及法律判决，不直接关联股市或经济走势，因此对股市或经济走势的影响为中性。,负面
710,710,旅游景点,看涨,新闻内容展示了张家界市永定区妇保院在紧急情况下为保护母女平安所做出的努力和成功，体现了医疗机构的专业能力和对生命的尊重。这种正面新闻能够提升公众对医疗机构的信任度，对医疗健康板块产生积极影响。,正面
711,711,旅游景点,看涨,新闻标题提到'张家界-二次登天记'，张家界是中国著名的旅游景点，'二次登天记'可能指的是游客再次访问或新的旅游项目，这通常意味着旅游业的活跃和增长。因此，对旅游板块的走势持看涨态度。,正面
712,712,旅游景点,看涨,新闻标题提到张家界天门山又迎降雪，这通常会吸引更多游客前往观赏雪景，从而增加旅游板块的收入和关注度。,正面
713,713,旅游景点,看涨,新闻标题提到让张家界莓茶火在'云'上，暗示通过互联网等现代技术手段推广张家界莓茶，这有助于提升其知名度和销量。此外，两会期间的政策支持也可能对农业与食品板块产生积极影响。,正面
714,714,旅游景点,看涨,新闻中提到张家界入境旅游火爆，今年接待国际游客超180万，这表明旅游行业在该地区表现强劲，预计将带动相关股票上涨。,正面
715,715,旅游景点,看跌,张家界子公司因拖欠工程款导致部分银行账户被冻结，这一事件可能会影响公司的资金流动性和信誉，进而对公司的运营和股价产生负面影响。,负面
716,716,旅游景点,看涨,张家界举行特色美食文化节美食争霸赛等活动，这类活动通常能够吸引大量游客和美食爱好者，增加当地的旅游收入和餐饮业的营业额，从而对旅游与餐饮板块产生正面影响。,正面
717,717,旅游景点,看涨,韩国游客涌向张家界的新闻表明，单方面免签政策有效促进了韩国游客到张家界的旅游，这将直接增加张家界及周边地区的旅游收入，对旅游板块和相关企业（如酒店、交通、餐饮等）产生积极影响。,正面
718,718,旅游景点,看涨,新闻中提到韩国单方面免签政策实施一个月后，韩国游客数量显著增加，涌向张家界。这表明政策对旅游业的正面影响，预计将带动相关旅游板块的增长。,正面
719,719,旅游景点,看涨,该新闻涉及教育领域的公益活动，展示了张家界学院在爱心助学方面的积极行动，有助于提升学院的社会形象和声誉，从而可能吸引更多的学生和资源，对教育板块产生正面影响。,正面
720,720,旅游景点,看涨,新闻中提到韩国人对中国旅游的兴趣增加，特别是张家界成为热门目的地，这表明中国旅游市场对韩国游客的吸引力增强，预计将带动相关旅游板块的增长。,正面
721,721,旅游景点,看涨,新闻中提到'韩潮'和'张家界长满了韩国人'，表明韩国游客对中国旅游景点的兴趣增加，这可能会带动相关旅游板块的增长。,正面
722,722,旅游景点,看涨,新闻标题提到了张家界的索梯风景线，这是一个旅游相关的新闻，张家界作为著名的旅游景点，其相关新闻通常会吸引游客的关注，从而可能增加游客数量，对旅游板块产生正面影响。,正面
723,723,旅游景点,看涨,新闻标题提到张家界武陵源在初冬季节吸引了中外游人，表明该旅游景点在特定季节具有较高的吸引力，可能会带动相关旅游板块的增长。,正面
724,724,旅游景点,看涨,新闻标题和内容提到了张家界七星山的旅游体验，张家界作为中国著名的旅游景点，其相关新闻通常会吸引旅游爱好者的关注，从而可能增加该地区的旅游热度。此外，新闻标题中的'快意人生'传达了积极的旅游体验，有助于提升张家界的旅游形象，吸引更多游客。,正面
725,725,旅游景点,看涨,该新闻提到张家界永定区举办了一个关注百姓呼声、共筑E网情深的网民留言办理主题活动，这表明政府或相关机构正在积极倾听民众意见并采取措施改善服务，这通常会对社会服务板块产生正面影响，因此看涨。,正面
726,726,旅游景点,看涨,新闻中提到张家界吸引了大量韩国游客，特别是韩国青年热衷于周末来中国旅游，这表明中国旅游市场对韩国游客具有吸引力，且张艺兴的推广作用被文旅局认可，预计将进一步促进中韩旅游交流，对旅游板块产生正面影响。,正面
727,727,旅游景点,看涨,新闻中提到张家界吸引了大量韩国游客，特别是青年群体，他们热衷于周末来中国旅游以缓解工作压力。此外，文旅局发文致谢张艺兴，表明有名人效应加持，这有助于提升张家界的国际知名度和吸引力。免签政策的实施也降低了旅游门槛，预计将进一步促进旅游业的发展。,正面
728,728,旅游景点,看涨,新闻中提到一大波韩国游客准备来张家界跨年，且旅行社表示来张机票已售罄，这表明张家界作为旅游目的地的吸引力增强，预计将带动当地旅游相关行业的收入增长。,正面
729,729,旅游景点,看涨,新闻标题提到张家界成为'老外'诱捕器，并找到了'流量密码'，这表明张家界作为旅游目的地受到了国际游客的青睐，且通过某种方式成功吸引了大量关注和游客，这通常会导致旅游板块的股票看涨。,正面
730,730,旅游景点,看涨,,正面
731,731,旅游景点,看涨,新闻中提到俞发祥的祥源百龙天梯为张家界的现代化建设提供了有力支撑，这表明该项目对当地旅游业的发展有积极影响，可能会吸引更多游客，从而推动相关股票上涨。,正面
732,732,旅游景点,看涨,新闻中提到一大波韩国游客来张家界跨年，并且提到了免签政策促进了旅游热潮。这表明旅游需求增加，尤其是国际旅游，对旅游板块是一个积极的信号。,正面
733,733,造纸,看跌,新闻中提到晨鸣纸业部分生产基地临时停机检修，这可能导致生产受阻，影响公司短期内的产能和销售。同时，公司有18亿元债务逾期，这表明公司财务状况可能存在问题，增加了经营风险。这些因素都可能对公司的股价产生负面影响。,负面
734,734,造纸,看跌,新闻中提到晨鸣纸业陷入流动性危机，这表明公司可能面临资金短缺的问题，影响其正常运营和未来发展。流动性危机通常会导致投资者信心下降，股价承压。,负面
735,735,造纸,看跌,新闻中提到劲嘉股份因近5000万元债权逾期而起诉晨鸣纸业的子公司，这表明晨鸣纸业可能面临财务压力，进而影响其股价和市场表现。此外，此类法律纠纷可能会对公司的声誉造成负面影响，进一步影响投资者信心。,负面
736,736,造纸,看跌,新闻中提到晨鸣纸业在跨界发展多年后剥离资产，但仍债台高筑，且存在9亿元其他应收款单位控制权的疑云。这表明公司财务状况不佳，存在较大的财务风险，可能会影响公司的经营稳定性和未来发展。,负面
737,737,造纸,看跌,新闻中提到晨鸣纸业在跨界发展多年后剥离资产仍债台高筑，并且有9亿元的其他应收款单位控制权出现疑云，这表明公司财务状况不佳，存在较大的财务风险，可能影响公司的经营稳定性和未来发展。,负面
738,738,造纸,看涨,晨鸣纸业完成部分限制性股票回购注销，这通常意味着公司对自身未来发展持乐观态度，认为当前股价被低估，因此通过回购股票来减少市场上的流通股，从而提升每股收益和股价。此外，这也显示出公司有足够的现金流来进行回购，反映了公司良好的财务状况。,正面
739,739,建筑工程,看跌,新闻中提到山东路桥的新能源相关业务体量占比相对较小，这可能意味着该公司在新能源领域的投入和影响力有限，短期内难以对公司的整体业绩产生显著正面影响。,中性
740,740,建筑工程,看涨,山东路桥的子公司路桥集团公开挂牌增资扩股，这一行为通常意味着公司正在寻求扩大其业务规模或增强其资本实力。增资扩股可以为公司带来更多的资金，用于投资新项目或偿还债务，从而可能提高公司的盈利能力和市场竞争力。此外，基础设施建设板块通常受益于政府投资和政策支持，因此这一消息可能会被市场解读为积极信号。,正面
741,741,建筑工程,无,该新闻标题提到的是广发证券股份有限公司关于山东高速路桥集团股份有限公司2024年定期现场检查报告，这属于公司定期报告的范畴，通常这类报告不会直接导致股价的显著波动。因此，基于此新闻内容，无法明确判断其对股价的直接影响，故评估为中性。,中性
742,742,百货,看涨,武商集团与王府井的合作，特别是在武汉市内免税店的投资合作协议，预示着双方将共同开发免税市场，这一合作有望扩大双方的业务范围，增加收入来源。免税店业务通常具有较高的利润率，且随着中国消费者购买力的增强，免税商品需求持续增长。因此，这一合作对双方都是积极的，预计将推动股价上涨。,正面
743,743,百货,看涨,多家机构调研通常意味着对该公司的关注度增加，可能预示着公司未来有积极的发展或业绩改善，从而吸引投资者的兴趣，推动股价上涨。,正面
744,744,百货,无,该公告主要涉及股东权益变动，未直接提及公司业绩或市场前景的具体变化，因此对股价的影响较为中性。,中性
745,745,百货,看涨,武商集团与王府井的合作，投资运营武汉市内免税店项目，这一合作预计将增强武商集团在零售市场的竞争力，尤其是在免税商品领域。免税店项目通常能够吸引大量消费者，增加销售额和利润。此外，王府井作为中国知名的零售品牌，其参与也将为项目带来品牌效应和运营经验，有助于项目的成功。因此，这一新闻对武商集团的股价走势有正面影响。,正面
746,746,软件服务,中性,该新闻内容为关于国新健康召开2024年第二次临时股东大会的提示性公告，属于公司内部事务的公告，不直接反映公司业务或财务状况的变化，因此对股价走势的影响为中性。,中性
747,747,化学制药,看涨,丽珠集团通过不断拓展产品管线与深度，结合BD（业务发展）与自主研发的策略，展现了其作为老牌药企在创新方面的硬核实力。这种策略有助于公司在新药研发和市场拓展方面取得突破，从而推动公司业绩增长。,正面
748,748,医疗保健,看涨,新闻标题中提到国际医学是A股独此一家的大三甲连锁医疗龙头，这表明该公司在医疗健康领域具有独特的市场地位和竞争优势。此外，将其与迈瑞医疗相提并论，迈瑞医疗作为医疗设备行业的领军企业，其股价表现一直较为强劲，这暗示国际医学可能具有相似的成长潜力和市场表现。因此，基于其在行业内的地位和潜在的增长前景，预计该股票走势看涨。,正面
749,749,医疗保健,看涨,黎京雄院长在美沃斯国际医学美容大会上的精彩亮相，表明其在医疗美容领域的专业性和影响力，有助于提升其所在机构或品牌的知名度和信誉，从而可能吸引更多客户和投资，推动板块内相关股票或企业的股价上涨。,正面
750,750,医疗保健,看涨,新闻标题提到'业务经营持续改善'，表明公司经营状况正在好转，且'综合医院稀缺标的获众多机构关注'，说明该股票受到机构投资者的青睐，这些都是股价可能上涨的信号。,正面
751,751,生物制药,看跌,新闻中提到2.86亿股股份流拍，这表明市场对该公司的股份需求不高，可能反映出投资者对四环生物未来发展的担忧。此外，控制权仍存变数，增加了公司未来发展方向的不确定性，这些因素可能导致股价下跌。,负面
752,752,生物制药,看跌,实控人股权流拍通常意味着市场对该公司的未来持悲观态度，可能导致投资者信心下降，进而影响公司股价。四环生物作为生物科技板块的公司，其股价可能会受到此事件的影响而下跌。,负面
753,753,生物制药,看跌,实控人股权流拍通常意味着市场对该公司的信心不足，可能导致股价下跌。四环生物作为生物科技板块的公司，此事件可能影响其融资能力和未来发展，因此看跌。,负面
754,754,生物制药,看跌,新闻中提到80岁陆克平痛失四环生物，这表明四环生物的控制权发生了变动，通常这种高层变动会给公司带来不确定性，影响投资者信心。此外，提到'接盘侠'邱为碧浮出水面，这可能意味着公司未来方向或管理策略将有所改变，增加了公司运营的不确定性。,负面
755,755,生物制药,看跌,新闻中提到四环生物2.86亿股法拍底价成交，以及'阳光系'资本局走向终结，这表明公司面临财务困境，股东结构发生重大变动，通常这类消息会对公司股价产生负面影响。,负面
756,756,家用电器,看涨,苏宁易购与长虹美菱召开全国动员会，显示出两家公司对于即将到来的销售季节（如春节）有积极的准备和预期。这种合作通常意味着双方都有信心通过联合行动来提升销售业绩，从而对相关股票产生正面影响。,正面
757,757,家用电器,看涨,长虹美菱计划利用自有闲置资金不超过63.5亿元投资理财产品，这一行为表明公司现金流充裕，且寻求通过理财增加额外收益，这通常被视为对公司财务状况的积极信号，可能提升投资者信心，从而对股价产生正面影响。,正面
758,758,家用电器,看涨,长虹美菱获得国家级荣誉，表明其在智能制造领域的成就得到了国家层面的认可，这通常会对公司的品牌形象和市场竞争力产生积极影响，从而可能推动股价上涨。,正面
759,759,家用电器,看涨,长虹美菱获得国家级荣誉，表明其在智能制造领域的成就得到了国家层面的认可，这通常会对公司的品牌形象和市场地位产生积极影响，从而可能推动股价上涨。,正面
760,760,家用电器,看涨,长虹美菱日电科技有限公司招聘电商运营等岗位，表明公司正在扩大其电商业务，这可能意味着公司对未来电商市场的发展持乐观态度，并计划通过增加人力资源来加强其市场竞争力。这种扩张通常被视为公司增长和潜在收入增加的积极信号。,正面
761,761,家用电器,看涨,新闻中提到长虹美菱科技新品在家博会上亮相，这表明公司正在积极推动产品创新和市场扩展，有助于提升品牌影响力和市场份额，从而可能带动股价上涨。,正面
762,762,家用电器,看涨,新闻中提到长虹美菱科技新品在家博会上亮相，这表明公司正在积极推出新产品，以加速培育新质生产力。新产品的推出通常能够吸引消费者的注意，增加公司的市场份额，从而对公司的股价产生积极影响。,正面
763,763,家用电器,看涨,新闻中提到长虹美菱与苏宁易购合作打响年货节第一枪，这表明两家公司正在积极推动销售，预计将带动家电板块的销售增长。,正面
764,764,家用电器,看涨,新闻中提到长虹美菱与苏宁易购合作打响年货节第一枪，这表明两家公司正在积极推动销售，预计将带动消费电子板块的销售增长。,正面
765,765,家用电器,看涨,长虹美菱上榜2024双百强企业，表明该公司在家电行业的竞争力和市场地位得到了认可，这通常会对公司的股价产生积极影响。,正面
766,766,家用电器,看涨,新闻标题提到长虹美菱与滑雪世界杯的关联，暗示公司可能通过体育营销提升品牌影响力，进而可能带动产品销售。此外，冰雪运动近年来在中国逐渐受到重视，相关家电产品如冰箱、空调等可能会有较好的市场表现。,正面
767,767,家用电器,看涨,新闻标题提到长虹美菱与滑雪世界杯的关联，暗示了公司可能通过体育营销提升品牌影响力和市场认知度，从而可能带动产品销售。此外，冰雪运动在中国逐渐受到重视，相关家电产品如冰箱、空调等可能会有增长需求。,正面
768,768,家用电器,看涨,新闻标题提到长虹美菱与滑雪世界杯的关联，暗示了品牌通过体育赛事进行营销推广，这通常能够提升品牌知名度和消费者好感度，从而可能带动销售增长。,正面
769,769,家用电器,看涨,长虹美菱设立专项奖学金助力复旦大学科研，这表明企业对教育和科研的重视，有助于提升企业的社会形象和品牌价值，同时也可能促进企业与高校之间的合作，推动科技创新，从而对企业的长期发展产生积极影响。,正面
770,770,家用电器,看涨,长虹美菱设立专项奖学金助力复旦大学科研，这一行为不仅展示了企业对教育和科研的支持，也可能提升企业品牌形象，增强公众对企业的好感度，从而对企业的股价产生正面影响。,正面
771,771,家用电器,无,该新闻为长虹美菱公司关于召开2024年第三次临时股东大会的提示性公告，属于公司内部管理事项，不直接涉及公司业绩变动或市场动态，因此对股价影响为中性。,中性
772,772,家用电器,看涨,新闻标题提到'以旧换新激活消费新活力'，这表明通过以旧换新政策，消费电子行业将迎来新的增长点。同时，'长虹美菱塑造增长新动能'进一步强调了企业通过创新和策略调整，为自身及行业带来新的增长动力。,正面
773,773,农药化肥,看涨,公司控股股东、实际控制人变更通常意味着公司治理结构的优化或战略方向的调整，这可能会带来新的发展机遇和增长动力，从而对股价产生正面影响。,正面
774,774,农药化肥,中性,新闻内容主要涉及公司高级管理人员的聘任审查意见，这属于公司内部治理的常规事项，不直接关联到公司的业务发展或市场表现，因此对股价的直接影响有限。,中性
775,775,农药化肥,看涨,ST红太阳完成了董事会、监事会的换届选举及高级管理人员的聘任，这表明公司治理结构得到了更新和加强，有助于提升公司管理效率和决策质量，从而可能对公司未来发展产生积极影响。,正面
776,776,农药化肥,中性,该新闻内容涉及的是南京红太阳股份有限公司2024年第二次临时股东大会的法律意见书，主要关注的是法律合规性，不直接涉及公司经营状况或市场表现，因此对股价走势的影响为中性。,中性
777,777,农药化肥,看涨,新闻内容主要涉及公司内部人事变动，即聘任新的财务总监，这种变动通常不会直接影响公司的基本面和股价短期走势。因此，对股价的影响较为中性。,中性
778,778,农药化肥,看涨,新闻中提到ST红太阳的股票交易出现异常波动，但生产经营情况正常。这表明公司基本面未发生重大变化，异常波动可能是市场情绪或短期资金流动所致。对于投资者而言，公司生产经营正常是一个积极的信号，可能吸引更多关注和投资，从而推动股价上涨。,中性
779,779,文教休闲,看跌,紫光集团管理人拟协议转让5%公司股份，这一行为可能表明紫光集团对学大教育的未来持悲观态度，或者紫光集团自身面临资金压力需要减持股份。这种大股东的减持行为通常会对市场信心产生负面影响，导致股价下跌。,负面
780,780,文教休闲,看涨,学大教育与日本名校合作，共育国际化职教人才，显示出教育行业国际化的趋势和学大教育在职业教育领域的积极布局，有利于提升其品牌影响力和市场份额。,正面
781,781,文教休闲,看涨,新闻中提到学大教育创始人金鑫出席关于职业教育的圆桌会，这表明教育行业，特别是职业教育领域，正在受到重视并可能得到进一步的发展。此外，科技引领的提及暗示了教育行业可能会通过技术创新获得增长动力。,正面
782,782,文教休闲,看涨,学大教育荣获百度多项大奖，显示出其在行业内的领先地位和创新能力，这通常预示着公司未来的发展前景良好，可能会吸引更多投资者关注，从而推动股价上涨。,正面
783,783,文教休闲,看涨,学大教育联合多方共建广安低空经济人才培养新高地，显示了教育行业与新兴经济领域的深度融合，预示着教育行业在低空经济等新兴领域的发展潜力，有利于提升学大教育的品牌影响力和市场份额。,正面
784,784,文教休闲,看涨,学大教育与紫光股份的合作，标志着教育行业与高科技产业的深度融合，这种合作有助于推动教育技术的创新和教学模式的变革，从而提升教育服务的质量和效率。紫光股份作为国内领先的IT解决方案提供商，其技术实力和市场影响力将为学大教育带来更多的资源和支持，有助于学大教育在竞争激烈的教育市场中占据更有利的位置。,正面
785,785,文教休闲,看涨,学大教育在三季度实现了6.27亿元的营收和1418.58万元的净利润，这是其连续第八个季度实现盈利。这表明公司经营状况良好，盈利能力持续增强，对投资者而言是一个积极的信号。,正面
786,786,文教休闲,看涨,学大教育荣获新华网教育论坛多个奖项，这表明其在教育行业的创新和发展得到了认可，可能会吸引更多的投资者关注和投资，从而推动股价上涨。,正面
787,787,文教休闲,看涨,国金证券给予学大教育增持评级，并设定了51.13元的目标价位，这表明分析师对学大教育的未来表现持乐观态度，认为其股价有上涨空间。,正面
788,788,工程机械,看涨,柳工七识科技与北部湾产权交易所签署战略框架合作协议，这种强强联合通常意味着资源共享、技术互补和市场扩展，有助于提升企业的竞争力和市场份额，从而对股价产生积极影响。,正面
789,789,工程机械,看涨,新闻标题提到'用党员担当延伸柳工科技创新之路'，表明柳工在科技创新方面有积极的进展和投入，这通常会对公司的未来发展产生正面影响，从而可能推动股价上涨。,正面
790,790,工程机械,看涨,新闻中提到由柳工牵头组建的广西高端工程装备实验室入选自治区实验室，这表明柳工在工程机械领域的技术研发和创新能力得到了官方认可，有助于提升公司的品牌影响力和市场竞争力，从而可能带动股价上涨。,正面
791,791,工程机械,看涨,柳工荣登工信部《机电产品再制造行业规范企业名单》表明该公司在机电产品再制造领域得到了官方的认可和鼓励，这通常意味着公司在该领域具有较强的竞争力和发展潜力，可能会吸引更多的投资者关注和投资，从而推动股价上涨。,正面
792,792,工程机械,看涨,新闻中提到柳工科技创新助力广西做好强产业文章，表明柳工在科技创新方面取得了进展，这将有助于提升企业的竞争力和市场份额，从而对工程机械板块产生积极影响。,正面
793,793,工程机械,看涨,柳工6款产品入选《低噪声施工设备指导名录（2024年版）》表明该公司在环保和低噪声技术方面具有竞争力，这可能会提升其品牌形象和市场竞争力，从而对股价产生正面影响。,正面
794,794,工程机械,看涨,柳工东部研发制造基地成立15周年大会的举行，展示了企业的持续发展和创新能力，这通常预示着企业未来的增长潜力和市场竞争力增强。此外，新闻标题中的'延伸人类力量 共绘美好未来'传达了积极向上的企业愿景，有助于提升品牌形象和市场信心。,正面
795,795,工程机械,看涨,新闻中提到柳工公司近几月的装载机销售情况优于行业，这表明公司在机械设备板块中的表现优于同行，可能预示着公司未来的业绩增长和市场占有率的提升。,正面
796,796,工程机械,看涨,新闻标题提到'智慧·绿色·延伸人类力量'，这表明柳工正在推动技术创新和绿色发展，这些因素通常被视为公司未来增长的积极信号。此外，举办首届生态大会显示了公司对可持续发展的承诺，这可能会提升公司的品牌形象和市场竞争力。,正面
797,797,机械基件,看涨,冰山冷热完成出售所持国泰君安全部股份，预计对公司2024年度净利润贡献约5138万元，这一行为可能会增加公司的现金流，提高公司的财务健康状况，从而对股价产生正面影响。,正面
798,798,机械基件,看涨,冰山冷热发布的2024年度以简易程序向特定对象发行A股股票预案，通常表明公司有扩大生产或进行重大投资的计划，这可能会增强公司的市场竞争力和盈利能力，从而对股价产生正面影响。,正面
799,799,机械基件,看涨,新闻中提到冰山冷热公司计划通过简易程序向特定对象发行A股股票募集资金，这通常意味着公司有扩张或投资新项目的计划，可能会带来公司业绩的增长。此外，使用简易程序可能表明公司对项目的信心以及监管机构的支持，这些都是积极的信号。,正面
800,800,机械基件,看跌,新闻标题中提到的'风险'和'摊薄即期回报的风险提示'表明公司通过发行A股股票可能会对现有股东的权益产生负面影响，导致每股收益下降，从而可能对股价产生压力。,负面
801,801,机械基件,看涨,新闻中提到冰山冷热公司监事会关于以简易程序向特定对象发行A股股票的书面审核意见，这表明公司可能正在进行资本运作，以支持其业务扩展或技术升级，这通常被视为积极信号，可能对股价产生正面影响。,正面
802,802,机械基件,看涨,冰山冷热发布的2024年度以简易程序向特定对象发行A股股票方案论证分析报告，显示了公司对未来发展的信心和扩张计划。这种资本运作通常被市场解读为公司有良好的发展前景和增长潜力，从而可能吸引更多投资者的关注和资金流入，推动股价上涨。,正面
803,803,机械基件,看跌,新闻中提到冰山冷热拟定增募资不超1.96亿元，同时公司股价跌逾4%。定增募资通常会导致现有股东的股权被稀释，这可能会对股价产生负面影响。此外，股价的下跌也反映了市场对公司此次募资行为的负面反应。,负面
804,804,机械基件,看跌,新闻中提到冰山冷热拟定增募不超1.96亿元，同时股价跌6.85%，这表明市场对该公司的增发计划反应消极，导致股价下跌。,负面
805,805,火力发电,看涨,穗恒运A作为电力行业的公司，近期可能有积极的业务发展或政策支持，导致市场对其未来表现持乐观态度。,正面
